Customer Id,total_orders,total_quantity,total_sales,cluster
1,1,5,499.9500122,1
2,4,19,1819.73003386,2
3,5,33,3537.68009381,2
4,4,34,1719.63002967,2
5,3,18,1274.75002288,2
6,4,47,3259.51002486,2
7,7,47,5569.48010644,0
8,8,55,3763.5000419,0
9,5,28,3229.68005555,2
10,2,27,1264.79001226,2
11,4,34,2429.6500397600003,2
12,8,61,6009.3501015,0
13,4,33,3185.62006955,2
14,7,25,2414.72003184,2
15,1,3,239.98000718,1
16,6,28,2349.77002714,2
17,5,31,4259.6601105,2
18,6,32,3519.6000672,2
19,8,52,4355.62007918,0
20,4,23,1589.77005,2
21,4,38,2836.69007108,2
22,5,35,2744.6800461,2
23,6,51,4141.38005816,0
24,4,37,2769.47002792,2
25,2,8,929.8700104,1
26,5,19,3209.80008706,2
27,4,32,2065.66000368,2
28,4,20,2159.76002128,2
29,2,13,1329.8700409,1
30,2,16,1105.89002425,1
31,6,56,3774.55005634,0
32,5,39,3409.51004217,2
33,2,12,1229.87003708,1
34,7,29,2989.68006526,2
35,4,23,2313.82004548,2
36,2,9,1389.8800507,1
37,3,20,1329.76002124,2
38,6,32,2649.74005516,2
39,5,34,2934.70006185,2
40,7,38,5253.62011732,0
41,4,24,2931.65006833,2
42,7,32,3289.6600418,0
43,2,13,1159.8300247,1
44,6,27,2989.740078,2
45,5,29,3329.7400742,2
46,5,41,3887.62009048,0
47,1,9,679.9600067,1
48,4,39,3509.6200561,2
49,3,15,1359.78001404,2
50,4,26,2009.65002061,2
51,7,49,4513.43006532,0
52,4,23,2119.77005,2
53,6,42,4689.48011408,0
54,5,33,3109.68006908,2
55,6,50,4763.4000778399995,0
56,5,30,2529.7000656,2
57,5,25,2159.70003898,2
58,8,69,6615.16012588,0
59,6,21,1869.75003816,2
60,3,29,1859.57000352,2
61,3,27,1714.7500457800002,2
62,4,13,1749.83004386,2
63,4,22,1829.79003904,2
64,3,15,1404.8700409,2
65,6,35,3975.62008294,0
66,5,35,3809.54009254,2
67,2,17,1887.7700501,2
68,3,22,1609.79002758,2
69,5,22,1651.8100358,2
70,5,46,3309.49005496,2
71,7,44,2987.73005297,0
72,6,39,5274.53013244,0
73,4,30,2719.730053,2
74,5,41,3349.56004332,2
75,4,19,2549.77004248,2
76,5,42,3329.65005492,2
77,7,34,3142.72007947,0
78,1,4,309.9600067,1
79,5,37,3674.6800881199997,2
80,4,20,2259.7800408,2
81,1,2,431.97001077,1
82,4,29,2674.54004105,2
83,4,40,2879.60004225,2
84,4,26,2929.74006276,2
85,4,24,1929.70002758,2
86,5,17,1469.87001414,2
87,3,21,2474.69005972,2
88,5,28,2499.68004992,2
89,4,18,1299.76001356,2
90,5,38,3094.81006628,2
91,4,36,3343.7300643999997,2
92,6,38,2787.5500222,2
93,5,15,2069.84006124,2
94,5,29,2789.59005734,2
95,7,38,3282.63007923,0
96,4,26,2789.72006998,2
97,4,18,2514.80005276,2
98,7,61,4379.48007564,0
99,6,34,2839.70006566,2
100,6,45,4104.57009122,0
101,4,15,2079.79004668,2
102,4,39,3319.59004208,2
103,4,27,3179.71007164,2
104,1,2,599.960022,1
105,4,11,1379.92003636,2
106,3,22,1409.8400268,2
107,4,24,2009.63005824,2
108,5,23,2289.70005028,2
109,7,55,4259.6100769,0
110,3,26,2639.7000427,2
111,3,16,1639.78003314,2
112,7,31,3184.68007287,2
113,5,21,1658.75003056,2
114,4,28,2904.73007013,2
115,1,6,1079.9200286999999,1
116,2,7,324.9499969,1
117,2,11,429.90000918,1
118,5,41,2699.51001742,2
119,7,32,3439.7400743,0
120,4,29,2079.58004768,2
121,2,10,809.85001758,1
122,5,21,1996.75004966,2
123,8,55,6389.32015618,0
124,5,29,3399.74007046,2
125,6,32,2056.6200142,2
126,6,35,2569.7100373,2
127,3,22,1459.73002626,2
128,2,6,449.88999939999997,1
129,3,31,2877.72005088,2
130,2,8,779.95001608,1
131,3,29,1623.71000662,2
132,2,13,1479.82004164,1
133,4,24,1759.72002024,2
134,5,27,2625.66003231,2
135,1,1,299.980011,1
136,3,17,1614.83002275,2
137,6,31,2849.62005624,2
138,5,22,2419.80005648,2
139,6,32,3589.59008418,2
140,6,42,4699.43013776,0
141,7,37,3979.59008422,0
142,5,50,5625.47013107,0
143,1,6,749.8900146999999,1
144,2,7,979.9500275,1
145,5,32,2445.6600342,2
146,7,30,2329.64003374,2
147,1,5,249.8999939,1
148,3,20,2009.7300415,2
149,4,31,3249.73007584,2
150,5,28,2629.77006916,2
151,4,21,2525.79004676,2
152,3,24,1709.710022,2
153,2,9,1269.90002068,1
154,8,71,6889.3601723,0
155,4,31,2389.73001866,2
156,3,13,1939.7900390999998,2
157,3,22,2206.83004002,2
158,1,13,729.9000091,1
159,3,16,1289.880010551,2
160,4,20,2139.8200493,2
161,5,36,2569.7000426600002,2
162,2,21,1619.79004477,2
163,2,10,889.8400116,1
164,4,22,2594.69004452,2
165,5,40,4089.54009637,0
166,2,12,864.91001508,1
167,1,2,329.980011,1
168,7,36,3229.7100602,0
169,3,13,2809.85007486,2
170,4,23,1974.7900467,2
171,3,16,1329.8400231,2
172,8,86,6591.23010634,0
173,8,66,5779.3301067699995,0
174,9,49,5154.40013506,0
175,6,41,4444.57010656,0
176,3,42,2379.59001906,2
177,1,2,599.9700164999999,1
179,3,18,1919.85004426,2
180,4,38,3119.54002772,2
181,6,48,3536.44005775,0
182,5,48,3608.58004368,0
183,1,13,689.8700065400001,1
184,5,30,2319.72003938,2
185,4,29,1739.7600288400001,2
186,2,13,1329.91003422,1
187,6,54,4629.49011992,0
188,6,33,2709.64002996,2
189,2,23,1909.8200378000001,2
190,5,50,3863.51008234,0
191,8,42,3389.62008664,0
192,7,57,4994.43006335,0
193,2,13,819.87001034,1
194,7,71,5851.28008083,0
195,2,12,1335.8200226,1
196,4,40,3204.42003067,2
197,9,62,6423.33013544,0
198,6,24,2464.67003632,2
199,6,37,3624.45008088,0
200,2,21,1363.74998864,1
201,2,4,169.9700012,1
202,4,32,1885.71003342,2
203,6,42,4419.66009154,0
204,4,29,2006.7700156199999,2
205,5,39,3984.53007325,0
206,7,32,3599.6500740399997,0
207,7,62,4533.50005342,0
208,2,12,1404.90003208,1
209,5,40,3199.52005388,2
210,7,49,3413.55005437,0
211,3,15,1419.78001022,2
212,3,13,1099.93002131,1
213,5,36,3219.59006116,2
214,7,41,3512.59007456,0
215,6,31,3618.65009698,2
216,3,28,2409.71004878,2
217,4,31,2540.74007613,2
218,4,26,2549.8600541,2
220,2,13,1349.81003948,1
221,13,88,6378.47006984,0
222,8,39,4294.69009223,0
223,5,42,3583.56009298,2
224,7,43,4341.59008617,0
225,5,45,3577.63008882,0
226,5,31,2199.75002674,2
227,3,15,1509.87004474,2
228,5,33,4099.72008898,2
229,6,37,3419.5800743199998,2
230,7,52,6648.4201624,0
231,4,24,1859.78003314,2
232,4,33,2519.85004808,2
233,5,25,3989.67007844,2
234,3,23,2024.7700385599999,2
235,4,40,2847.59006118,2
236,4,38,3779.6400833,2
237,2,9,969.9100266,1
238,7,76,5756.34009368,0
239,4,14,1539.85004428,2
240,3,10,991.8700295199999,1
241,7,58,5352.38008126,0
242,7,31,5009.63013468,0
243,4,30,2549.61004262,2
244,4,39,2804.64004516,2
245,6,56,5202.36010179,0
246,3,15,1719.82004554,2
247,6,43,4834.49010468,0
248,6,33,3039.57005326,2
249,3,24,2069.7300262,2
250,3,18,1619.83003616,2
251,5,19,1601.9200135,2
252,5,41,4694.64012731,0
253,1,6,309.88999558,1
254,8,45,4939.4401398,0
255,5,49,3355.63003541,0
256,10,58,4169.48007202,0
257,6,42,3809.46007168,0
258,6,48,3409.6101036,0
259,7,52,4617.5700875,0
260,5,23,3029.7900849,2
261,3,21,1799.8600311,2
262,5,21,2209.82006092,2
263,1,6,687.9700164999999,1
264,4,23,2089.78005598,2
265,4,8,1529.88004694,2
266,6,35,2854.62005228,2
267,4,16,1479.83002858,2
268,4,13,1881.85003863,2
269,2,9,1479.8300324,1
270,5,29,4069.59010326,2
271,4,29,2929.6100654399997,2
272,10,46,4449.5900936709995,0
273,4,20,2269.76005556,2
274,4,19,1619.88002396,2
275,6,24,3649.7601014,2
276,6,37,3297.5500756399997,2
277,5,30,3447.70008858,2
278,1,6,759.93001178,1
279,4,17,1434.91002658,2
280,4,37,2839.64003763,2
281,4,14,1549.76003648,2
282,6,20,1689.77003488,2
283,4,50,3679.70005412,0
284,5,32,2654.6300354,2
285,8,40,4459.57011424,0
286,5,42,4119.44009786,0
287,5,23,3059.67007446,2
288,6,40,3454.59003836,0
289,6,41,4066.54008114,0
290,8,48,4684.43011303,0
291,5,36,6029.4801483,0
292,1,11,1164.88003158,1
293,5,20,2469.72006222,2
294,3,18,2439.7500611,2
295,3,10,1489.8700523799998,1
296,7,47,4559.4000740599995,0
297,6,43,3169.57007978,0
298,2,11,1089.88003542,1
299,2,10,1039.86001966,1
300,6,38,3638.46009456,0
301,3,18,1139.8700104,2
302,1,4,199.9199982,1
303,3,30,2879.61006156,2
304,2,16,1469.8000336,1
305,5,24,3289.7700845,2
306,4,19,2165.70003134,2
307,2,19,1261.79000856,1
308,7,50,4759.44007892,0
309,3,15,1559.8300437799999,2
310,3,19,1639.76003272,2
311,5,26,3314.80007176,2
312,5,30,3106.71006024,2
313,3,23,1868.80003734,2
314,6,42,3909.5600587,0
315,5,32,3304.55003356,2
316,5,27,2549.66006293,2
317,4,30,3369.61005408,2
318,4,38,3464.6600952,2
319,5,39,3409.6400680799998,2
320,4,31,1966.74003791,2
321,9,43,4397.46010222,0
322,2,6,669.93001938,1
323,4,22,1413.77003488,2
324,4,31,3284.7200776,2
325,3,16,1999.7800446,2
326,9,41,4939.49012396,0
327,5,46,3599.4700547,0
328,6,34,4517.5600950299995,0
329,8,60,4793.41009146,0
330,4,27,2309.78003705,2
331,5,37,3439.5400773,2
332,4,23,2189.6300468199997,2
333,5,19,2439.72003554,2
334,6,31,2014.71002957,2
335,10,50,5624.3401144399995,0
336,5,36,2989.70005991,2
337,4,22,2089.79006202,2
338,4,26,1909.790062,2
340,3,14,899.7900161800001,1
341,9,92,7516.0201378599995,0
342,6,44,4329.50010692,0
343,5,45,3654.66008374,0
344,3,22,2229.7400398199998,2
345,6,35,2989.68007663,2
346,3,19,1429.81002046,2
347,4,30,2347.63004877,2
348,3,34,2294.63001634,2
349,5,28,2609.630043,2
350,3,31,1759.69000252,2
351,7,46,4319.49008564,0
352,7,27,2266.73006824,2
353,5,18,3019.78006758,2
354,10,62,4693.51008232,0
355,3,26,1859.8200378,2
356,8,44,3159.44001398,0
357,6,30,2425.72007569,2
358,4,27,2699.75007248,2
359,5,39,4269.55008704,0
361,6,25,2279.8100434,2
362,1,5,1079.92003254,1
363,6,41,3364.55004876,0
364,9,57,5304.4001292699995,0
365,2,12,1179.86002348,1
366,4,37,3339.58006274,2
367,3,14,1179.7800293,1
368,5,40,4094.5601121,0
369,5,36,3339.71007938,2
370,6,25,2569.70004272,2
371,6,42,4919.7300415,0
372,2,16,1609.83000948,1
373,7,51,5257.54010778,0
374,5,34,3354.62007132,2
375,4,37,2390.65002822,2
376,7,52,4887.3801002,0
377,7,45,4473.44009024,0
378,4,27,2829.72007756,2
379,5,34,3209.59005368,2
380,5,24,1943.71003531,2
381,4,16,2529.74005902,2
382,5,30,4139.63999928,2
383,7,50,4739.51010914,0
384,5,39,3644.74007804,2
385,3,12,1229.8200379,1
386,2,17,1077.84002311,1
387,6,50,3369.34006877,0
388,7,43,5309.49014664,0
389,3,16,1129.78001784,2
390,4,35,3344.73005676,2
391,6,54,3302.67004396,0
392,4,15,1839.8100471399998,2
393,4,22,1639.79002386,2
394,6,51,4205.38003544,0
395,2,5,349.95000456,1
396,6,54,5049.26008986,0
397,4,30,2284.73004149,2
398,5,31,2499.8500215,2
399,2,11,979.8700104,1
400,5,34,3246.68006703,2
401,2,5,579.9500198999999,1
402,2,14,1469.79002764,1
403,4,17,1979.8000374,2
404,5,35,2198.66004562,2
405,3,22,1619.67000204,2
406,5,30,2309.73003388,2
407,4,41,3349.6200601,2
408,7,53,5039.53008277,0
409,6,44,2489.5800171700002,2
410,6,53,4220.39007556,0
411,4,35,3239.60005194,2
412,3,21,1740.77002143,2
413,1,7,669.9200134,1
415,4,33,3081.73004916,2
416,4,32,2729.7600555999998,2
417,2,10,859.90002251,1
418,3,20,1519.7800331600001,2
419,6,33,2463.61005024,2
420,6,35,3779.7200777,0
421,3,24,1627.75003052,2
422,3,22,2489.78005984,2
423,2,24,1299.8100127,2
424,6,49,3789.49009336,0
425,6,46,3017.630043,0
426,4,25,1999.79999918,2
427,3,30,2829.61006938,2
428,4,23,2421.75005718,2
429,4,37,2426.7100181,2
430,9,56,4444.45008655,0
431,3,16,1034.89002992,1
432,3,16,1379.8000336,2
433,7,55,5161.30004127,0
434,7,49,4926.4400864,0
435,6,34,3969.62008676,0
436,5,52,4819.57008744,0
437,10,69,6750.27016472,0
438,4,37,3309.600071,2
439,7,43,4534.6600954,0
440,6,33,4404.59008985,0
441,4,29,3394.74000542,2
442,8,54,4039.51005935,0
443,7,45,3847.6100732,0
444,6,40,3559.50009918,0
445,5,34,3934.7400818,2
446,4,21,1999.72003554,2
447,4,38,2905.6300354,2
448,3,7,509.84000777999995,1
449,3,29,1923.84001928,2
450,11,74,7331.09010702,0
451,2,20,1699.8400154400001,2
452,6,62,4663.3600693,0
453,5,37,3024.67002863,2
454,7,30,2594.8400421799997,2
455,7,50,5169.39013485,0
456,3,11,1039.87001044,1
457,6,31,3255.6900444,2
458,5,35,3099.62006573,2
459,3,15,1249.8900299,2
460,4,27,2343.70003138,2
461,4,29,1914.76002508,2
462,3,19,2039.78005224,2
463,5,36,3167.61005028,2
464,5,31,2095.7300187,2
465,8,59,5349.3600847,0
466,1,6,869.93002704,1
467,10,66,6992.30015566,0
468,8,59,7211.27018358,0
470,3,13,929.86999894,1
471,5,24,2789.74005514,2
472,5,23,2829.77006156,2
473,4,36,3558.70004664,2
474,6,35,2590.64003943,2
475,6,28,2195.72004328,2
476,2,11,1669.8600464,1
477,6,24,2729.74006658,2
478,5,46,3694.5700761,0
479,2,22,1549.72997296,2
480,2,8,1359.91003804,1
481,6,35,3987.6300775,0
482,11,76,6689.26013562,0
483,8,69,5256.39008525,0
484,3,16,1899.80002598,2
485,1,3,799.960022,1
486,7,44,3304.53004448,0
487,7,44,3683.4900894,0
488,6,42,2065.68000402,2
489,5,25,2279.73005294,2
490,5,55,3579.5600585,0
491,3,14,1919.84003456,2
492,5,24,2519.74005506,2
493,1,9,649.909996,1
494,7,41,4109.50008006,0
495,5,34,2929.67007452,2
496,5,24,2917.7600708,2
497,7,24,2589.70006188,2
498,3,34,2379.55002206,2
499,4,36,2257.62003324,2
500,4,29,1644.63002012,2
501,3,16,1679.77004248,2
502,9,68,5269.29006954,0
503,4,29,3049.66005708,2
504,4,32,2309.6900483,2
505,5,31,3329.70008468,2
506,3,19,1439.76001748,2
507,4,24,2229.77004622,2
508,4,30,2569.6400491599998,2
509,4,24,2349.68004998,2
510,5,22,3871.71010415,2
511,5,25,3495.730095,2
512,7,37,4504.55008901,0
513,1,12,893.90001678,1
514,7,54,4727.37010188,0
515,5,29,2699.71006207,2
516,4,21,2329.85004621,2
517,7,49,3947.46007918,0
518,6,45,3024.57003585,0
519,1,7,329.98000336,1
520,3,21,1529.82001309,2
521,5,21,3609.7700959,2
522,2,8,1099.9500275,1
523,4,27,2469.54003146,2
524,3,31,2169.78002168,2
525,5,29,2939.7100754,2
526,2,31,1779.72002014,2
527,3,25,2371.7000275,2
528,5,29,3377.610077,2
529,5,33,2759.72004318,2
530,2,4,729.95001222,1
531,7,55,4759.56004726,0
532,6,41,3425.66008766,0
533,3,28,3669.60008624,2
534,7,64,4249.37004076,0
535,4,18,2389.77006544,2
536,2,13,1209.85002898,1
537,5,27,2959.70006178,2
538,5,40,4569.48004928,0
539,7,33,3589.6900484,0
540,2,19,1459.80001062,1
541,4,22,1759.79005048,2
542,9,61,5935.44011318,0
543,4,35,3759.6200333,2
544,4,34,2639.6000443,2
545,3,13,1309.8600311,1
546,3,30,1579.70001598,2
547,3,30,2561.5400352,2
548,8,56,5458.3401185,0
549,5,29,3779.70008104,2
550,8,30,3869.60009776,0
551,6,44,4229.53010554,0
552,6,52,4224.50010117,0
553,7,35,3659.56007014,0
554,6,25,3009.74007802,2
555,4,27,2249.6800347,2
556,3,19,1789.7500419399998,2
557,4,20,2539.85007104,2
558,7,35,4179.65009318,0
559,3,29,1813.6200371,2
560,3,19,1969.85003278,2
561,6,41,3469.450058,0
562,3,5,1399.9300385,1
563,6,32,2509.63005446,2
564,8,56,5434.32014088,0
565,3,25,2124.8400344799998,2
566,3,23,1145.82001108,2
567,3,31,2279.71004094,2
568,6,35,4319.56007404,0
569,13,65,5229.26013184,0
570,4,17,1869.78003316,2
571,2,2,359.97001267999997,1
572,4,32,2779.67005158,2
573,2,18,1939.83004383,2
574,2,20,1324.7400207199998,1
575,3,17,1819.83004768,2
576,6,33,3169.68007274,2
577,4,22,2139.78003893,2
578,8,71,5694.41009148,0
579,8,40,4109.63010406,0
580,3,6,429.92001344,1
581,2,12,1304.87003708,1
582,3,25,1393.73000334,2
583,4,30,2664.68004996,2
584,6,39,2475.55003175,2
585,7,40,3969.4800873,0
586,6,44,4939.4600752999995,0
587,3,15,1619.84004212,2
588,1,10,694.9000091,1
589,6,31,3389.52007668,2
590,9,50,3164.64005654,0
591,4,15,2409.8200530999998,2
592,3,18,1069.87000276,2
593,2,9,1279.9000397,1
594,3,12,979.88002394,1
595,2,4,529.9300155799999,1
596,6,47,3994.43004613,0
597,5,40,3744.52008455,2
598,5,31,2669.6700591,2
599,9,57,4809.39006438,0
601,4,20,1589.85004426,2
602,5,34,4079.5900954999997,2
603,9,52,5679.37013638,0
604,3,19,1539.8600007,2
605,3,7,979.9100075399999,1
606,4,12,1169.8600349600001,2
607,6,43,4186.44008262,0
608,3,19,2192.77005768,2
609,4,11,1027.86002732,2
610,5,24,1864.72003174,2
611,3,11,2019.8700562,2
612,5,28,2179.71004493,2
613,3,22,2219.76004024,2
614,6,55,4097.37010184,0
615,6,25,3861.66010288,2
616,8,53,5111.47009286,0
617,1,4,489.96001054,1
618,4,39,2549.6100159,2
619,5,30,2555.64002988,2
620,8,50,4979.47010042,0
621,3,14,1139.76002118,1
622,7,42,3444.54005819,0
623,4,16,2365.82007033,2
624,5,48,3409.46002204,0
625,6,51,5009.28012088,0
626,4,25,2307.6800537,2
627,5,33,3169.7200469599998,2
628,5,23,2189.7200546599997,2
629,5,33,2519.77005008,2
630,8,46,4299.46006764,0
631,2,14,1709.8800507,1
632,1,9,439.9100036,1
633,9,71,5848.46011348,0
634,8,56,5924.29012111,0
635,7,36,3282.72005838,0
636,7,43,3269.5600433199997,0
637,8,49,3729.4400824599998,0
638,4,20,1689.86002728,2
639,6,53,5004.5200998,0
640,9,63,5634.40008934,0
641,2,16,1547.86003878,1
642,6,33,4599.600120659999,0
643,4,27,1835.7800408,2
644,4,10,787.9000092,1
645,4,15,2639.81007392,2
646,6,33,3509.6200600399998,2
647,9,66,4904.49008188,0
648,4,31,2284.66003412,2
649,6,48,4224.52011872,0
650,5,20,1979.7800446,2
651,2,19,1579.75002288,2
652,3,10,564.90001294,1
653,5,37,3669.53007894,2
654,3,35,2355.60004422,2
655,6,36,2869.66005708,2
656,5,47,4455.39007188,0
657,1,1,199.9900055,1
658,1,6,419.8600006,1
659,2,16,1099.8400268,1
660,6,40,3674.54007346,0
661,2,15,825.9500084,1
662,8,31,2444.7600289,2
663,3,11,1019.85002136,1
664,12,76,8394.26020827,0
665,1,4,549.980011,1
666,4,20,1929.8500366,2
667,4,24,2659.80005264,2
668,2,15,1325.8800277999999,1
669,2,14,919.8500061,1
670,3,19,1334.73003388,2
671,5,46,3409.53004432,0
672,2,18,1529.7900238,1
673,6,47,3809.46008298,0
674,5,48,3457.50007626,0
675,4,28,2189.74005313,2
676,6,52,4414.58007822,0
677,2,13,1064.89002616,1
678,2,13,677.9100055700001,1
679,10,79,5724.21007715,0
680,4,27,3424.65007983,2
681,2,4,529.9700164999999,1
682,8,69,5299.26012028,0
683,4,31,2509.74002645,2
684,5,28,2269.72005084,2
685,10,63,6313.30011372,0
686,6,20,1909.70004654,2
687,9,76,7093.0801562199995,0
688,7,73,5909.2401199,0
689,3,22,1759.6900406,2
690,6,31,2374.7400476,2
691,3,20,2069.89004522,2
692,3,15,1479.8300476,2
693,6,32,2677.64006428,2
694,6,41,2949.72004318,2
695,6,33,2944.60007094,2
696,5,44,3209.50003042,2
697,10,62,6014.33012772,0
698,8,62,5799.3700602,0
699,3,7,899.9200287,1
700,6,63,4320.38005426,0
701,4,26,2554.74004943,2
702,3,27,2409.7000427,2
703,6,35,3884.7300683,0
704,5,44,4489.47007372,0
705,9,49,3883.4800874,0
706,4,20,2294.76006509,2
707,2,10,439.90001294,1
708,4,26,2099.680046,2
709,2,20,2229.7500458,2
710,3,22,1759.79002756,2
711,6,47,4065.54009632,0
712,6,30,3259.53004082,2
713,3,15,1219.83003238,2
714,5,30,3499.66005717,2
715,5,46,4753.51010518,0
716,3,18,2099.8000603,2
717,5,49,3829.5200805,0
718,1,7,599.9300079,1
719,5,31,2919.71006396,2
720,3,13,1229.87002182,1
721,2,12,1299.89002608,1
722,2,23,1424.70999918,2
723,3,25,1639.7200012600001,2
724,4,26,2939.8300572099997,2
725,5,28,2689.58006674,2
726,6,44,3327.56006239,0
727,2,6,649.8800049,1
728,7,69,4744.35010516,0
729,4,19,1629.79001618,2
730,4,20,1489.87002944,2
731,10,62,5610.42010514,0
732,3,27,2196.79001228,2
733,3,25,2321.77004435,2
734,5,41,3154.48006058,2
735,2,10,1145.8300171199999,1
736,8,60,3959.48006436,0
737,6,55,4569.50009924,0
738,4,21,2654.83002277,2
739,6,39,4319.56010442,0
740,5,52,3729.41001884,0
741,2,21,1289.77001188,1
742,3,23,1979.7700463,2
743,5,48,3404.37004472,0
744,8,63,5339.32012371,0
745,2,13,1399.8700257,1
746,6,33,2419.59003077,2
747,4,29,2499.62004848,2
748,6,41,2717.55005256,2
749,12,64,7649.38018818,0
750,7,40,3864.62010581,0
751,5,33,3149.58005138,2
752,5,45,4084.4000741,0
753,5,27,2229.69004064,2
754,6,32,3218.66006848,2
755,3,20,1639.86003114,2
756,6,25,2415.6500473799997,2
757,5,47,4127.58008192,0
758,5,42,3089.62007134,2
759,6,48,3949.51006696,0
760,6,42,3555.59006882,0
761,3,20,1579.76002506,2
762,5,28,2939.70008856,2
763,2,19,1529.8200340399999,1
764,5,35,3011.68006134,2
765,3,21,2069.74004746,2
766,1,17,1017.8299942799999,1
767,8,39,4117.45007704,0
768,3,22,2075.67003636,2
770,1,5,269.9200058,1
771,8,54,5224.33008958,0
772,1,5,249.8999939,1
773,9,80,7394.19012455,0
774,5,27,2719.67006688,2
775,4,26,3229.76004788,2
776,3,19,1444.8300323,2
777,6,40,3872.67007078,0
778,4,38,4489.60006712,2
779,2,16,1259.8300018,1
780,4,32,1919.74001706,2
781,1,10,809.86999888,1
782,2,5,819.94002918,1
783,5,48,3525.45004664,0
784,5,21,2091.76004788,2
785,5,28,2519.67005158,2
786,1,2,100.0,1
787,8,45,4289.57007236,0
788,5,27,1569.8000296999999,2
789,5,19,2010.83004764,2
790,3,29,1849.6800193,2
791,13,82,10524.1701776,0
792,7,39,2987.64005282,0
793,3,33,2523.73005292,2
794,4,32,3184.68005756,2
795,2,10,1199.9000244,1
796,7,43,3647.56005279,0
797,3,24,1953.75002861,2
799,6,35,3359.7500609999997,2
800,4,30,2535.72006994,2
801,8,53,5504.3401072,0
802,6,27,2639.73006072,2
803,5,18,1939.79004294,2
804,4,6,939.940033,1
805,9,38,2571.43002895,0
806,2,16,1389.8200074000001,1
807,1,8,1029.9000244,1
808,2,20,1489.740036,2
809,6,45,3588.46005815,0
810,3,23,2259.73006064,2
811,3,13,1105.86004067,1
812,5,25,2739.72006996,2
813,1,7,319.9300003,1
814,5,39,2999.63005054,2
815,1,12,889.8700026800001,1
816,4,17,1269.7600327,2
818,6,34,3638.53006366,2
819,3,36,2909.62004848,2
820,8,42,3494.57007988,0
821,7,37,4339.64011774,0
822,7,60,3997.38004303,0
823,5,44,3869.55008698,0
824,5,26,3527.6601067399997,2
825,1,4,539.95001604,1
826,2,7,571.92001724,1
827,11,59,5669.28013242,0
828,3,9,599.96000676,1
829,5,29,2154.7000503,2
830,5,41,3223.55004506,2
831,5,44,4519.54009624,0
832,2,13,1269.86001974,1
833,6,22,2498.700058,2
834,6,30,3759.64006816,2
835,6,38,2859.60004806,2
836,4,40,2554.78002168,2
837,2,15,929.83002468,1
838,6,38,2604.65004348,2
839,1,14,961.8200148999999,1
840,5,31,3979.6301078799997,2
841,7,34,4019.58009718,0
842,5,42,3734.49005506,0
843,5,38,3379.57006066,2
844,3,17,1497.8300323600001,2
845,3,32,2629.630043,2
846,8,44,4736.53014955,0
847,9,60,5260.31010438,0
848,6,49,3281.45004463,0
849,6,26,2061.7600517,2
850,4,20,2109.85004428,2
851,3,26,2223.77003864,2
852,2,11,1099.8700256,1
853,4,22,2679.7800675,2
854,2,16,1029.86000818,1
855,2,10,839.8600159,1
856,7,42,3884.50008971,0
857,6,44,3747.68005762,0
858,4,22,1574.74003602,2
859,7,70,4859.26006709,0
860,3,17,929.86001202,1
861,7,42,4209.520073,0
862,5,41,3329.65004718,2
863,6,36,2974.70007322,2
864,6,33,2759.55004888,2
865,5,41,3529.70002376,2
866,9,58,5029.30010801,0
867,7,54,5359.48011408,0
868,3,24,1522.83002084,2
869,3,24,2115.70004272,2
870,7,50,4324.49007425,0
871,5,35,3169.68003856,2
872,7,41,3504.62003529,0
873,2,16,1279.8600311,1
874,4,21,1317.87001418,2
875,3,22,2092.74004559,2
876,9,38,3754.37004086,0
877,1,7,749.8700104,1
878,5,40,2744.51000216,2
879,6,34,3329.53005222,2
880,5,23,3369.7200852,2
881,5,41,4319.5201187,0
882,4,29,3294.80006989,2
883,4,24,2289.80004885,2
884,3,14,2709.82007606,2
885,1,2,49.97999954,1
886,2,14,959.9000091600001,1
887,4,30,2487.58005152,2
888,9,65,4994.330059,0
889,5,31,2789.72005851,2
890,5,34,3769.54006582,2
891,3,12,1204.85003857,1
892,3,15,2369.81007396,2
893,4,26,2375.66004942,2
894,4,21,2329.82004551,2
895,2,12,1129.8800277999999,1
896,2,29,2187.630043,2
897,4,14,1314.79003152,2
898,12,72,7369.16016016,0
899,6,47,3405.48008354,0
900,3,25,2259.7000427,2
901,1,9,619.88001246,1
902,2,6,349.93000792,1
903,1,1,129.9900055,1
904,4,15,1689.78003314,2
905,4,17,1564.83004388,2
907,9,52,4954.65011031,0
908,7,42,3500.64006816,0
909,5,30,2769.72006998,2
910,3,18,1909.8700257,2
911,7,33,2650.72005842,2
912,4,41,4019.50006872,2
913,4,12,1414.9300385,2
914,6,27,3049.6500741199998,2
915,4,19,2479.83005146,2
916,3,22,2169.79005058,2
917,6,39,4419.47010424,0
918,3,31,1934.63000487,2
920,3,12,2569.8600731799997,2
921,4,31,2801.71006404,2
922,3,16,1623.7700349,2
923,3,20,1849.8100357600001,2
924,4,37,4029.6400986,2
925,5,34,2884.78005605,2
926,4,35,2424.60002514,2
927,7,66,4707.27006524,0
928,4,32,3075.6800615,2
929,8,51,4439.4001008,0
930,1,11,1099.89002228,1
931,4,29,2739.67006686,2
932,2,17,1559.7800408399999,1
933,2,14,849.85001368,1
934,5,38,2809.61005014,2
935,4,15,1049.87002568,2
936,9,32,4489.6401254,0
937,8,53,4416.4000588,0
938,10,58,6364.32016205,0
939,3,32,2061.62004085,2
940,7,36,2557.7100449,2
941,6,44,2880.66004375,0
942,5,52,3379.4700469,0
943,4,32,3559.6200981,2
944,3,35,2684.52005374,2
945,2,12,1729.8700409,1
946,6,41,4469.4901010799995,0
947,6,41,4279.55007948,0
948,5,46,4398.55012138,0
949,5,44,3792.65008544,0
950,8,38,4119.56009306,0
951,3,27,2444.73003197,2
952,5,44,3419.55007747,2
953,2,24,1579.76001736,2
954,5,49,4059.52007668,0
955,1,6,279.9400101,1
956,8,54,4834.44008443,0
957,4,12,1046.90002444,2
958,2,16,1219.8700256,1
959,8,45,3559.48005297,0
960,7,39,3883.5600987099997,0
961,2,16,1179.88002398,1
962,5,32,3243.71009267,2
963,5,22,2077.77003097,2
964,5,39,3741.52005004,2
965,4,29,2020.7100257499999,2
966,4,30,2633.6600457,2
967,5,33,2883.66007614,2
968,5,36,3439.63004688,2
969,5,21,1679.74001322,2
970,8,47,4479.49004756,0
971,4,21,1689.82003398,2
972,6,38,5363.56013114,0
973,2,11,1149.91002656,1
974,2,14,1609.8900376,1
975,3,22,1889.80001448,2
976,3,13,1629.86002736,2
977,4,25,2639.78005986,2
978,3,24,3209.72008144,2
979,4,22,2233.77003864,2
980,1,1,129.9900055,1
981,4,33,3377.7800751,2
982,6,25,2959.67005158,2
983,3,20,1509.8900299,2
984,5,44,4589.56011578,0
985,1,12,669.97000126,1
986,5,43,4664.63003122,0
987,6,49,5149.440117,0
988,4,13,974.9500198999999,2
989,3,17,2109.83004006,2
990,7,45,4649.5600929600005,0
991,3,23,2039.7400437000001,2
992,1,1,399.980011,1
993,3,12,2309.85005958,2
994,3,24,1644.77001957,2
995,4,16,1519.8300437799999,2
996,6,31,2919.71008308,2
997,6,47,4144.3700867,0
998,5,30,1844.77003858,2
999,4,36,2769.63005446,2
1000,6,39,3368.46006591,0
1001,6,38,3925.63007547,0
1002,5,38,3303.6100960599997,2
1003,3,24,2129.73005292,2
1004,4,25,2109.6900329,2
1005,2,6,899.8800202,1
1006,4,49,3726.65008544,2
1007,2,20,1809.84003828,2
1008,8,35,4409.69010558,0
1009,2,12,869.9100113,1
1010,5,29,2285.660043711,2
1011,12,93,8023.96018597,0
1012,10,73,6749.06013498,0
1013,9,48,4617.47010052,0
1014,7,80,5999.20014948,0
1015,8,39,4089.63010026,0
1016,6,35,3109.73005676,2
1017,5,33,2564.71004858,2
1018,7,48,3913.4900818,0
1019,3,17,1465.80004124,2
1020,6,39,3683.58009726,0
1021,6,39,4159.63010026,0
1022,7,39,3827.59008036,0
1023,6,43,2899.50005332,2
1024,9,56,5097.5000726,0
1025,8,46,6639.5501596799995,0
1026,1,2,399.980011,1
1027,4,38,2709.62002944,2
1028,5,37,3819.66007236,2
1030,3,21,1589.8300322999999,2
1031,6,43,3299.60007096,0
1032,5,43,3064.53002164,2
1033,2,27,2019.6700134,2
1034,4,40,3809.59006516,2
1035,3,25,2719.71004873,2
1036,4,16,1599.81003184,2
1037,2,10,1239.83003998,1
1038,9,53,4636.39007005,0
1039,2,23,1864.7300261999999,2
1040,3,6,899.90002062,1
1041,1,8,929.89002228,1
1042,5,26,2055.81004728,2
1043,6,36,3439.69005593,2
1044,4,20,1794.81001855,2
1045,5,50,2829.4900435600002,2
1046,4,25,1879.63000693,2
1047,1,1,299.980011,1
1048,4,20,2367.77006154,2
1049,3,38,2839.6000443000003,2
1050,2,9,719.8800201,1
1051,5,20,1519.85001766,2
1052,2,11,889.89001464,1
1053,5,19,2219.8200531,2
1054,8,47,5974.4801331,0
1055,4,47,3462.45003902,2
1056,6,42,3323.58005715,0
1057,3,26,2793.76007464,2
1058,7,51,4824.35009762,0
1059,5,39,4201.50012594,0
1060,3,22,1063.82000724,2
1061,5,22,2489.8500519,2
1062,5,42,2553.6900138,2
1063,6,41,3939.50010491,0
1064,1,4,999.9400177,1
1066,5,24,1867.79001624,2
1067,7,38,3249.30004884,0
1068,4,29,2069.78003312,2
1069,6,42,4239.56006626,0
1070,5,34,2254.44003302,2
1071,2,5,579.9700164999999,1
1072,4,19,2209.7500421,2
1073,5,21,1609.80002222,2
1074,4,23,2099.71005626,2
1075,7,40,2479.41002648,2
1076,6,36,2479.6400375,2
1077,1,13,1079.8300171,1
1078,5,29,2284.68005181,2
1079,2,5,349.9199981,1
1080,2,21,1139.89001275,1
1081,6,42,3869.4700775,0
1082,4,40,3593.66006854,2
1083,5,28,2699.68006136,2
1084,1,5,189.95000457999998,1
1085,3,29,2004.6300125799999,2
1086,3,25,2419.8100434,2
1087,4,23,2609.64002228,2
1088,3,22,2149.84002318,2
1089,5,41,3949.5900879,0
1090,3,16,1387.8100205,2
1091,4,33,2927.80005652,2
1092,7,65,5004.2600936399995,0
1093,3,34,2089.74005124,2
1094,8,39,4261.54008677,0
1095,2,20,1529.8200073799999,2
1096,3,11,1559.8700409,2
1097,2,21,1309.7700272,1
1098,3,19,1324.79002377,2
1099,7,29,3453.71006782,2
1100,9,61,5889.39014056,0
1101,5,30,2317.73004156,2
1102,5,44,3649.41000736,0
1103,4,32,2013.67004959,2
1104,4,17,2009.73006446,2
1105,2,5,449.9500122,1
1106,8,75,5259.28008642,0
1107,9,73,6489.30010998,0
1108,4,20,1499.85000612,2
1109,5,39,3397.65009316,2
1110,3,32,2049.6100196400002,2
1111,6,39,2974.57006645,2
1112,3,26,1709.6600036,2
1113,5,23,1985.80004502,2
1114,3,28,1649.7500343,2
1115,5,36,3099.68006514,2
1116,7,52,4439.41007232,0
1117,5,48,3512.44004623,0
1118,7,38,2949.62004098,0
1119,5,40,2894.61001574,2
1120,4,32,2634.79002764,2
1121,2,15,1169.89002996,1
1122,3,10,1574.8700257199998,1
1123,4,16,2809.80005646,2
1124,7,51,4075.45009992,0
1125,5,20,2169.75006488,2
1126,6,45,4454.57008372,0
1127,4,27,3159.73006834,2
1128,6,30,3039.67003642,2
1129,3,12,1509.89003378,2
1130,1,14,1209.8000183,1
1131,5,34,3273.61009212,2
1132,6,18,2889.78007894,2
1133,5,20,2269.7400628,2
1134,6,23,3239.71007164,2
1135,3,33,2499.5300216,2
1136,8,57,6534.23014092,0
1137,4,19,1549.73003006,2
1138,3,12,779.8400116,1
1139,3,14,1779.8900452,2
1140,3,6,1149.9200363999998,1
1141,5,21,1809.80003742,2
1142,3,30,2399.76006318,2
1143,4,31,2728.6500701,2
1144,2,20,1687.85004048,2
1145,7,47,4144.54008864,0
1146,3,10,1649.8300401,2
1147,5,23,2999.710064,2
1148,7,55,6524.42005514,0
1149,11,55,5954.32013314,0
1150,4,26,2579.6300431,2
1151,4,33,3219.66007998,2
1152,5,35,3759.68007674,2
1153,3,21,2181.8200684,2
1154,6,40,4059.61007694,0
1155,3,24,1389.80001824,2
1156,2,7,737.93001938,1
1157,4,13,2839.82008758,2
1158,8,63,5327.40010068,0
1159,7,33,3567.65009318,0
1160,3,22,2329.79003914,2
1161,4,24,1909.89001844,2
1162,4,40,3779.46004886,2
1163,3,21,1889.74004368,2
1164,6,33,4231.58011819,0
1165,3,21,2458.7200546599997,2
1166,2,20,1344.6600342,1
1167,6,34,3649.54008862,2
1168,4,26,2719.82006464,2
1169,8,62,5613.2300911,0
1170,3,22,1659.9000092,2
1171,3,16,804.88000491,1
1172,8,45,4548.5601006199995,0
1173,2,2,459.97001267999997,1
1174,6,44,4016.53007509,0
1175,7,50,4609.57006836,0
1176,2,19,966.92001157,1
1178,5,35,3489.55005656,2
1179,4,13,1901.87005435,2
1180,6,29,4259.5901032599995,0
1181,3,12,1589.85004044,2
1182,6,39,2719.6700516,2
1183,2,29,2319.70003506,2
1184,4,15,1189.80002588,2
1185,6,36,3309.63008878,2
1186,2,14,1299.8900223,1
1188,3,28,1859.76002888,2
1189,5,41,3559.5700912,2
1190,6,25,2739.74006272,2
1191,5,22,2479.82006842,2
1192,2,4,659.95001986,1
1193,4,48,3909.39005658,0
1194,3,12,1149.91003038,1
1195,5,40,3949.57008752,0
1196,5,55,3744.31005277,0
1197,4,18,1753.80003362,2
1198,4,25,2539.7600327,2
1199,2,3,249.9799957,1
1200,5,40,2518.56003574,2
1201,2,21,1059.71001432,1
1202,4,19,1324.8200225799999,2
1203,5,33,2219.55002972,2
1204,6,36,3629.56008166,0
1205,6,32,3319.71006778,2
1206,2,16,1959.8800507,2
1207,8,50,3768.36001789,0
1208,2,4,429.94001008,1
1209,7,44,4049.5100785,0
1210,4,25,2449.76007468,2
1211,6,29,2461.6800651999997,2
1212,2,17,1809.8200226,2
1213,4,18,2109.8600617,2
1214,6,24,2619.7600518,2
1215,3,16,1749.8700523799998,2
1216,4,39,2684.62007132,2
1217,2,19,1209.86002728,1
1218,5,38,3294.61006355,2
1219,4,42,2689.61001968,2
1220,3,13,2339.8200646,2
1221,5,41,3229.49003989,2
1222,7,64,5833.32010479,0
1223,7,34,4715.75003792,0
1224,3,22,1929.83002094,2
1225,8,48,5157.530088491,0
1226,3,20,2679.7700577,2
1227,2,15,1479.88003164,1
1228,4,34,2534.74003214,2
1229,5,19,3309.7300988399998,2
1230,1,1,399.980011,1
1231,4,27,3394.57007598,2
1232,5,43,4289.65007406,0
1233,6,49,4075.51007842,0
1234,5,19,2309.80004514,2
1235,1,11,589.8800049,1
1236,9,40,4354.56010064,0
1237,2,4,959.940033,1
1238,2,14,1935.86003504,1
1239,4,28,3169.67005924,2
1240,5,29,2527.7100411,2
1241,3,27,2569.57004562,2
1242,6,48,3964.3300782,0
1243,6,46,4459.60010168,0
1244,4,14,1109.86003882,2
1245,5,37,2604.62005984,2
1246,2,4,799.960022,1
1247,3,28,3059.73006828,2
1248,1,8,699.93001938,1
1249,5,59,4329.2900580900005,0
1250,5,25,2539.75003818,2
1251,5,25,2399.760067,2
1252,5,45,3093.700058,2
1253,1,3,229.95000457999998,1
1254,6,35,3219.76004404,2
1255,8,56,4829.54007342,0
1256,3,15,1529.8300552599999,2
1257,9,52,3844.75008788,0
1258,6,25,1849.74003216,2
1259,4,21,1949.800026,2
1260,4,23,2039.78006374,2
1261,10,55,5754.4801598,0
1262,5,26,2129.82004548,2
1263,5,12,2209.8400573999998,2
1264,5,25,2444.78006752,2
1265,7,38,3299.40004738,0
1266,6,54,4078.39006417,0
1267,3,23,1559.7000312999999,2
1268,4,25,2944.73005678,2
1269,6,39,3569.54007716,0
1270,4,23,1455.79003138,2
1271,4,31,2549.73005298,2
1272,4,28,2649.7800751199998,2
1273,7,63,4589.3000947,0
1274,5,31,3849.73006828,2
1275,5,38,2925.58006864,2
1276,3,25,1829.6400108799999,2
1277,4,19,2091.79004674,2
1278,2,10,1999.8600617,1
1279,2,9,809.9400177,1
1280,4,24,2528.68001938,2
1281,2,15,1579.91003038,1
1282,8,61,5544.29012103,0
1283,7,45,3830.5500908,0
1284,5,27,1859.73003766,2
1285,7,51,6184.37011724,0
1286,5,23,3319.80006028,2
1287,3,22,1449.8300018,2
1288,12,89,9019.11019908,0
1289,4,36,2959.6800766,2
1290,6,35,3811.64010065,0
1291,5,30,3434.6400738899997,2
1292,5,26,2539.72005848,2
1293,4,25,1839.79003904,2
1294,3,21,1389.82001491,2
1295,7,55,3579.33003994,0
1296,3,10,789.90999616,1
1297,4,22,2829.78007134,2
1298,5,49,4699.48007976,0
1299,3,36,2239.72002788,2
1300,5,50,3963.45005414,0
1301,6,27,2524.77005012,2
1302,3,17,1619.82003786,2
1303,3,18,1714.84001932,2
1304,2,14,1137.92002297,1
1305,2,19,2199.76005563,2
1306,4,38,2894.67004766,2
1307,10,54,4099.52009777,0
1308,3,9,469.96000288,1
1309,6,40,3743.51008612,0
1310,3,24,1971.73003388,2
1311,4,34,3390.73007202,2
1312,2,12,939.9300232,1
1313,3,27,2084.72002028,2
1314,2,8,1109.91003038,1
1315,2,14,1079.8400268999999,1
1316,4,21,2229.77005384,2
1317,7,32,2999.64006046,2
1318,1,1,129.9900055,1
1319,3,14,711.9100112799999,1
1320,3,19,1881.8600464,2
1321,3,8,509.91000362,1
1322,4,32,3089.65005122,2
1323,5,37,2876.72003946,2
1324,1,10,879.8300056400001,1
1325,6,36,2792.69004824,2
1326,5,29,2639.69005206,2
1327,5,38,3373.5600814,2
1328,1,1,199.9900055,1
1329,3,19,1637.73003762,2
1330,4,29,2619.69005578,2
1331,6,36,4427.57011042,0
1332,2,18,1193.729992,1
1333,2,13,1949.8900414,1
1334,4,31,2011.56003572,2
1335,5,39,3854.52009204,2
1336,6,32,3949.60009384,0
1337,4,33,2389.63004682,2
1338,2,13,1119.880029671,1
1339,8,39,4009.50008778,0
1340,6,39,3253.62004848,2
1341,5,43,3919.51008988,0
1342,3,25,2789.6700517199997,2
1343,4,18,1579.82003788,2
1344,3,17,1359.74999622,2
1345,5,24,2251.81003757,2
1346,7,38,4704.440073131,0
1347,7,46,4504.57007214,0
1348,3,25,2449.7500536,2
1349,3,25,1819.6300201,2
1350,5,28,3409.5800667599997,2
1351,4,31,2605.62005616,2
1352,7,35,3263.68005008,0
1353,3,29,2246.79004479,2
1354,3,15,1859.8200417399999,2
1355,2,14,514.88999938,1
1356,6,47,3699.53006356,0
1357,4,30,2959.67007074,2
1358,4,16,1469.85003282,2
1359,4,23,1858.8500405,2
1360,1,13,999.8300323,1
1361,3,18,1741.78002351,2
1362,5,36,2899.62002936,2
1363,7,66,4264.57008171,0
1364,6,46,3579.49005498,0
1365,9,48,4959.51013188,0
1366,2,11,1764.8700523799998,1
1367,3,26,2409.8100243,2
1368,6,31,2919.6700402,2
1369,4,34,3157.62005994,2
1370,2,12,629.91001514,1
1371,7,40,2874.57006836,0
1372,5,23,1789.74005504,2
1373,7,59,5389.4801369199995,0
1374,6,44,4212.52008432,0
1375,6,48,4429.65010082,0
1376,6,43,4534.55009655,0
1377,4,32,2629.6900634999997,2
1378,5,32,3119.6900653499997,2
1379,8,70,5879.26011463,0
1380,7,48,4309.45009998,0
1381,4,26,2174.76003272,2
1382,2,20,1424.7400322,1
1383,7,52,4667.51009181,0
1384,3,27,2609.6400299,2
1385,7,52,4389.4500657,0
1386,6,24,2387.7600593800003,2
1387,9,54,5431.47013289,0
1388,2,18,939.91001128,1
1389,3,11,1679.8800507,2
1390,2,15,1295.82003784,1
1391,3,12,1045.92002297,1
1392,6,44,4055.48007206,0
1393,6,44,4633.48010652,0
1394,5,32,3842.62009444,2
1395,3,4,719.9400254,1
1396,1,3,319.97001267999997,1
1397,4,48,3669.56006628,2
1398,3,16,954.8200225,1
1399,5,34,3039.66005706,2
1400,4,19,1959.7200356399999,2
1401,1,1,299.980011,1
1402,2,15,1225.91001126,1
1403,4,21,2359.66004956,2
1404,4,17,2393.7100602,2
1405,6,38,3229.58005898,2
1406,7,22,2601.76004225,2
1407,4,25,2539.74005128,2
1408,5,41,3448.54005044,2
1410,3,12,1349.8900299,1
1411,4,16,1554.8800431,2
1412,5,40,3079.47005847,2
1413,6,38,3624.7200852,0
1414,4,27,2189.83004384,2
1415,5,24,2329.75006868,2
1416,5,22,3299.7700959,2
1417,9,66,6409.25012583,0
1418,5,23,2629.78005982,2
1419,5,38,2689.57004546,2
1420,5,30,3659.7200853,2
1421,3,13,1649.8800393,2
1422,2,8,929.9100189,1
1423,6,25,2889.74006286,2
1424,5,26,2899.74006272,2
1425,4,32,2667.69004826,2
1426,6,51,6279.58013548,0
1427,2,6,909.9300232,1
1428,4,28,3883.6700285399997,2
1429,5,33,2383.70005424,2
1430,6,46,5084.5900899299995,0
1431,3,13,1809.78001789,2
1432,3,22,1839.87003328,2
1433,4,37,3519.68008056,2
1434,3,16,1425.86003494,2
1435,3,17,2019.74003988,2
1436,7,40,4419.5600968,0
1437,4,21,1719.84002314,2
1438,6,47,3304.62004086,0
1439,2,9,699.9600144,1
1440,2,11,821.8600139299999,1
1441,2,7,1339.90003588,1
1442,2,13,1179.79001618,1
1443,13,86,8150.13015766,0
1444,6,30,2043.79001612,2
1445,10,88,6473.27013392,0
1446,5,30,2679.66004568,2
1447,3,14,1929.8400498,2
1448,7,73,4809.25005531,0
1449,2,15,1509.8400268999999,1
1450,4,36,3069.5800781,2
1451,6,55,3924.33005906,0
1452,3,18,2629.7800751,2
1453,5,19,1989.77005018,2
1454,3,28,1601.76001728,2
1455,2,17,1529.8600311,1
1456,2,17,1437.82001106,1
1457,5,29,2549.64008332,2
1458,2,2,449.96001054,1
1459,4,21,2959.70008092,2
1460,6,47,4406.53008083,0
1461,2,19,1799.78002741,2
1462,3,16,1264.73003386,2
1463,3,18,1063.73000338,2
1464,12,63,8409.22019606,0
1465,3,21,2449.76006322,2
1466,7,51,4889.49009334,0
1467,3,13,1209.94002536,1
1468,6,37,3529.63004682,0
1470,4,23,2065.7300568,2
1471,5,30,2289.78005602,2
1472,4,18,1309.8400078,2
1473,5,46,4315.46008873,0
1474,4,22,1439.8200379,2
1475,7,48,4274.43009391,0
1476,1,1,129.9900055,1
1477,3,27,2129.65003592,2
1478,6,47,4734.44009786,0
1479,3,15,1629.84003064,2
1480,5,27,3204.8200646,2
1482,4,17,1869.80006034,2
1483,2,20,1779.82004546,2
1484,3,36,2239.64002218,2
1485,4,25,3259.7000961599997,2
1486,2,17,1529.8100586,1
1487,4,12,749.90001296,2
1488,5,29,3217.63008892,2
1489,6,46,3840.53008652,0
1490,6,42,3676.59006136,0
1491,4,19,1512.83003425,2
1492,11,84,7627.15016208,0
1493,6,50,4508.55009466,0
1494,7,57,4971.5500833,0
1495,4,22,2425.7100373,2
1496,5,34,3319.83005914,2
1497,4,24,2409.67006696,2
1498,7,41,5169.6101343,0
1499,6,35,3109.66005704,2
1500,4,29,3239.65007786,2
1501,5,27,2229.72002609,2
1502,5,45,3599.55008314,0
1503,7,51,5839.46012128,0
1505,5,52,4914.32009132,0
1506,3,22,1939.75003436,2
1507,6,27,2993.69008258,2
1508,4,34,2029.6500358600001,2
1509,2,13,724.85000986,1
1510,3,15,1771.83004386,2
1511,5,48,3389.58007048,0
1512,7,50,5614.42013562,0
1513,5,47,3317.51006702,0
1514,4,31,2849.720056571,2
1515,5,42,3174.47004326,2
1516,6,33,2451.76002506,2
1517,4,33,2699.60002894,2
1518,6,45,3735.54006397,0
1519,2,13,2029.8800354999998,1
1520,3,10,1209.9100342,1
1521,6,46,3889.56005854,0
1522,8,46,4349.50011832,0
1523,6,34,3079.55002592,2
1524,8,49,4049.4000856000002,0
1525,3,24,1189.75998296,2
1526,1,10,879.92002106,1
1527,5,26,2829.72007376,2
1528,4,35,3007.6600457199997,2
1529,3,25,2569.72006608,2
1530,3,19,1959.7200317,2
1531,1,2,499.9700165,1
1532,10,57,4889.48009498,0
1533,5,17,1869.87004474,2
1534,7,41,4067.70008862,0
1535,8,58,5843.3600885,0
1536,2,17,1449.8600388,1
1537,8,75,6567.26009171,0
1538,3,13,1949.84006124,2
1539,4,14,1574.8700486,2
1540,10,55,7094.43016249,0
1541,5,26,2374.73006058,2
1542,6,41,4217.38005453,0
1543,5,39,3057.5300521,2
1544,10,61,5519.45014196,0
1545,6,47,3442.66001142,0
1546,3,16,1389.87002186,2
1547,2,19,1409.800026,1
1548,5,27,3209.7100907,2
1549,4,22,2699.7300721799998,2
1550,3,14,879.7799912600001,1
1551,4,21,2589.8100586,2
1552,2,17,1499.8500366,1
1553,5,34,3031.75004964,2
1554,6,41,3841.63009262,0
1555,6,59,3944.52005384,0
1556,3,25,2439.71005069,2
1557,1,9,1049.8400268,1
1558,9,47,4844.45013245,0
1559,4,9,1139.9000244,2
1560,5,33,3789.5900878899997,2
1561,6,50,4039.53005604,0
1562,8,38,3589.5200634899998,0
1563,6,71,4749.3600578900005,0
1564,6,45,3476.46006396,0
1565,4,33,2089.76004024,2
1566,4,19,2159.74999224,2
1567,5,44,4769.43008424,0
1568,5,36,3009.64002608,2
1569,5,20,2629.73006446,2
1570,3,15,839.88002018,1
1571,6,67,5559.36011313,0
1572,4,24,2779.7400666,2
1573,4,28,2449.68002702,2
1574,6,43,4279.51008403,0
1575,5,31,1934.7000427,2
1576,6,52,4909.53012846,0
1577,10,78,7309.3301545799995,0
1578,8,61,6134.27011862,0
1579,4,31,3007.70005412,2
1580,5,30,2319.6700325399997,2
1581,5,17,1141.8500137,2
1582,7,37,3789.67004784,0
1583,4,30,2255.68001564,2
1584,5,35,2752.6900559,2
1585,4,23,2349.77006532,2
1586,3,33,2579.6600724,2
1587,2,21,1619.77002324,2
1588,11,89,6694.19015504,0
1589,7,53,5162.42006704,0
1590,5,18,2259.82005314,2
1591,6,37,3479.6400643399998,0
1592,4,25,2429.68003086,2
1593,6,43,3109.44004052,0
1594,2,5,559.9700164999999,1
1595,7,43,3449.43007278,0
1596,3,22,2029.73002628,2
1597,6,32,2059.76002882,2
1598,6,29,2549.67004784,2
1599,9,67,6605.28017064,0
1600,6,41,3905.72009672,0
1601,4,16,1589.76002884,2
1602,4,31,2584.70003512,2
1603,6,42,4104.5800858,0
1604,4,13,879.87003326,2
1605,5,41,3344.67006113,2
1606,6,43,3299.50004583,0
1607,6,53,5503.50011066,0
1608,7,32,3329.65007034,0
1609,1,7,739.9000244,1
1610,2,9,829.9500122,1
1611,4,39,3696.5600433,2
1612,2,28,2149.7300339,2
1613,6,50,4104.50005917,0
1614,3,19,2375.76001354,2
1615,5,24,2763.75006486,2
1616,3,31,2415.70003892,2
1617,6,30,2874.6500548999998,2
1618,8,51,4299.56007573,0
1619,7,56,5137.45013241,0
1620,4,32,3339.64007194,2
1621,3,19,2009.7800523,2
1622,1,15,949.9000091,1
1623,2,25,1549.7799988000002,2
1624,6,43,4935.61011136,0
1625,6,48,2645.56002422,0
1626,4,15,1564.8600426,2
1627,9,64,5285.20009614,0
1628,5,32,3569.6100428199998,2
1629,5,31,2319.81004718,2
1630,4,27,3709.74007814,2
1631,6,51,4039.51009358,0
1632,5,25,3019.78005988,2
1633,3,27,2024.75003048,2
1634,5,39,3951.63009268,0
1635,4,35,3729.54008114,2
1636,7,63,6129.23012932,0
1637,4,13,1929.83004388,2
1638,4,20,2121.81002239,2
1639,1,3,389.96001436,1
1640,5,32,2055.73002628,2
1641,6,48,3799.52004998,0
1642,1,5,599.9500199,1
1643,5,38,3378.58006292,2
1644,3,24,1714.80002588,2
1645,4,23,1689.8500289600001,2
1646,6,34,3498.6800652,2
1647,4,27,3009.72003188,2
1648,4,18,1509.78003306,2
1649,3,24,2049.64002234,2
1650,5,38,4059.60005576,0
1651,10,57,4268.2900467,0
1652,2,14,1699.86002356,1
1653,5,34,3007.59005933,2
1654,5,34,2959.46004112,2
1655,2,6,539.91001508,1
1656,8,61,3849.38006588,0
1657,11,111,9223.71015175,0
1658,9,51,5729.42015846,0
1659,4,27,2949.700058,2
1660,4,21,2184.83003616,2
1661,3,13,1511.8200379,2
1662,5,42,3679.47006618,2
1663,4,29,2444.74005504,2
1664,7,61,6044.46009454,0
1665,3,9,769.8600159,1
1666,3,20,1627.85003284,2
1667,2,4,929.9500275,1
1668,1,7,663.88000874,1
1669,1,5,449.93999104,1
1670,7,44,4889.49009714,0
1671,4,13,1169.84003072,2
1672,5,39,2589.57003408,2
1673,5,13,2374.84003828,2
1674,5,38,3493.56006625,2
1675,5,20,1559.75002286,2
1676,2,15,1569.76002128,1
1677,6,39,4269.63006607,0
1678,2,17,2509.62003718,2
1679,6,28,2254.84001536,2
1680,6,44,2785.49002255,2
1681,4,25,1724.77005384,2
1682,5,47,3019.70006948,2
1683,2,8,919.92002106,1
1684,5,32,2619.7900105500003,2
1685,5,57,5109.40011218,0
1686,4,31,2817.63005832,2
1687,4,31,2137.72003363,2
1688,8,58,5111.41010678,0
1689,6,41,3505.34005364,0
1690,4,15,1729.8400575,2
1691,3,25,1949.78003698,2
1692,4,24,2499.7200318,2
1693,5,34,2809.70003506,2
1694,2,10,699.86001964,1
1695,13,77,7469.26015488,0
1696,3,31,2389.7300491,2
1697,1,14,989.8700103,1
1698,5,31,2999.71007154,2
1699,3,21,1889.9100342,2
1700,3,29,2199.7300415,2
1701,4,31,3674.67008211,2
1702,5,28,2449.69004442,2
1703,2,12,1349.85003662,1
1704,6,41,3246.50006305,0
1705,5,37,2831.63004485,2
1706,1,5,525.94001772,1
1707,3,14,1079.93001174,1
1708,4,38,3019.65006262,2
1709,3,30,2769.6800537,2
1710,3,34,2829.65007028,2
1711,6,56,4339.52008448,0
1712,5,31,2224.69004625,2
1713,4,30,2749.70006568,2
1714,5,39,2889.55003346,2
1715,7,63,4974.3400574,0
1716,8,42,4004.64011394,0
1717,4,26,2779.60006726,2
1718,4,25,1620.92002112,2
1719,2,13,1089.8200226,1
1720,5,31,1799.66001128,2
1721,6,47,5939.44015133,0
1722,1,1,199.9900055,1
1723,6,33,3129.67006306,2
1724,3,19,1481.8200340399999,2
1725,8,57,5443.57010276,0
1726,3,15,1479.8400306600001,2
1727,3,23,2259.7300567400002,2
1728,2,11,1269.88004306,1
1729,4,31,2334.6600342,2
1730,4,46,3859.53007124,2
1731,6,71,5174.16007618,0
1732,2,9,609.96001054,1
1733,6,45,4747.53007124,0
1734,1,4,279.9900055,1
1735,6,47,4609.41008748,0
1736,4,20,1847.80003736,2
1737,4,24,2269.79005814,2
1738,6,54,4164.50008004,0
1739,8,41,5619.58011248,0
1740,6,33,3655.6300945499997,2
1741,2,12,1049.87001424,1
1742,5,33,2794.53004655,2
1743,3,24,1819.6900444799999,2
1744,6,36,2759.6900558400002,2
1745,6,40,4299.60012062,0
1746,3,15,1304.76001738,2
1747,9,46,6299.37013254,0
1748,7,44,4387.54008498,0
1749,7,48,3599.44006352,0
1750,5,24,3319.75008786,2
1751,3,12,749.8600082600001,1
1752,3,28,2529.7800598,2
1753,5,53,4629.47008136,0
1754,7,42,3934.5300961499997,0
1755,3,21,1939.76002508,2
1756,6,29,3369.6700822,2
1757,4,21,2509.6900597,2
1758,3,22,1604.84999846,2
1759,3,16,2249.8000718,2
1760,4,21,2669.74005898,2
1761,5,45,3989.6500817,0
1762,8,61,5180.53012287,0
1763,4,21,2119.83005148,2
1764,6,48,3143.60004414,0
1765,9,55,4492.41003983,0
1766,7,26,2889.72007376,2
1767,3,26,1809.9000320999999,2
1768,4,20,1997.69004828,2
1769,1,7,564.9300079,1
1770,3,10,949.89003378,1
1771,6,30,3289.7400856599997,2
1772,4,20,2459.80005646,2
1773,7,37,4369.62011722,0
1774,7,32,4053.70010004,0
1775,7,43,3599.5400658,0
1776,5,27,2484.70005804,2
1777,2,16,1189.9100189,1
1778,3,22,1815.78004452,2
1779,4,22,2059.7700272,2
1780,8,63,7071.28017637,0
1781,3,18,1859.7700309000002,2
1782,8,69,5979.18010727,0
1783,4,34,2079.53003686,2
1785,6,29,2989.76006698,2
1786,2,13,1119.90002824,1
1787,5,33,3039.68007284,2
1788,8,50,4346.38006198,0
1790,6,44,3629.6300506,0
1791,3,29,1869.7100448,2
1792,7,45,4212.40008943,0
1793,7,46,4354.44006736,0
1794,5,19,2034.8100204,2
1795,7,52,3860.34006876,0
1796,3,26,3033.7201006,2
1797,5,47,4049.58006292,0
1798,5,39,4099.5701104,0
1799,3,20,2024.80004504,2
1800,2,17,1299.8000182,1
1801,3,20,1515.79002388,2
1802,8,72,5668.30010027,0
1803,1,11,829.81000516,1
1804,11,60,5607.53012673,0
1805,3,14,895.9400024199999,1
1806,8,52,5144.44010562,0
1807,8,51,4265.46007922,0
1809,5,14,2209.83007056,2
1810,9,67,5542.28010168,0
1811,5,45,4103.55010984,0
1812,5,42,4758.58009348,0
1813,5,38,4079.62011734,0
1814,3,17,2719.8000375399997,2
1815,3,30,2534.79000865,2
1816,5,28,2969.71007928,2
1817,7,48,4199.5600815,0
1818,5,38,2905.67006103,2
1819,2,18,1779.67003254,2
1820,5,32,2129.76002116,2
1821,3,11,1129.90003208,1
1822,4,30,2259.78005218,2
1823,4,29,2324.60999881,2
1824,11,58,6151.3601438,0
1825,4,20,2069.83004384,2
1826,11,56,6367.26015876,0
1827,5,45,3719.58005711,0
1828,7,54,4488.43009763,0
1829,2,7,549.8900146,1
1830,4,22,2159.66003424,2
1831,6,29,3041.70006568,2
1832,6,56,5447.34007644,0
1833,9,35,5369.5801546,0
1834,4,27,2679.60005198,2
1835,5,38,2937.59008026,2
1836,5,31,1999.7500457,2
1837,4,40,3021.68005752,2
1838,4,18,1824.91002656,2
1839,3,15,1059.87001424,1
1840,8,27,3719.71009832,0
1841,1,9,679.9299927,1
1842,3,28,2984.76006698,2
1843,7,56,4809.52007688,0
1844,10,52,6579.39014065,0
1845,4,32,2129.6900291399998,2
1846,6,33,3029.69005972,2
1847,6,47,4804.44005576,0
1848,6,41,4749.53010566,0
1849,3,16,1559.8400268999999,2
1850,5,21,1879.83002856,2
1851,5,40,4639.5200959,0
1852,4,31,2449.6400528599997,2
1853,7,44,5599.5101434,0
1854,6,44,2704.4300384,2
1855,5,26,2649.68006138,2
1856,2,14,1779.84003446,1
1857,5,46,3484.5000609,0
1858,4,14,1649.8900414,2
1859,5,32,2364.56004342,2
1860,7,35,3255.5200387200002,0
1861,5,22,3059.74007806,2
1862,5,23,2229.71006394,2
1863,6,39,3279.60008059,2
1864,6,41,4499.53009808,0
1865,7,52,5669.34011285,0
1866,3,3,829.9500275,1
1867,6,30,2569.7400513000002,2
1868,9,57,5844.48014267,0
1869,3,19,1659.78003885,2
1870,5,27,1805.76003833,2
1871,7,46,4804.55008135,0
1872,4,23,2184.78006173,2
1873,4,36,2728.57005302,2
1874,5,15,2249.78005228,2
1875,6,32,3954.74010285,0
1876,3,36,2635.6700592400002,2
1877,7,30,3559.71007168,0
1878,2,14,1068.9100189,1
1879,2,13,879.8600157999999,1
1880,3,19,1599.86003876,2
1881,5,50,2824.49003597,2
1882,6,57,4554.50006491,0
1883,5,31,4049.71010982,2
1884,2,10,619.8500137999999,1
1885,4,29,3119.66003818,2
1886,5,26,3181.66007429,2
1887,5,33,2779.6900482,2
1888,3,11,1679.9300385,2
1889,6,51,4466.56010052,0
1890,5,27,2479.7400818,2
1891,6,42,3879.66006852,0
1892,4,31,2739.68001948,2
1893,4,36,2829.73005101,2
1894,3,11,1804.88005836,2
1895,4,26,3044.6100426,2
1896,3,26,1919.67003238,2
1897,3,18,2059.7500153,2
1898,6,20,1514.87002373,2
1899,4,25,2297.69006545,2
1900,5,38,4049.44005596,0
1901,7,60,5601.33012014,0
1902,7,50,3564.58005516,0
1903,6,35,3229.6100541,2
1904,2,14,989.9000091,1
1905,5,38,3179.61008076,2
1906,9,61,5392.33011624,0
1907,4,33,2069.65002448,2
1908,9,36,4001.5601043399997,0
1909,5,51,4377.48007978,0
1910,8,58,5354.45007529,0
1911,6,35,3225.69006726,2
1912,8,46,4145.61007127,0
1913,1,12,829.93001556,1
1914,4,38,3027.59007268,2
1915,3,36,3189.7000579,2
1916,5,34,3279.60005568,2
1917,6,28,1949.7100295999999,2
1918,4,38,3099.66003804,2
1919,3,24,2109.74005504,2
1920,11,95,7457.020063491,0
1921,6,55,4865.48009501,0
1922,3,15,2009.79004294,2
1923,4,27,2108.6600419,2
1924,4,22,1651.68001757,2
1925,2,20,1659.77002726,2
1926,5,34,2389.6400337200002,2
1927,9,51,5495.32012572,0
1928,6,44,3599.42005538,0
1929,2,12,1139.84000398,1
1930,6,38,3924.5800858,0
1931,3,20,1578.8600197199999,2
1932,10,57,6584.240162059999,0
1933,3,19,2247.750023,2
1934,6,41,2744.63004308,2
1935,4,26,2639.79006578,2
1936,7,46,4639.65010078,0
1937,8,78,5953.1200447,0
1938,5,24,2369.7900314999997,2
1939,3,10,1139.88002788,1
1940,10,66,5329.4500809,0
1941,6,32,2649.6400566,2
1942,2,18,1134.8899993999999,1
1943,7,65,4364.33005906,0
1944,5,44,4169.53006756,0
1945,1,1,129.9900055,1
1946,9,46,5064.54009638,0
1947,4,23,2859.71004864,2
1948,7,64,6319.3401565799995,0
1949,3,19,959.74999236,2
1950,7,39,3631.6100539999998,0
1951,6,35,4161.53009808,0
1952,5,27,2009.75004763,2
1953,3,8,1329.9300385,1
1954,6,55,3820.4200361,0
1955,4,27,3019.71007156,2
1956,3,13,1259.8700256,1
1957,4,37,3468.68008038,2
1958,5,23,3769.6401023999997,2
1959,4,29,2424.66003426,2
1960,3,13,1489.8900299,2
1961,6,44,4569.45006385,0
1962,9,64,5630.3501185899995,0
1963,1,8,579.9500122,1
1964,2,7,739.92001726,1
1965,5,28,2539.7300644,2
1966,7,36,3279.5600584999997,0
1967,3,22,1649.7900315,2
1968,1,2,529.9700164999999,1
1969,6,57,3899.45004642,0
1970,7,37,3089.6800537599997,0
1971,4,41,3089.48005676,2
1972,10,62,5994.32015058,0
1973,5,23,1689.83002848,2
1974,3,32,2271.74004358,2
1975,4,36,2841.65004541,2
1976,4,21,1684.80004126,2
1977,5,32,3967.70010577,2
1978,5,24,1477.80002978,2
1979,9,75,6063.19010536,0
1980,7,48,3579.56006626,0
1981,6,34,3279.57007232,2
1982,5,46,3299.46005252,2
1983,4,34,2749.71004488,2
1984,3,25,1819.78001022,2
1985,5,39,3689.5700760600002,2
1986,6,26,2939.70008279,2
1987,5,34,3705.51006706,2
1988,6,36,3869.6901093,0
1989,8,70,5649.23010626,0
1990,8,58,4943.43007276,0
1991,3,20,1793.86004642,2
1992,1,2,429.9700165,1
1993,5,24,2217.7000353,2
1994,5,21,1971.7200394000001,2
1995,4,30,3019.59008026,2
1996,5,29,2324.67006113,2
1997,7,67,4879.40007025,0
1998,3,27,2222.8300553,2
1999,6,18,3079.78008658,2
2000,4,25,3169.76007464,2
2001,8,48,3509.5300444,0
2002,6,44,3391.60006137,0
2003,4,22,1809.8600426,2
2004,4,30,3279.65008166,2
2005,5,30,1757.67001708,2
2006,3,18,2019.8000565,2
2007,4,20,1869.7000047,2
2008,5,38,2957.5300369799997,2
2009,5,36,3664.57009134,2
2010,5,29,3369.58005156,2
2011,3,21,2029.74002454,2
2012,1,2,49.97999954,1
2013,7,39,3799.6600762,0
2014,5,26,2659.71004104,2
2015,4,22,2159.76004022,2
2016,7,50,5384.57011609,0
2017,4,24,2599.75006486,2
2018,3,27,2199.70003506,2
2019,2,14,2279.8400651,2
2020,8,43,3784.57009124,0
2021,8,56,6231.34014124,0
2022,1,8,929.8800201,1
2023,4,22,1647.8100243,2
2024,1,12,699.8700028,1
2025,7,38,4639.45008484,0
2026,5,31,3783.66009138,2
2027,8,63,5133.370102,0
2028,3,20,1219.81000898,2
2029,3,15,2154.9200287,2
2030,7,27,2669.65005494,2
2031,5,26,1859.75002284,2
2032,4,12,1569.86004262,2
2033,5,14,1449.8500480799999,2
2034,4,26,2369.780056,2
2035,6,24,2455.73005682,2
2036,1,1,299.980011,1
2037,8,58,5324.50008777,0
2038,7,43,4239.63008124,0
2039,4,25,1709.83003234,2
2040,2,8,874.89002228,1
2041,8,62,7220.2601548,0
2042,4,30,3049.64007576,2
2043,3,16,1789.78003877,2
2044,7,33,3395.63008134,0
2045,7,44,3501.46003929,0
2046,3,15,1454.87003332,2
2047,2,15,2045.82005312,2
2048,5,33,2809.74006652,2
2049,5,23,1875.79003711,2
2050,5,32,3647.58008958,2
2051,6,33,3440.71007727,2
2052,6,30,2634.6500397,2
2053,4,37,2539.72004698,2
2054,1,1,299.980011,1
2055,4,18,1379.81004334,2
2056,5,30,4074.59009566,2
2057,2,9,829.90002448,1
2058,6,37,3639.5500908599997,0
2059,2,21,1114.76999658,1
2060,4,35,2324.67000952,2
2061,3,25,1329.78002166,2
2062,5,15,1634.840046,2
2063,4,32,4029.66007246,2
2064,5,28,2766.68007276,2
2065,4,21,2559.7700615,2
2066,3,22,1841.76003642,2
2067,5,19,1679.80002974,2
2068,5,29,3169.5400582,2
2069,7,61,4349.2500763200005,0
2070,6,33,3259.73006448,2
2071,10,60,5421.44013214,0
2072,6,44,3909.67004402,0
2074,9,81,6821.15017326,0
2075,2,16,949.89000316,1
2076,6,34,3784.56006051,0
2077,4,30,2559.6300468199997,2
2078,11,49,4659.42011268,0
2079,6,36,3439.44007116,2
2080,3,18,2149.8500519,2
2081,6,22,2039.84003448,2
2082,3,14,1664.8400612799999,2
2083,6,37,5069.5601426,0
2084,5,39,2973.51007458,2
2085,4,33,3652.62007903,2
2086,3,19,1479.72002034,2
2087,8,45,5287.29013076,0
2088,5,34,3109.66006854,2
2089,5,28,3729.69009792,2
2090,2,2,429.9700165,1
2091,8,63,4709.24002446,0
2092,8,57,4694.50011452,0
2093,8,75,4488.2300529,0
2094,5,33,2089.56001658,2
2095,5,17,1859.86004258,2
2097,3,15,1883.8100511,2
2098,2,7,449.8900071,1
2099,4,21,2044.77005197,2
2100,3,13,1979.85005192,2
2101,3,15,1739.81005098,2
2102,5,23,1774.75003808,2
2103,3,12,1339.80001832,1
2104,2,13,939.9500122,1
2105,4,31,2239.7500305,2
2106,4,22,1979.7800560399999,2
2107,5,21,2559.7200318,2
2108,1,13,624.83999635,1
2109,4,23,1544.91001896,2
2110,9,55,4464.39005674,0
2111,7,53,4773.46010972,0
2112,6,33,3759.6000824,2
2113,9,71,6713.23015604,0
2114,8,65,4781.25008774,0
2115,5,30,3139.77005008,2
2116,3,29,2489.67006676,2
2117,3,9,1279.9300232,1
2118,7,36,3229.65009881,0
2119,4,28,3479.74008948,2
2120,3,20,1969.71002576,2
2121,10,51,4524.57007781,0
2122,2,6,724.92001921,1
2123,3,31,2842.64005461,2
2124,6,38,2768.75001526,2
2125,5,47,4049.4400864,0
2126,4,31,2439.54002386,2
2127,3,18,2329.80004885,2
2128,6,51,3769.58004374,0
2129,6,49,4339.4301148,0
2130,3,29,2493.6700439,2
2131,3,13,1959.8400497799998,2
2132,2,11,869.8900299,1
2133,7,68,4182.19002918,0
2134,8,56,5133.37012088,0
2135,5,38,3167.64008523,2
2136,4,27,2307.73006445,2
2137,5,33,4516.58010303,0
2138,2,10,989.9300232,1
2139,4,17,2349.77005768,2
2140,4,26,2611.71007345,2
2141,4,24,2264.8100280999997,2
2142,4,29,2629.780037,2
2143,5,25,1909.6900407,2
2144,6,28,3719.68006514,2
2145,6,36,3150.65004739,2
2146,4,28,1884.74001879,2
2147,4,30,2069.69004442,2
2148,4,33,2474.66004177,2
2149,7,36,3283.78006756,0
2150,6,39,2929.63005816,2
2151,2,32,2179.69002528,2
2152,5,45,3499.4800414,0
2153,6,45,3489.69006726,0
2154,7,37,3309.66008376,0
2155,6,56,5149.3901137600005,0
2156,6,42,4759.56012736,0
2157,9,50,4874.44008073,0
2158,4,25,2624.69006352,2
2159,5,42,2999.63004678,2
2160,3,15,2314.78005025,2
2161,3,22,1674.89002992,2
2162,1,17,1549.8099975999999,1
2163,3,18,1869.81004334,2
2164,6,40,3414.58007822,0
2165,2,15,1419.8700256,1
2166,4,19,2359.82004944,2
2167,2,10,1269.83002476,1
2168,2,2,429.9700165,1
2169,9,58,4839.26006334,0
2170,4,40,3718.71007729,2
2171,3,20,1899.8000336,2
2172,4,32,2345.66003802,2
2173,4,22,1571.73003008,2
2174,6,48,4369.48008356,0
2175,6,32,3019.80005648,2
2176,2,7,451.92001153,1
2177,6,27,2199.73002633,2
2178,1,5,199.95000456,1
2179,4,34,2629.73005288,2
2180,9,46,5969.4401627,0
2181,4,22,1539.80003734,2
2182,5,13,1179.89002992,2
2183,6,46,2985.56007394,0
2184,2,22,1709.8300248,2
2185,5,33,3972.63008132,2
2186,1,8,859.91001508,1
2187,3,23,1369.79001988,2
2188,4,36,1833.72001266,2
2189,2,9,1049.8500061,1
2190,5,39,2829.7200413,2
2191,1,1,199.9900055,1
2192,10,56,4254.51006331,0
2193,6,51,4501.35008809,0
2194,3,11,879.7900086,1
2195,6,44,2957.47002418,0
2196,3,18,1749.7700348,2
2197,8,76,6493.22012519,0
2198,4,25,2899.7600670399997,2
2199,4,20,2533.83005148,2
2200,5,38,3139.55005646,2
2201,4,29,2969.8500596,2
2202,2,11,1889.91003038,1
2203,5,22,1144.80001253,2
2204,7,58,4044.32002256,0
2205,8,60,5926.3201447,0
2206,3,29,2019.6000214,2
2207,3,21,2819.75006494,2
2208,2,11,769.9200211,1
2209,4,34,2234.68002885,2
2210,7,40,4429.5901032,0
2211,8,50,4409.52008818,0
2212,5,33,4159.6201364,2
2213,3,30,2413.70004272,2
2214,5,39,3629.60008234,2
2215,5,33,2289.68003832,2
2216,5,30,3539.78008658,2
2217,7,54,5499.4300462,0
2218,3,15,1449.85004426,2
2219,5,36,4234.53009816,0
2220,8,72,6427.3501054,0
2221,2,10,819.9100266,1
2222,4,18,2889.74007798,2
2223,3,18,1889.9000397,2
2224,9,60,6774.4601519,0
2225,4,16,1499.87004092,2
2226,1,5,299.9500122,1
2227,4,23,1449.8100357,2
2228,6,33,3395.56008528,2
2229,10,88,6473.31014833,0
2230,3,20,1109.85001368,2
2231,5,40,2959.61003871,2
2232,7,38,2894.53007501,0
2233,6,33,3759.61009218,2
2234,4,23,1859.76002122,2
2235,7,50,3539.60005572,0
2236,8,43,3907.5901185,0
2237,6,31,2989.58002494,2
2238,5,33,2874.68007674,2
2239,4,22,2864.76004987,2
2240,8,37,3949.490078,0
2241,4,14,2354.78005608,2
2242,6,30,3179.720064231,2
2243,6,42,4318.43010716,0
2244,2,16,979.89002226,1
2245,4,17,1794.80003734,2
2246,3,13,1299.90002064,1
2247,4,21,2383.77006154,2
2248,3,16,1349.8600234599999,2
2249,5,31,2489.75002296,2
2250,6,51,5009.45009226,0
2251,6,34,3179.59006128,2
2252,8,58,5126.32008927,0
2253,2,19,1547.81002434,1
2254,3,33,2944.62007142,2
2255,7,47,4539.54009445,0
2256,7,52,4789.57009891,0
2257,7,56,4461.52006329,0
2258,4,34,2929.67002486,2
2259,2,6,519.93001176,1
2260,5,32,1926.65003011,2
2261,2,13,1014.86003112,1
2262,3,9,457.90000910000003,1
2263,4,20,2369.83005146,2
2264,2,7,344.98000336,1
2265,6,27,2609.7500801799997,2
2266,4,17,2809.85007486,2
2267,8,36,4389.6200829,0
2268,8,42,3617.6600838599998,0
2269,3,31,2157.64004134,2
2270,5,15,2149.85006338,2
2271,4,19,1494.80002216,2
2272,4,18,1184.89002612,2
2273,2,13,1199.86004067,1
2274,2,23,2007.73004156,2
2275,2,9,949.9000321,1
2276,4,29,3179.79006196,2
2277,6,46,4459.59009186,0
2278,9,57,5699.6001359,0
2279,1,3,219.98000527,1
2280,3,18,1219.91001892,2
2281,4,31,2034.73004524,2
2282,2,20,1434.7600288600001,1
2283,2,8,615.93001562,1
2284,5,48,3514.56008711,0
2285,4,15,1504.86004067,2
2286,4,19,2391.78006555,2
2287,4,24,1659.810028,2
2288,7,41,3984.55009468,0
2289,3,27,2589.740036,2
2290,2,20,2039.8200531,2
2291,8,54,5092.54008496,0
2292,9,91,8293.04016511,0
2293,3,6,1329.9200286999999,1
2294,3,28,1849.7000275,2
2295,5,35,3309.55001838,2
2296,5,33,3207.54006966,2
2297,6,33,2709.62004092,2
2298,5,50,4839.49010844,0
2299,7,42,3639.56007014,0
2300,7,34,2914.63005834,2
2301,8,48,4569.44008646,0
2302,1,11,719.8900146,1
2303,7,69,6219.19007864,0
2304,2,24,2129.79002372,2
2305,3,25,1951.71005242,2
2306,6,57,4549.47005454,0
2307,5,25,2931.71007166,2
2308,3,15,1899.78003314,2
2309,6,48,3182.4900512599997,0
2310,7,59,4604.42009556,0
2311,3,26,2299.71005254,2
2312,4,14,1139.89002992,2
2313,6,31,2933.7300874,2
2314,2,7,379.8899994,1
2315,1,12,1174.92002297,1
2316,6,26,3459.69006736,2
2317,3,33,2494.52001188,2
2318,5,39,2671.65004334,2
2319,8,47,4517.55011366,0
2320,8,50,4489.4800929699995,0
2321,7,41,4474.48009108,0
2322,4,36,2629.6300353799998,2
2323,4,23,2329.7900468,2
2324,3,22,1809.82004164,2
2325,7,43,4654.52010531,0
2326,4,32,3039.7800598,2
2327,4,21,1734.74003984,2
2328,6,44,3189.63005444,0
2329,6,34,2673.59004222,2
2330,9,77,6356.21010783,0
2331,3,16,2049.8400421,2
2332,2,7,319.9300003,1
2333,2,10,1639.85004428,1
2334,5,57,4927.4700698999995,0
2335,8,46,5379.42008216,0
2336,6,43,3339.69007488,0
2337,3,30,2829.7300566999997,2
2338,2,6,496.94999883,1
2339,4,25,1819.7600327,2
2340,3,6,1078.93002704,1
2341,5,39,3629.64005666,2
2342,3,16,1019.83002084,1
2343,3,15,1349.90003206,2
2344,2,9,729.90001678,1
2345,5,31,2485.6400375,2
2346,4,28,1929.8000412000001,2
2347,3,16,1279.8700217800001,2
2348,3,25,1689.75001138,2
2349,4,43,3469.58008192,2
2350,5,26,2374.75003615,2
2351,4,19,1309.8000335,2
2352,5,35,2629.670044,2
2353,2,11,729.89000897,1
2354,3,31,2444.70004659,2
2355,3,18,1909.8500519,2
2356,3,33,3127.63006968,2
2357,5,29,3719.58007056,2
2358,3,22,1809.8400421,2
2359,4,13,849.79000474,2
2360,2,20,1099.8700256,1
2361,5,28,1763.70003512,2
2362,8,67,5393.36012658,0
2363,5,33,2769.5800438,2
2364,4,37,3949.6200753,2
2365,9,56,5119.5900728,0
2366,4,27,2669.7400704399997,2
2367,8,52,4653.38009274,0
2368,7,52,3819.50005155,0
2369,3,17,2079.81006626,2
2370,3,25,2487.65005499,2
2371,3,21,2369.76005936,2
2372,5,25,2679.7600251,2
2373,8,63,5674.37012472,0
2374,4,10,1739.91004568,2
2375,5,41,3649.5300522,2
2376,4,23,1944.83002289,2
2377,5,33,3089.73007206,2
2378,6,35,3615.53009036,2
2379,1,13,749.86001584,1
2380,2,14,1245.84004212,1
2381,5,42,3419.77005002,2
2382,6,41,2959.52001574,2
2383,4,27,1889.75002282,2
2384,10,61,5412.29009065,0
2385,6,28,2384.71004872,2
2386,5,28,2708.78006756,2
2387,5,45,3359.6000671,2
2388,3,12,1384.86003876,1
2389,9,68,6257.14012172,0
2390,3,15,1009.9000168,1
2391,4,31,2571.6300582,2
2392,4,22,1749.74001318,2
2393,1,6,519.97001268,1
2394,6,35,3369.6500778199998,2
2395,5,26,2349.74005128,2
2396,1,1,399.980011,1
2397,5,47,3884.4100418,0
2398,3,21,1464.84003446,2
2399,2,5,469.9500122,1
2400,5,21,1133.7300034,2
2401,3,29,3505.74006662,2
2402,8,64,4319.40004364,0
2403,10,56,4800.3500444,0
2404,5,47,4030.42003827,0
2405,4,13,1029.80001842,2
2406,5,45,3849.66007226,0
2407,5,33,2778.55002222,2
2408,3,7,899.95001986,1
2409,3,11,2059.88005454,2
2410,5,29,2299.63002018,2
2411,2,11,1259.8700409,1
2412,4,20,1769.9000169,2
2413,2,12,989.9400177,1
2414,6,47,3688.55009072,0
2415,3,27,1869.8100433,2
2416,3,15,1634.82001112,2
2417,7,50,5649.53012474,0
2418,5,36,3319.5200806,2
2419,5,38,3874.58007822,2
2420,5,32,3684.63009262,2
2421,2,24,1312.79002758,2
2422,4,28,2905.72009282,2
2423,4,23,2817.71007156,2
2424,5,26,2413.80006412,2
2425,5,28,2753.76005562,2
2426,2,15,789.8900146,1
2427,5,40,3049.68003846,2
2428,2,15,1459.8300322999999,1
2429,8,48,5172.40012557,0
2430,8,44,3604.68006321,0
2431,3,21,1664.73002626,2
2432,3,23,2399.8100281,2
2433,11,59,5623.5100787599995,0
2434,4,22,1553.7700385399999,2
2435,5,35,3674.68008432,2
2436,5,29,2121.73004721,2
2437,5,19,1239.81002804,2
2438,3,19,1889.71004687,2
2439,4,31,3049.59006506,2
2440,2,23,1779.73004144,2
2441,7,30,2697.70004471,2
2442,5,18,1899.7600517,2
2443,2,14,905.84002109,1
2444,9,89,7267.1901398400005,0
2445,3,14,2009.84004222,2
2446,5,56,4789.39009862,0
2447,6,49,5664.49009334,0
2448,5,19,2234.79003136,2
2449,2,9,749.9100266,1
2451,8,65,5625.44009219,0
2452,4,30,2549.780056,2
2453,8,53,4594.470066,0
2454,5,38,3294.5700646200003,2
2455,3,25,1767.71002196,2
2456,3,20,1774.83005146,2
2457,4,15,1585.83003234,2
2458,4,24,2539.7000504,2
2459,2,17,1299.81003198,1
2460,5,25,2929.85006338,2
2461,5,30,4477.63010034,2
2462,8,71,6015.3601189,0
2463,4,28,2089.68003848,2
2464,7,46,3199.64007765,0
2465,2,8,299.95999908,1
2466,6,34,3699.72007764,2
2467,6,74,4354.40004724,0
2468,3,23,1869.73003398,2
2469,9,47,4748.60011115,0
2470,5,31,2899.6000556999998,2
2471,3,27,2709.69004828,2
2472,5,17,1989.8000526399999,2
2473,6,30,2679.68007286,2
2474,1,16,1429.8700409,1
2475,6,39,4490.6201211,0
2476,4,36,4039.62006386,2
2477,5,20,1804.81003379,2
2478,5,45,3674.54004475,0
2479,1,5,749.94002154,1
2480,1,7,929.92002108,1
2481,3,16,2624.79006387,2
2482,6,40,2899.54004282,2
2483,6,21,3049.74008186,2
2484,9,52,7499.32014102,0
2485,8,39,3333.72007376,0
2486,5,30,2009.69003674,2
2487,3,19,1319.8600083000001,2
2488,4,44,2929.4900435,2
2489,1,13,1019.8600311,1
2490,3,27,2169.6200409,2
2491,3,15,917.88999753,1
2492,4,35,2017.6400337,2
2493,2,19,945.8500175,1
2494,9,40,3661.5000801,0
2495,4,37,3424.6200560400002,2
2496,3,22,2614.78006746,2
2497,4,31,2259.75003426,2
2498,5,27,1779.82001307,2
2499,2,13,1549.8900223,1
2500,3,10,1259.9000397,1
2501,4,46,3226.50006096,2
2502,5,33,3699.66009146,2
2503,4,21,2539.77005774,2
2504,6,55,4074.5300332,0
2505,4,25,2199.85004808,2
2506,1,8,639.9199982,1
2507,4,17,1689.8300476,2
2508,8,74,5753.33010106,0
2509,4,14,1659.84004598,2
2510,4,43,3029.60007094,2
2511,6,26,2731.7500706299998,2
2512,1,12,489.86000060000003,1
2513,5,28,2586.83005144,2
2514,9,49,5791.40010088,0
2515,6,31,3389.6800766799997,2
2516,2,10,1419.8800431,1
2517,4,19,1663.8200302999999,2
2518,4,16,1179.84001534,2
2519,6,46,3749.54004487,0
2520,6,31,2594.71005823,2
2521,4,25,2239.73004528,2
2522,3,20,1899.7800445,2
2523,5,19,2055.82002646,2
2524,3,24,2679.75005346,2
2525,6,33,3921.72005488,0
2526,4,22,2080.79002392,2
2527,2,4,959.940033,1
2528,8,42,5589.48004922,0
2529,4,18,1609.8600464,2
2530,3,32,3589.67008604,2
2531,5,39,3219.52005008,2
2532,7,51,4219.39007564,0
2533,3,25,2289.63003924,2
2534,3,18,2019.8700523799998,2
2535,1,5,419.95000455999997,1
2536,2,12,1339.90002824,1
2537,8,34,5999.53017442,0
2538,4,36,3039.71007156,2
2539,3,26,2229.7000504000002,2
2540,9,50,5577.45012296,0
2541,3,22,2169.76004788,2
2542,1,3,319.9700089,1
2543,2,12,1599.83004764,1
2544,2,20,1409.85003278,1
2545,1,9,949.8600236,1
2546,6,29,3319.67007074,2
2547,5,31,3161.61006747,2
2548,4,22,1479.78003702,2
2549,9,56,5474.48012176,0
2550,3,17,2129.77006152,2
2551,3,21,1999.74003986,2
2552,3,45,3043.66003038,2
2553,10,61,5709.4001466,0
2554,3,9,1199.8900299,1
2555,8,65,5684.31012173,0
2556,5,25,3409.69006736,2
2557,3,27,2549.8200531,2
2558,2,2,399.980011,1
2559,4,39,3324.31008522,2
2560,7,41,3871.69009404,0
2561,3,17,1673.9000359,2
2562,7,55,4255.39005667,0
2563,5,29,2414.72002983,2
2564,4,38,5889.5400731400005,0
2565,3,8,649.8800049,1
2566,1,3,399.980011,1
2567,6,47,3049.52001586,0
2568,4,26,2385.81003954,2
2569,6,54,4123.51007086,0
2570,1,6,599.980011,1
2571,6,28,3839.6200905,2
2572,7,52,4019.72006992,0
2573,3,26,1629.870018,2
2574,4,33,3069.6100312,2
2575,4,24,1592.84003068,2
2576,2,16,859.90001678,1
2578,5,39,4879.5000916,0
2579,2,12,769.92002106,1
2580,4,34,3029.69005586,2
2581,7,53,5649.4300728,0
2582,5,27,3399.780079,2
2583,1,5,363.97001267999997,1
2584,4,23,2609.81000536,2
2585,6,38,4679.5801392,0
2586,5,36,4374.51007275,0
2587,2,14,1439.82001878,1
2588,8,52,3791.58008381,0
2589,7,47,4344.59008046,0
2590,5,38,3539.71009074,2
2591,6,29,4379.6801147999995,0
2592,5,27,2269.7100296,2
2593,6,40,4351.70008478,0
2594,3,11,1309.8400268999999,1
2595,8,65,6769.28016471,0
2596,3,19,2239.7600479000002,2
2597,5,25,2546.68005189,2
2598,3,14,879.83999634,1
2599,2,14,1209.960022,1
2600,6,56,5125.32011406,0
2602,3,23,2649.59004226,2
2603,3,27,1689.62001798,2
2604,5,19,1709.87002564,2
2605,7,36,3984.62010582,0
2606,2,15,1099.87001798,1
2607,2,14,965.8600235,1
2608,8,49,4095.58007058,0
2609,7,53,5159.46011352,0
2610,9,47,4877.5001087499995,0
2611,5,29,2344.73004725,2
2612,6,39,3564.5800514000002,0
2613,6,43,3459.5100517,0
2614,1,11,694.90000726,1
2615,6,33,1577.76002876,2
2616,4,23,3322.73007584,2
2617,9,64,3879.25003049,0
2618,7,49,4757.39010242,0
2619,3,9,499.92000194,1
2620,3,21,1379.8400383,2
2621,3,26,2509.780056,2
2622,7,36,2659.570057,2
2623,3,21,2219.80004888,2
2624,4,22,1694.68003078,2
2625,11,65,5987.37010962,0
2626,7,55,6274.36015328,0
2627,7,48,4787.53012659,0
2628,6,54,3855.3100262899998,0
2629,4,27,1839.74003984,2
2630,7,41,4499.67009752,0
2631,3,25,1829.71004868,2
2632,3,27,2689.78007128,2
2633,4,41,3844.65006457,2
2634,5,30,2579.6900634,2
2635,2,17,1594.8200226,1
2636,6,46,3919.42007049,0
2637,2,10,709.9300155999999,1
2638,5,35,3209.6900405799997,2
2639,1,2,100.0,1
2640,4,23,2409.7500345,2
2641,11,90,9130.92022358,0
2642,6,34,2579.7400436,2
2643,5,28,2119.67003634,2
2644,7,30,3259.69003306,2
2645,5,22,1629.69002146,2
2646,8,50,4455.5700989,0
2647,2,10,577.9500046,1
2648,3,15,1409.80003738,2
2649,5,24,1999.80003352,2
2650,3,13,929.9300232,1
2651,3,23,1899.82004554,2
2652,6,50,4309.46010592,0
2653,6,45,3320.49003788,0
2654,5,41,4249.59007276,0
2655,5,33,2884.65003592,2
2656,6,35,3205.69007874,2
2657,5,36,2969.60005005,2
2658,3,23,1582.74002836,2
2659,3,27,1267.6500167,2
2660,5,30,2529.75003424,2
2662,5,24,1339.7900199800001,2
2663,5,41,3349.59001926,2
2664,6,41,3589.56007,0
2666,3,20,2034.73005863,2
2667,7,54,3674.5100745600002,0
2668,5,46,4259.64007772,0
2669,7,62,5090.28012092,0
2670,5,43,4339.58006294,0
2671,1,1,179.9900055,1
2672,2,8,1479.8900452,1
2673,5,31,1994.72004125,2
2674,6,28,3179.69005968,2
2675,5,33,3139.73008348,2
2676,7,31,4251.55010421,0
2677,1,1,129.9900055,1
2678,4,26,2509.74006656,2
2679,2,21,1749.76000972,2
2680,7,51,5069.53010952,0
2681,5,27,2749.6600686399997,2
2682,2,10,859.9400177,1
2683,9,60,5539.20010004,0
2684,6,45,4239.53008642,0
2685,4,17,1687.77004825,2
2686,1,5,219.95000456,1
2687,7,54,5468.51009752,0
2688,6,29,2299.6700554,2
2689,5,39,2620.66004184,2
2690,6,26,2684.74007804,2
2691,5,39,2965.74003411,2
2692,7,47,3419.6000481,0
2693,5,23,2419.71006016,2
2695,1,7,679.9700164999999,1
2696,3,13,1229.9000054,1
2697,4,23,2564.80004508,2
2698,5,38,3189.550045,2
2699,4,23,2673.7600441,2
2700,1,3,999.940033,1
2701,6,32,3369.6900674,2
2702,2,10,1909.88005458,1
2703,8,44,4889.51010524,0
2704,6,25,1779.8800316,2
2705,5,28,2749.6800651999997,2
2706,7,40,3759.61004453,0
2707,5,29,2399.66004186,2
2708,9,56,5909.27012664,0
2709,3,20,2729.70004276,2
2710,3,16,1587.8700410000001,2
2711,3,27,2102.78004076,2
2712,5,19,1719.810029951,2
2713,5,30,2709.7400589,2
2714,4,17,2424.80006412,2
2715,4,24,2394.7800408,2
2716,4,34,2671.6400489,2
2717,6,57,4659.39006418,0
2718,7,50,4085.53007128,0
2719,5,24,2599.78005608,2
2720,3,20,2569.84005167,2
2721,5,29,3719.72009282,2
2722,4,19,1499.7200012600001,2
2723,7,84,7719.0801544999995,0
2724,4,31,1921.70003323,2
2725,5,52,3855.48004908,0
2726,5,34,2439.81002428,2
2727,7,50,4654.4500960000005,0
2728,6,46,4379.5800553,0
2729,3,19,1789.78005218,2
2730,2,8,729.9400177,1
2731,7,52,4089.4600677,0
2732,1,9,429.98000336,1
2733,7,40,2719.74006274,0
2734,3,13,2369.84004604,2
2735,5,34,3389.76007468,2
2736,3,30,2909.6600495000002,2
2737,4,34,2218.69003873,2
2738,6,34,3319.5800896,2
2739,1,2,119.98000336,1
2740,6,56,6749.410133599999,0
2741,4,36,2303.6100312,2
2742,5,38,2374.65005117,2
2743,6,31,2639.70005808,2
2744,6,24,2563.70008474,2
2745,1,3,299.97001267999997,1
2746,4,27,2784.7300796600002,2
2747,5,22,2709.72006618,2
2748,8,29,3989.7401085799997,0
2749,2,16,1599.7800293,1
2750,8,57,4264.34008813,0
2751,3,17,2659.75006494,2
2752,6,39,4043.59009552,0
2753,5,25,1624.75003622,2
2754,6,34,3474.6500817,2
2755,9,49,5779.45011892,0
2756,6,31,3894.50007632,2
2757,4,18,1959.70001606,2
2758,6,36,2769.56004889,2
2759,7,39,4769.52008836,0
2760,2,3,299.95000458,1
2761,2,13,1069.870018,1
2762,6,35,2469.69004068,2
2763,6,49,4514.53007507,0
2764,5,28,2679.88005072,2
2765,7,35,3629.5800858,0
2766,5,38,2909.6400622700003,2
2767,5,34,3479.570076,2
2768,6,42,3374.53005596,0
2769,9,63,5084.20006938,0
2770,3,15,1284.87003328,2
2771,3,23,2309.81004724,2
2772,3,23,1953.76005558,2
2773,7,68,6299.37012886,0
2774,12,69,8039.3001862599995,0
2775,4,40,2287.75002669,2
2776,4,12,1459.8100243,2
2777,5,22,2149.7600479,2
2778,3,15,1299.81002428,2
2779,1,8,679.88999562,1
2780,6,49,4379.46006782,0
2781,6,28,2169.740034051,2
2782,4,22,2334.79004668,2
2783,8,44,4690.58011827,0
2784,5,34,2943.75004964,2
2785,8,62,3449.5100286800002,0
2786,5,51,3447.5900421,0
2787,6,42,3024.56003574,2
2788,6,30,2889.69005779,2
2789,3,21,2529.79003902,2
2790,7,46,3345.5200919,0
2791,2,2,329.980011,1
2792,5,44,3129.60005578,2
2793,6,32,2679.60005568,2
2794,3,25,2349.7800293,2
2795,2,7,709.90001678,1
2796,6,47,3859.4900704,0
2797,3,16,1399.83000574,2
2798,5,46,3427.5200614,0
2799,5,32,2699.7200394,2
2800,7,53,5443.48011032,0
2801,5,27,3529.8000947,2
2802,6,47,3969.6300545999998,0
2803,8,50,3996.53008268,0
2804,6,31,3489.7100830599998,2
2805,5,45,3219.56004334,2
2806,3,11,1089.86001966,1
2807,3,14,1133.89003567,1
2808,2,10,1229.92002106,1
2809,5,39,3399.67009738,2
2810,4,31,2389.66004188,2
2811,5,54,4049.36006544,0
2812,5,35,3669.54006964,2
2813,8,62,6929.40015044,0
2814,5,30,3234.67007453,2
2815,3,24,2249.81002806,2
2816,5,28,1749.7600249,2
2817,1,5,899.95001986,1
2818,4,46,3529.54005062,2
2819,5,23,3229.6900827199997,2
2820,2,10,549.90000917,1
2821,4,18,1954.8500480799999,2
2822,1,13,1209.9100266,1
2823,5,23,1999.75005336,2
2824,7,49,5254.41010288,0
2825,5,51,4277.4100990199995,0
2826,9,65,5627.30009862,0
2827,4,16,2037.85005007,2
2828,3,15,1458.80002216,2
2829,5,34,3807.66011824,2
2830,5,65,4874.42008186,0
2831,3,38,3289.69005588,2
2832,2,9,859.84001546,1
2833,10,64,5277.28006743,0
2834,5,39,3229.5400848,2
2835,4,30,2159.74003224,2
2836,4,20,2459.8000603,2
2837,3,15,1354.8500365999998,2
2838,3,27,2104.68003848,2
2839,4,31,2659.8000565,2
2841,2,12,1019.8400191999999,1
2842,8,59,5989.49011608,0
2843,1,4,809.93002322,1
2844,10,74,5439.44007862,0
2845,7,63,4474.34007269,0
2846,3,17,859.8500061,1
2847,4,36,3444.61005796,2
2848,6,35,4171.67009557,0
2849,1,2,119.9800034,1
2850,3,9,859.84001928,1
2851,11,66,7037.3602066799995,0
2852,5,23,2839.68008056,2
2853,2,11,1224.90003397,1
2854,5,23,1965.810028,2
2856,6,41,3384.6100617,0
2857,6,36,4319.67010508,0
2858,2,13,1829.85001368,1
2859,5,18,1619.79999538,2
2860,13,77,6387.280136201,0
2861,5,34,3649.69007498,2
2862,3,21,2159.76005178,2
2863,7,35,2739.80006412,2
2864,2,13,837.93001938,1
2865,3,21,2149.72003932,2
2866,3,21,1989.71004677,2
2867,2,12,1169.9000244,1
2868,3,12,1374.8900376,1
2869,6,30,3683.63008506,2
2870,4,32,1954.56001282,2
2871,3,21,1569.79002764,2
2872,8,57,5729.3601533,0
2873,9,52,4360.47007555,0
2874,4,26,1919.70003138,2
2875,2,9,449.9199982,1
2876,6,52,3805.55008306,0
2877,3,18,1849.76003644,2
2878,5,26,2289.74005128,2
2879,4,15,1499.7900276599999,2
2880,3,17,1839.7500381999998,2
2881,8,59,4260.3000240500005,0
2882,8,33,2649.71006403,0
2883,3,7,1079.90002824,1
2884,4,23,1935.86003878,2
2885,5,42,3289.590065,2
2887,1,19,859.81000508,1
2888,3,17,1479.81004335,2
2889,5,34,3469.61005408,2
2890,4,36,3065.5200462,2
2891,6,36,2097.6300373100003,2
2892,3,16,1949.8600464,2
2893,7,70,5384.26008791,0
2894,3,16,1639.7800522,2
2895,3,30,1709.71002194,2
2896,6,34,3901.64007948,0
2897,4,11,1109.920023031,2
2898,2,15,1359.8100052999998,1
2899,3,13,2029.8600617,2
2900,2,4,939.9000243999999,1
2901,4,26,2209.69004824,2
2902,5,24,2689.76007657,2
2903,6,51,2959.35002126,0
2904,6,36,2979.61004634,2
2905,3,17,1809.80004116,2
2906,5,32,3495.60008248,2
2907,8,45,3479.56005482,0
2908,5,22,2675.8200608399998,2
2909,6,51,5359.36011521,0
2910,6,24,3909.7700616,2
2911,6,49,3519.41006078,0
2912,2,13,1049.8400191599999,1
2913,6,48,2777.45003516,0
2914,5,26,2549.7400627399998,2
2915,4,25,3369.7200623999997,2
2916,5,39,2311.5300026200002,2
2917,5,23,2637.7800790399997,2
2918,9,49,4099.58008015,0
2919,7,39,3654.62010574,0
2920,4,25,1929.8400383599999,2
2921,3,22,2239.7700425,2
2922,6,45,4234.45009608,0
2923,4,23,1839.8300437799999,2
2924,2,16,1441.87003523,1
2925,5,23,2509.7500343399997,2
2926,4,39,3159.6300507,2
2927,8,48,4139.5300598,0
2928,5,39,3549.60002908,2
2929,3,19,2129.7600555999998,2
2930,9,64,4223.42007442,0
2931,2,14,1135.84002684,1
2932,5,42,3619.53004458,2
2933,3,16,1149.85003278,2
2934,8,40,3959.54010388,0
2935,4,17,1569.79000862,2
2936,5,27,3239.70009622,2
2937,2,6,519.9100112799999,1
2938,6,42,3191.52005774,0
2939,4,22,1653.77003488,2
2940,4,17,1879.81003956,2
2941,3,10,1569.8700523799998,1
2942,6,38,5189.6400987,0
2943,2,11,659.8900223,1
2944,6,41,2717.48004355,2
2945,5,12,929.88003546,2
2946,6,30,2859.58006674,2
2947,3,19,2298.77003108,2
2948,6,28,2274.73005288,2
2949,4,43,2857.62002946,2
2950,5,20,1309.85001748,2
2951,3,26,2204.74005506,2
2952,2,9,1369.92003636,1
2953,5,38,2749.4999848,2
2954,3,16,1104.9600067000001,2
2955,2,12,1499.89004138,1
2956,2,4,679.95001986,1
2957,3,38,2859.68006518,2
2958,7,42,3858.5901071,0
2959,6,52,3209.4900474,0
2960,8,54,4721.30007946,0
2961,6,35,2465.62005232,2
2962,4,25,2144.75004391,2
2963,5,35,2974.65006258,2
2964,6,43,3965.46007548,0
2965,2,15,1259.8900299,1
2966,3,10,1509.88004308,1
2967,2,13,1629.79004294,1
2968,5,42,2272.42003627,2
2969,5,52,5367.46012875,0
2970,12,79,7231.15014644,0
2971,1,5,629.93001174,1
2972,4,21,2459.77005008,2
2974,5,14,1199.8300208800001,2
2975,2,21,1779.8500365999998,2
2976,2,5,639.9400177,1
2977,1,7,1209.90002442,1
2978,2,16,2059.87004856,2
2979,8,46,4299.50008211,0
2980,5,37,3349.6100731,2
2981,2,17,1029.92001724,1
2982,3,21,1669.8500480799999,2
2983,6,26,2929.83003996,2
2984,5,35,2565.71002966,2
2985,4,18,2679.8100624999997,2
2987,2,15,789.8500175199999,1
2988,7,51,4509.53009796,0
2989,4,31,3269.62005994,2
2990,3,21,1801.78000837,2
2991,3,23,1719.76002894,2
2992,4,31,3695.64008517,2
2993,5,36,3599.6400681,2
2994,4,37,3279.60004814,2
2995,4,15,1819.8600426599999,2
2996,3,16,1149.84001918,2
2997,8,48,3724.53009414,0
2998,3,24,1769.74004748,2
2999,5,23,2434.75004596,2
3000,3,25,2624.69005208,2
3001,5,14,2709.8200722799997,2
3002,2,19,1559.9000092,2
3003,3,20,1829.8100281,2
3004,3,12,1629.85002524,2
3005,5,49,3734.51007458,0
3006,6,29,3069.700044571,2
3007,6,18,1849.79005434,2
3008,3,15,1599.8200302999999,2
3009,2,12,599.9199982,1
3010,6,36,4049.60007484,0
3011,5,34,3127.57006456,2
3012,4,26,1859.6900176,2
3013,2,10,849.88001248,1
3014,1,3,549.97000886,1
3015,3,19,1849.82004164,2
3016,6,33,2437.67003634,2
3017,4,22,1899.6700286999999,2
3018,3,24,2099.800045,2
3019,4,27,1889.7700270999999,2
3020,6,52,5234.51010902,0
3021,7,41,4729.58010864,0
3022,7,37,4139.52009198,0
3023,1,4,207.9600067,1
3024,5,22,3089.78004854,2
3025,6,30,3109.61007503,2
3026,4,26,2229.7200394,2
3027,3,21,3109.73009689,2
3028,4,28,2209.69004054,2
3029,5,32,2720.6700592400002,2
3030,3,23,1374.9300079,2
3031,8,47,6159.5201342,0
3032,6,35,2779.6800230999997,2
3033,6,37,4939.5401002,0
3034,8,24,2569.7400551,2
3035,5,44,4039.540085,0
3036,4,26,2789.80004892,2
3037,5,29,2609.8300553,2
3038,9,76,6083.23007568,0
3039,6,36,2744.59006116,2
3040,4,33,2984.70006174,2
3041,2,10,1339.74000934,1
3042,6,41,4483.54010012,0
3043,3,20,1919.8500481,2
3044,4,34,3149.6000634399998,2
3045,2,27,1923.8500443,2
3046,5,53,4319.45007704,0
3047,4,32,2080.71002946,2
3048,3,12,1889.84004594,2
3049,1,4,219.94000248,1
3050,4,23,2279.85003288,2
3051,7,57,5779.24011618,0
3052,7,35,2707.58003421,2
3053,2,12,1151.87003905,1
3054,3,17,1314.8400192,2
3055,3,15,1599.9200363999998,2
3056,4,37,4099.56005114,2
3057,3,12,1687.85004048,2
3058,4,33,2819.6300507,2
3059,2,17,1109.72002416,1
3060,2,10,954.90002442,1
3061,5,25,2189.76004795,2
3062,1,7,588.9400024,1
3063,3,25,2679.61005408,2
3064,4,28,2199.69001768,2
3065,5,17,1849.810051,2
3066,6,51,4594.52011106,0
3067,4,25,2729.63005072,2
3068,4,25,2589.69005588,2
3069,5,21,2069.79005054,2
3070,4,35,3369.65008544,2
3071,6,43,4969.43013016,0
3072,3,23,1769.79003905,2
3073,3,22,2279.76004414,2
3074,10,49,5189.45010766,0
3075,3,13,1189.85002514,1
3076,2,8,1015.92003254,1
3077,3,19,2174.75005728,2
3078,3,14,2087.9100495,2
3079,6,35,3529.61006166,2
3080,3,18,1709.82003028,2
3081,7,45,3759.58008948,0
3082,4,33,3219.68005388,2
3083,9,51,4144.53004458,0
3084,1,7,959.95002368,1
3085,6,48,3535.5000459,0
3086,4,32,2749.85005192,2
3087,1,10,489.93000412,1
3088,5,40,2729.64004144,2
3089,3,13,1829.8500519,2
3090,5,34,2889.62005986,2
3091,5,36,2584.61002736,2
3092,4,32,2027.6900482,2
3093,1,7,429.86999893999996,1
3094,4,21,1629.8100434,2
3095,5,26,2599.74004748,2
3096,4,27,3081.7400552199997,2
3097,3,22,2119.77005766,2
3098,7,38,4123.60010154,0
3099,8,61,5957.35008835,0
3100,2,24,2079.77004624,2
3101,1,12,1059.9400177,1
3102,4,34,2329.5900382600003,2
3103,4,28,2199.88001638,2
3104,5,33,2229.77001576,2
3105,4,60,3754.4600296,0
3106,4,29,2234.58002466,2
3107,3,16,1569.8100357600001,2
3108,2,3,1099.9400329999999,1
3109,2,15,1319.91003038,1
3110,5,25,3339.6700745,2
3111,2,21,1399.82003782,2
3112,4,26,2541.75005911,2
3113,2,11,1609.82004166,1
3114,5,36,3317.58006298,2
3115,6,39,3748.59009176,0
3116,2,12,1009.91001894,1
3117,5,31,3659.55009476,2
3118,5,29,3119.52005006,2
3119,7,39,4263.57010276,0
3120,5,26,2625.65005114,2
3121,4,38,3395.56007392,2
3122,5,33,3379.61007308,2
3123,3,34,2799.5200462,2
3124,1,12,989.8800201,1
3125,4,24,2439.7000694,2
3126,3,24,1581.80002592,2
3127,9,51,4799.51010518,0
3128,9,67,5064.17009356,0
3129,8,38,3149.70005798,0
3130,2,11,1129.88003546,1
3131,4,23,1559.64000702,2
3132,6,22,2969.7000772,2
3133,8,45,5033.51012056,0
3134,2,11,1479.8800354,1
3135,3,9,1179.90003208,1
3136,6,56,5578.33008586,0
3137,5,47,3649.55006784,0
3138,8,68,5311.19010164,0
3139,4,29,2389.67005914,2
3140,4,38,3257.61005036,2
3141,3,23,1769.67003636,2
3142,3,19,1609.8500480799999,2
3143,2,16,1649.8000412,1
3144,7,55,3877.41010085,0
3145,6,47,3099.65003584,0
3146,5,32,2779.62004852,2
3147,9,41,4253.60009195,0
3148,6,49,4217.55007554,0
3149,5,22,1265.6900215599999,2
3150,5,39,2829.72004696,2
3151,4,25,2044.69004056,2
3152,2,10,1249.8200378,1
3153,7,50,4339.41009914,0
3154,7,40,2515.47001453,2
3155,9,53,4349.36007694,0
3156,2,17,1229.8800201,1
3157,4,21,1669.820015,2
3158,2,15,1289.86002354,1
3159,7,52,3303.50002666,0
3160,6,36,3474.5500794199997,2
3161,10,56,3863.42006286,0
3162,7,46,2812.6100081,0
3163,6,35,3229.6500931,2
3164,4,18,2579.78005994,2
3165,5,33,3099.6500816,2
3166,4,27,2679.78006754,2
3167,10,48,4929.52006164,0
3168,4,31,2809.77004628,2
3169,4,12,849.8800087999999,2
3170,2,12,1291.87004478,1
3171,4,36,1905.74002259,2
3172,6,28,2914.6800747899997,2
3173,4,28,2819.53005992,2
3174,1,14,1599.8400117,1
3175,6,43,3229.52004626,0
3176,4,40,3551.54009439,2
3177,5,38,3319.6800233,2
3178,4,17,2839.74007416,2
3179,4,35,2384.67004778,2
3180,8,68,5473.1300889,0
3181,6,21,2329.74007034,2
3182,7,46,4069.6300812,0
3183,1,1,59.99000168,1
3184,8,62,5500.44009384,0
3185,3,11,1819.8800431,2
3186,5,30,1979.6300048800001,2
3187,8,63,5399.26007468,0
3188,5,50,4419.43009562,0
3189,7,29,4389.57009896,0
3190,4,22,1314.74001696,2
3191,2,13,579.87000266,1
3192,7,48,3566.45006355,0
3193,6,30,3474.69008266,2
3194,5,25,1719.81002432,2
3195,5,34,2585.61003496,2
3196,4,28,2514.7000389,2
3197,6,53,4571.52006729,0
3198,6,41,2799.5700302,2
3199,10,81,6828.07014083,0
3200,6,54,3696.42004008,0
3201,6,41,2889.68005374,2
3202,7,58,4118.0900499,0
3203,4,22,2229.780037,2
3204,4,16,1747.79003912,2
3205,5,28,1978.73003006,2
3206,6,45,5089.44010168,0
3207,5,39,2639.63001244,2
3208,2,15,924.8900261,1
3209,4,13,1159.88002394,2
3210,2,9,899.9500198999999,1
3211,3,11,1779.8700524399999,2
3212,7,26,2659.67007836,2
3213,5,36,3139.57005308,2
3214,5,40,3247.6500741,2
3215,5,30,2159.83004,2
3216,6,31,3401.63004483,2
3217,4,48,3074.43004228,2
3218,4,31,2079.55002214,2
3219,6,39,3894.66008567,0
3220,5,33,2499.62003696,2
3221,3,17,1409.87003708,2
3222,5,37,3173.57007988,2
3223,6,52,3789.42004778,0
3224,7,42,4671.51014334,0
3225,3,27,3129.8100587,2
3226,7,29,2771.6900730899997,2
3227,2,10,1029.89002226,1
3228,6,27,3013.72006234,2
3229,8,52,5223.4601404,0
3230,2,10,699.90002824,1
3231,7,55,4254.39010236,0
3232,5,43,3814.6200523400003,0
3233,3,21,1934.74003606,2
3234,3,19,1989.68004228,2
3235,9,45,4993.6001244399995,0
3236,5,17,1499.89003378,2
3237,7,42,4559.5900841,0
3238,6,34,3649.63008878,2
3239,5,42,4189.67007824,0
3240,5,40,3595.6200754,2
3241,6,41,2729.75000766,2
3242,4,17,1881.8600559699998,2
3243,2,15,1209.82002638,1
3244,5,36,3279.63005822,2
3245,4,15,1529.8000336,2
3246,5,37,2923.6500741199998,2
3247,4,26,1823.73004912,2
3248,3,19,2049.84005746,2
3249,7,32,3699.7300683,0
3250,7,47,3923.49008176,0
3251,2,9,779.9000168,1
3252,5,15,1363.84003832,2
3253,2,22,1389.81999212,2
3254,3,20,1539.78002924,2
3255,2,17,1413.90002064,1
3256,3,15,1663.79004678,2
3257,10,75,5939.18014526,0
3258,2,14,1109.86002537,1
3259,10,69,6594.46011368,0
3260,4,28,2193.60002522,2
3261,3,22,1424.70002752,2
3262,6,37,4539.51012046,0
3263,3,29,2324.6600305399998,2
3264,4,27,1759.800026,2
3265,4,36,2463.6500321,2
3266,4,40,3658.62008091,2
3267,4,11,839.9400177,2
3268,3,18,1809.8300399999998,2
3269,3,7,749.8700179800001,1
3270,5,24,2904.76004217,2
3271,2,13,1549.8300399999998,1
3272,7,50,5189.4400978799995,0
3273,6,19,2069.8100472,2
3274,3,16,2124.88003168,2
3275,7,28,2839.66007232,2
3276,6,33,2980.5600243999997,2
3277,5,28,2629.73005676,2
3278,1,1,129.9900055,1
3279,4,26,2299.67005542,2
3280,7,50,5089.38010028,0
3281,4,23,3359.73009496,2
3282,4,20,1337.83003616,2
3283,6,39,2769.58004376,2
3284,5,25,1844.70002175,2
3285,5,34,2494.6400375499998,2
3286,5,33,3904.74007991,2
3287,4,34,3209.67007826,2
3288,4,24,1979.61002739,2
3289,5,30,2963.6200848099998,2
3290,2,15,1199.8200225,1
3291,8,50,4549.4900741,0
3293,6,34,2914.7300339,2
3294,6,24,1445.81002046,2
3295,7,63,5734.49010468,0
3296,8,61,4664.44006549,0
3297,9,66,5859.21008318,0
3298,5,28,2233.68000802,2
3299,1,5,639.9400177,1
3300,4,28,1829.74003218,2
3301,5,18,2289.8100319,2
3302,8,61,5494.22013474,0
3303,9,78,6251.35010152,0
3304,7,61,5424.36006554,0
3305,4,13,1169.84002298,2
3306,4,25,2277.77002336,2
3307,3,18,2029.76005168,2
3308,5,24,1315.73001848,2
3309,4,45,3569.47003952,2
3310,4,20,882.82999421,2
3311,6,34,2949.82005698,2
3312,1,1,399.980011,1
3313,4,20,2329.85004046,2
3314,6,28,3498.64010238,2
3315,7,38,3897.5201188,0
3316,8,52,4714.49010476,0
3317,4,30,2899.62005244,2
3318,3,13,899.81002227,1
3319,5,35,3464.61008446,2
3320,4,39,3063.54007334,2
3321,3,14,1154.75002674,1
3322,3,18,2307.8100587,2
3323,7,64,5189.28011135,0
3324,4,25,2509.7300415,2
3325,3,16,1655.78004836,2
3326,6,36,2954.4700166000002,2
3327,2,16,1514.78003316,1
3328,4,35,3219.66007228,2
3329,5,48,3829.4200744,0
3330,7,52,3701.6600608999997,0
3331,6,63,4263.49005528,0
3332,5,27,2057.76004802,2
3333,3,23,1369.770031,2
3334,2,17,1414.82999411,1
3335,1,13,819.8700028000001,1
3336,6,56,5244.35007098,0
3337,10,53,5929.29010392,0
3338,2,23,1763.76000982,2
3339,2,8,819.9000205799999,1
3340,4,52,3014.53999716,2
3341,9,39,4199.55009468,0
3342,2,14,1839.9100495,1
3343,6,38,3917.61008834,0
3344,4,24,2519.78005608,2
3345,4,32,3014.6200409000003,2
3346,5,27,2935.7400742199998,2
3347,5,22,2459.8300706,2
3348,2,13,929.83001714,1
3349,1,5,250.0,1
3350,5,42,4041.67006495,0
3351,4,13,1619.86004258,2
3352,4,32,2403.74004358,2
3353,4,28,1489.6800117,2
3354,4,13,1119.85001758,2
3355,6,36,3359.69008254,2
3356,6,31,4219.59012618,0
3357,2,12,1729.8700408999998,1
3358,7,53,3590.39004144,0
3359,6,22,1539.78002538,2
3360,6,30,3119.73007596,2
3361,4,27,2729.67005926,2
3362,4,33,2569.64006048,2
3363,3,15,1347.87003328,2
3364,8,36,3153.73006064,0
3365,9,50,5301.4300900299995,0
3366,2,16,2569.80005274,2
3367,2,21,1519.7500229,2
3368,2,19,1669.8000220600002,2
3369,11,72,6893.28012478,0
3370,2,12,829.8700103,1
3371,5,20,3019.77007686,2
3372,3,24,2179.75002662,2
3373,7,69,5859.3401299199995,0
3374,1,8,489.89000696000005,1
3375,6,63,4619.45005026,0
3376,5,59,4162.30002984,0
3377,7,44,3378.58006292,0
3378,4,29,4394.65010273,2
3379,7,53,3869.46007146,0
3380,3,17,1809.86004258,2
3381,4,29,2949.7500764,2
3382,3,24,1439.8500174800001,2
3383,6,54,4219.53005226,0
3384,6,48,4279.5000801999995,0
3385,3,27,2105.64001452,2
3386,1,9,459.92000576,1
3387,5,32,3029.67005532,2
3388,2,7,1119.8700256,1
3389,6,29,2361.64005668,2
3390,5,23,2227.74005136,2
3391,5,38,3477.6000824000002,2
3392,5,27,2859.7000504,2
3393,4,27,1924.68003092,2
3394,5,30,3739.56007398,2
3395,4,17,1644.80003356,2
3396,2,16,1699.85004044,1
3397,7,46,4399.460092591,0
3398,3,21,1669.760025,2
3399,2,14,1119.8300171,1
3400,4,15,1229.85998904,2
3401,5,24,2459.80002984,2
3402,4,31,3069.70007706,2
3403,4,23,2381.73006438,2
3404,3,19,1329.88003158,2
3405,5,21,2379.75006486,2
3406,7,45,4449.48010268,0
3407,5,40,3149.53004456,2
3408,3,13,1079.86003114,1
3409,3,22,1899.70003126,2
3410,5,27,2479.71005634,2
3411,5,30,3399.67008208,2
3412,6,25,2829.69005586,2
3413,5,45,4159.56005687,0
3414,6,38,3189.56007388,2
3415,7,46,4164.27007883,0
3416,2,17,1849.89001854,2
3417,7,51,4479.48008736,0
3418,2,23,1989.69002918,2
3419,3,15,1611.82002644,2
3420,10,66,7129.32014474,0
3421,5,28,2075.79005249,2
3422,6,48,4139.5200577,0
3423,7,70,5682.26007844,0
3424,4,42,2749.65997676,2
3425,5,24,2753.75005348,2
3426,5,54,4174.370102,0
3427,1,7,599.9300079,1
3428,9,50,4599.36009037,0
3429,6,48,3659.44005204,0
3430,5,37,4149.6401177,0
3431,2,18,1399.87001798,1
3432,3,11,1787.81004915,2
3433,3,15,859.8600082600001,1
3434,4,20,2559.6900597,2
3435,7,41,4355.6000901,0
3436,5,30,2634.64004894,2
3437,4,28,2399.64002608,2
3438,6,40,2688.59005163,2
3439,5,39,2914.58008003,2
3440,3,23,1459.7800407,2
3441,5,45,3569.47007378,0
3442,7,48,3949.38007734,0
3443,4,22,2318.8400422,2
3444,5,33,3289.64003374,2
3445,1,2,179.97000504,1
3446,5,35,3214.6300735,2
3447,9,52,5393.40013902,0
3448,2,22,1984.7200317,2
3449,3,12,884.87001798,1
3450,1,9,619.9100189000001,1
3451,3,20,2169.78004078,2
3452,4,20,1604.86003498,2
3453,7,47,4255.44010162,0
3454,5,36,3219.65007786,2
3455,6,36,3449.58007446,2
3456,4,23,2365.6800423,2
3457,4,28,2404.7800522,2
3458,6,30,2899.65001674,2
3459,7,34,2375.62003328,2
3460,3,24,2069.80006028,2
3461,6,47,4449.50007264,0
3462,6,30,2653.75005728,2
3463,3,9,1389.8800392399999,1
3464,6,43,4469.5401155,0
3465,4,28,3764.6200905,2
3466,5,32,2577.60005196,2
3467,2,9,609.88000874,1
3468,7,55,4889.47010434,0
3469,3,20,1794.7900314,2
3470,5,31,2539.66002652,2
3471,11,79,5654.1101036,0
3472,3,11,1059.88002394,1
3473,3,16,2199.7900391,2
3474,5,40,2864.60002701,2
3475,5,20,1983.74005514,2
3476,5,27,2989.62008298,2
3477,7,57,4584.45005802,0
3478,3,13,1899.85002912,2
3479,4,15,1079.85002136,2
3480,4,28,3044.67005351,2
3481,2,13,1629.8400382999998,1
3482,8,36,5029.54011928,0
3483,6,36,2435.68002708,2
3484,3,11,829.840023,1
3485,3,15,2319.82005696,2
3486,5,25,2319.68003466,2
3487,3,15,1719.86003878,2
3488,3,31,2134.7100334300003,2
3489,4,8,1241.90003785,2
3490,3,16,1309.84001926,2
3491,2,6,909.93003086,1
3492,6,39,3251.63004688,2
3493,8,54,4619.35008634,0
3494,1,4,559.9600143600001,1
3495,4,31,2329.66005708,2
3496,5,30,3599.74006654,2
3497,4,8,1359.9000245,2
3498,10,71,5922.30010618,0
3499,6,35,4299.59011082,0
3500,3,18,2419.75007248,2
3501,9,62,5264.24008954,0
3502,5,27,2171.68005555,2
3503,7,55,4597.53007128,0
3504,3,20,2134.72003944,2
3505,4,13,1037.89002608,2
3506,6,57,5087.35006718,0
3507,1,3,479.96001436,1
3508,6,49,4259.46008694,0
3509,6,51,4849.55008322,0
3510,3,21,2561.65005311,2
3511,2,16,1309.86003876,1
3512,3,26,1929.65003206,2
3513,4,36,2454.73002244,2
3514,7,40,3758.4900857899997,0
3515,6,23,2174.750065,2
3516,6,46,4067.49009708,0
3517,2,18,829.8499908399999,1
3518,6,47,4101.470089,0
3519,6,27,3659.74009338,2
3520,7,33,4134.61007515,0
3521,4,22,2609.86006176,2
3522,2,27,1434.6800192800001,2
3523,8,61,5333.31010454,0
3524,3,24,2089.71003344,2
3525,6,25,3329.74007426,2
3526,3,18,1699.83003998,2
3527,4,40,3510.66008195,2
3528,5,19,1619.87002566,2
3529,9,60,5944.4201298299995,0
3530,7,40,3979.4800872,0
3531,8,55,5140.4101067,0
3532,3,20,1879.760025,2
3533,3,14,1349.85002898,2
3534,5,38,2639.6800575400002,2
3535,7,43,3619.4300804199997,0
3536,5,39,2039.67001346,2
3537,6,43,3414.47006216,0
3538,4,22,2299.7300721,2
3539,6,42,2981.48004524,2
3540,2,20,1229.72000886,1
3541,4,29,2021.66003231,2
3542,4,28,2689.77006541,2
3543,7,42,2859.6200181599997,0
3544,8,53,3756.47005858,0
3545,4,39,2984.60003266,2
3546,6,27,2491.73006247,2
3547,7,26,3079.74004742,2
3548,3,33,2699.6500244999997,2
3549,7,39,3313.62007898,0
3550,11,66,6767.2301292,0
3551,4,22,1549.7400208,2
3552,6,33,2739.6400605,2
3553,6,29,3101.71007918,2
3554,10,67,6892.21017657,0
3555,3,7,1589.9000435399998,1
3556,8,62,6394.35014726,0
3557,4,18,2267.79006397,2
3558,8,39,4374.46006975,0
3559,3,21,1627.8300437799999,2
3560,1,7,569.9300079,1
3561,4,29,3065.62004295,2
3562,4,33,3869.60008624,2
3563,3,18,1894.8600312199999,2
3564,1,4,579.9500122,1
3565,3,11,1167.9100342,1
3566,4,29,1928.67004002,2
3567,8,53,4576.51010506,0
3568,7,42,3829.42007062,0
3569,8,51,3994.44008637,0
3570,8,50,3444.42001724,0
3571,4,14,1999.7800445999999,2
3572,6,39,3897.57008748,0
3573,2,16,1969.83002858,2
3574,10,52,4279.50011083,0
3575,3,27,2309.6700668,2
3576,4,26,2989.7000619,2
3577,8,46,5315.41009918,0
3578,4,53,3589.61005398,0
3579,3,19,1819.75003434,2
3580,7,39,4929.54010022,0
3581,6,52,5149.37011338,0
3582,4,31,2799.6600342,2
3583,4,39,3114.41006482,2
3584,3,20,1619.8400268,2
3585,4,27,1689.72000504,2
3586,5,31,3222.6600838,2
3587,5,28,2299.71004104,2
3588,1,3,144.9600029,1
3589,6,42,3889.5500757,0
3590,5,30,2584.61003868,2
3591,4,23,2319.72004318,2
3592,2,24,1027.67999257,1
3593,8,69,5788.34012031,0
3594,5,27,2589.69003674,2
3595,8,70,4726.20004261,0
3596,5,24,2394.7500421,2
3597,7,27,3539.7900849,2
3598,4,35,2519.7100296,2
3599,7,21,3149.74009334,2
3600,6,35,3593.55007178,2
3601,4,13,1579.79003534,2
3602,4,28,2489.7400818,2
3603,9,50,5920.21013272,0
3604,6,37,3458.68008818,2
3605,4,23,2019.7800331,2
3606,1,11,1013.93001174,1
3607,2,15,1679.7800293,1
3608,5,36,2639.62003706,2
3609,1,10,739.9000244,1
3610,6,44,3779.66005714,0
3611,4,23,1987.75004963,2
3612,4,28,2849.81005478,2
3613,4,23,2815.7800713,2
3614,2,28,2357.65003592,2
3615,3,11,699.85998924,1
3616,1,5,299.9500046,1
3617,9,45,4480.59009186,0
3618,5,24,2659.62004096,2
3619,5,31,3229.71006388,2
3620,7,55,4169.48009876,0
3621,3,24,3144.8200532,2
3622,3,20,1911.75005913,2
3623,3,27,2379.7500611,2
3624,2,18,1679.81003568,2
3625,6,54,3616.46005624,0
3626,2,3,279.9600029,1
3627,4,40,3373.690056,2
3628,5,21,2214.78004078,2
3629,1,14,749.9600067,1
3630,5,23,2392.79004865,2
3631,10,56,4717.32007984,0
3632,4,24,2133.71003728,2
3633,4,28,2609.80003744,2
3634,6,39,3619.5500242099997,0
3635,9,58,5949.45013048,0
3636,6,32,3344.5900688,2
3637,2,20,1649.71003342,2
3638,3,17,1609.74002842,2
3639,6,23,2699.77003108,2
3640,2,14,869.85000618,1
3641,7,46,3985.45005802,0
3642,2,11,815.8300133,1
3643,5,46,3414.3200568,0
3644,4,26,2799.680069,2
3645,2,10,1019.8700103799999,1
3646,4,35,3369.5900688399997,2
3647,6,32,4029.5701027,0
3648,6,31,3749.64009856,2
3649,5,46,2853.5500450600002,2
3650,5,33,3669.55008698,2
3651,2,19,1909.74005134,2
3652,3,19,1229.83003234,2
3653,4,26,1959.64004138,2
3654,1,15,849.8000107,1
3655,10,64,5685.39012533,0
3656,6,69,4599.19006724,0
3657,1,4,79.95999908,1
3658,9,44,4109.44005202,0
3659,4,21,2383.77007684,2
3660,9,73,4690.32004164,0
3661,3,26,2224.79001996,2
3662,1,2,799.960022,1
3663,2,16,1279.77001196,1
3664,6,33,2914.6500587699998,2
3665,1,9,1259.8600311,1
3666,5,50,4101.6600685,0
3667,6,34,2514.76004796,2
3668,4,12,1629.92003636,2
3669,4,30,2719.75003808,2
3670,6,33,2929.54003527,2
3671,4,37,3484.55005268,2
3672,5,33,2889.6600762,2
3673,6,37,3994.52009968,0
3674,2,22,1159.8800048,1
3675,5,47,3589.4600449600002,0
3676,7,52,5155.54009638,0
3677,6,43,4735.5501176,0
3678,9,56,4918.42012016,0
3679,6,38,3352.56007577,2
3680,5,48,3669.4800568,0
3681,2,14,1839.8400574,1
3682,6,35,2824.64005278,2
3683,4,22,2219.7300281899998,2
3684,4,31,2296.64004321,2
3685,7,52,3819.44006909,0
3686,5,20,1883.8100586599999,2
3687,3,15,1039.87002564,1
3688,3,24,2348.74004366,2
3689,3,16,2659.8400651,2
3690,4,26,1343.83000944,2
3691,8,29,3369.6200829599998,0
3692,5,34,3495.6101075,2
3693,1,4,439.9600067,1
3694,7,34,3691.68009952,0
3695,3,18,1419.8100242799999,2
3696,9,37,4367.54010203,0
3697,5,28,2444.71005827,2
3698,1,1,399.980011,1
3699,3,17,2449.75006494,2
3700,1,15,734.88001821,1
3701,2,10,2019.8700486,1
3702,3,11,1489.87003708,1
3703,5,25,2619.67005926,2
3704,5,35,2469.62001416,2
3705,6,26,2729.73004349,2
3706,8,62,4074.34007264,0
3707,3,17,1474.84004212,2
3708,12,82,8275.0901794,0
3709,6,47,3759.52004449,0
3710,14,89,9019.10020846,0
3711,1,11,749.8999939,1
3712,3,27,1694.78002731,2
3713,5,58,4771.26005558,0
3714,8,44,3869.43004602,0
3715,5,53,3459.5900421,0
3716,6,33,3744.570089391,2
3717,10,44,3889.4600716,0
3718,1,7,849.8600159,1
3719,1,1,199.9900055,1
3720,5,38,3199.51004794,2
3721,6,43,3529.52005776,0
3722,3,16,1859.8000336,2
3723,6,46,3679.47005082,0
3724,3,11,769.92002488,1
3725,4,26,2269.59000782,2
3726,6,43,4309.6600724,0
3727,4,11,2399.8400689,2
3728,3,21,2137.75005533,2
3729,2,8,739.92002488,1
3730,5,31,2927.55006406,2
3731,3,26,1889.67001726,2
3732,1,3,209.97000886,1
3733,5,31,2974.71005248,2
3734,4,20,1949.7800446,2
3735,8,61,6019.3301009,0
3736,6,39,3983.56010068,0
3737,5,27,2279.68004608,2
3738,6,33,3059.62008666,2
3739,7,55,4669.37007329,0
3740,4,29,3359.71009448,2
3741,2,15,849.8800086599999,1
3742,4,27,3267.76008228,2
3743,2,9,709.9100189000001,1
3744,4,17,2769.80007178,2
3745,4,38,3194.63004306,2
3746,2,15,1489.81002428,1
3747,5,32,2494.62002936,2
3748,3,24,1614.8700256,2
3749,7,57,3814.47004694,0
3750,3,31,2915.61006162,2
3751,4,16,1371.8300248,2
3752,10,57,4454.42006115,0
3753,8,43,4179.56008532,0
3754,8,65,5369.15008544,0
3755,10,70,5683.2101058,0
3756,5,36,2603.50004576,2
3757,5,33,2409.75003436,2
3758,4,37,4884.68010334,0
3759,4,18,1119.77000814,2
3760,5,24,1984.81006063,2
3761,2,15,1554.81999602,1
3762,5,59,5379.45007515,0
3763,12,49,5001.5000935299995,0
3764,6,46,2797.60003656,0
3765,6,32,3607.71009068,2
3766,4,33,2209.64004134,2
3767,4,27,2687.74007034,2
3768,2,17,1459.8300285,1
3769,4,32,2845.6700725299997,2
3770,6,49,3295.47006218,0
3771,4,24,2239.75007254,2
3772,4,43,2612.64004902,2
3773,1,9,879.860012,1
3774,1,2,329.980011,1
3775,4,10,1329.9000397,2
3776,5,35,2841.65004744,2
3777,2,13,1159.85001748,1
3778,2,21,1419.73002628,2
3779,1,2,100.0,1
3780,7,37,3324.53005413,0
3781,7,48,6099.4101296,0
3782,4,28,2369.7800446,2
3783,2,20,1519.77001578,2
3784,6,24,3235.68008432,2
3785,5,45,3489.49005898,0
3786,6,23,1965.7600402799999,2
3787,3,21,2009.74003984,2
3788,2,18,1482.8600121,1
3789,4,31,2659.65005496,2
3790,5,38,3424.5800973,2
3791,2,9,584.9300079,1
3792,1,8,879.9100037000001,1
3793,3,24,2111.70003894,2
3794,5,24,2714.81004151,2
3795,3,14,1259.9200286999999,1
3796,3,24,2179.7900468,2
3797,5,36,2964.57003026,2
3798,1,5,1099.91002658,1
3799,2,12,1659.8700257,1
3800,8,56,6033.55015576,0
3801,2,21,2154.8600387799997,2
3802,5,20,2233.7900600899998,2
3803,3,12,859.90001294,1
3804,2,13,909.9600067,1
3805,2,21,1814.68002712,2
3806,3,26,1419.80002216,2
3807,5,36,4244.5101128,0
3808,4,25,2494.62004094,2
3809,6,30,2547.6600590099997,2
3810,6,32,3441.5900917,2
3811,3,12,1029.9400177,1
3812,6,30,3529.6400796,2
3813,9,57,5586.40015613,0
3814,3,21,1100.8600197,2
3815,3,11,663.9100112799999,1
3816,8,55,5849.36010754,0
3817,7,40,3617.34005364,0
3818,4,30,2062.53999519,2
3819,2,17,764.85000984,1
3820,3,12,799.92000964,1
3821,4,11,1193.85002514,2
3822,5,40,2756.56006047,2
3823,3,20,1569.8400383,2
3824,1,2,100.0,1
3825,3,21,1629.8100357600001,2
3826,5,45,3239.69006728,2
3827,5,27,3864.7800753,2
3828,3,22,2348.65003596,2
3830,10,71,5529.23009115,0
3831,4,37,2983.6300467,2
3832,4,25,1889.73005672,2
3833,4,43,2664.6000365,2
3834,4,31,1849.74002635,2
3835,4,35,2583.61004643,2
3836,3,21,1804.81003958,2
3837,4,24,1684.76005178,2
3838,9,75,5681.21009643,0
3839,5,38,3034.6200409,2
3840,4,16,1619.86003876,2
3841,6,26,2129.64003758,2
3842,1,2,119.9800034,1
3843,5,30,2874.62004476,2
3844,3,30,1749.8700217800001,2
3845,2,11,1659.8400421000001,1
3846,2,5,339.97000504,1
3847,2,15,1259.80001826,1
3848,5,34,3269.54002577,2
3849,3,18,1899.7600402799999,2
3850,5,41,3359.58008201,2
3851,3,20,2151.8000489,2
3853,3,12,2029.8500519,2
3854,3,25,1689.82002073,2
3855,5,47,4094.53009033,0
3856,6,54,3951.32005686,0
3857,5,37,3255.6300622,2
3858,3,12,1649.86002738,2
3859,4,25,2309.6700362799997,2
3860,3,11,1109.92002488,1
3861,1,9,549.95000838,1
3862,2,23,2079.79001628,2
3863,4,38,2569.58002475,2
3864,7,29,1714.82999615,2
3865,5,35,3229.6500588,2
3866,3,13,534.9399985800001,1
3867,4,24,1671.7900162,2
3868,8,56,5177.42010502,0
3869,3,24,1459.74004358,2
3870,3,17,1214.85002135,2
3871,4,42,3529.6700744,2
3872,6,42,3528.52007877,0
3873,4,30,2629.64003371,2
3874,4,31,2919.67006491,2
3875,3,13,1389.8800354,2
3876,2,4,659.960022,1
3877,5,20,1959.73005672,2
3878,4,29,2309.68001556,2
3879,7,58,6879.4301452,0
3880,4,26,1829.59003066,2
3881,5,22,2811.71006209,2
3882,6,27,2029.69001776,2
3883,4,32,3511.6700784,2
3884,7,46,3949.5200691,0
3885,3,21,2279.76004414,2
3886,5,35,4063.40007026,2
3887,4,28,2708.8300476,2
3888,3,14,1751.86003878,2
3889,9,68,6670.26012231,0
3890,7,52,4349.57007226,0
3891,6,24,2429.7600555,2
3892,2,14,1339.9200286999999,1
3893,5,34,3979.6300507,2
3894,4,29,2409.7000427000003,2
3895,3,34,2259.740036,2
3896,5,31,3184.64006046,2
3897,4,36,2464.53006746,2
3898,2,15,919.79001608,1
3899,2,24,1589.76999656,2
3900,8,41,3704.640068,0
3901,6,42,3132.59006494,0
3902,2,9,939.85001758,1
3903,4,17,2411.8400384,2
3904,2,18,1859.8900414,2
3905,7,55,4334.44005588,0
3906,6,39,3284.61006934,2
3907,5,24,2014.77005386,2
3908,3,18,2514.75007441,2
3909,5,42,4089.5600816,0
3910,3,21,1731.74002651,2
3911,2,4,629.9500122,1
3912,4,35,2939.680069,2
3913,4,28,2720.72002615,2
3914,6,45,3064.5099984,0
3915,4,31,2599.72004893,2
3916,5,33,2729.6800499,2
3917,4,24,2675.70007706,2
3918,7,44,4919.51007474,0
3919,2,11,1029.8700218,1
3920,4,25,1658.7600441,2
3921,6,32,4002.72010237,0
3922,3,26,2239.72003558,2
3923,3,35,2869.6200638,2
3924,2,23,1869.7900238,2
3925,10,62,4699.41005696,0
3926,10,57,4827.4701118,0
3927,3,26,1904.7200241,2
3928,6,31,2094.66004175,2
3929,6,40,3939.56007773,0
3930,3,16,929.79001626,1
3931,3,13,1409.64999774,2
3932,3,14,1379.9200286999999,2
3933,2,9,1609.8900452,1
3934,6,39,2835.59006506,2
3935,4,40,3062.54002955,2
3936,6,41,2589.59002686,2
3937,4,19,2499.79005818,2
3938,10,69,7163.2301866,0
3939,1,5,199.9499969,1
3940,6,37,3214.65005673,2
3941,6,26,3429.65008176,2
3942,4,35,3431.53007321,2
3943,6,48,3799.45006944,0
3944,7,52,4584.44008278,0
3945,7,40,4069.5300905,0
3946,5,34,2679.60000982,2
3947,5,49,4277.44005196,0
3948,3,25,2174.73002632,2
3949,3,21,1989.68004616,2
3950,3,19,1949.8000336999999,2
3951,6,47,4269.43008054,0
3952,4,18,1559.960022,2
3953,3,9,861.86001974,1
3954,6,45,4169.5700494,0
3955,6,56,3359.28005992,0
3956,3,20,2169.68004608,2
3957,10,77,7149.2101784,0
3958,1,2,229.98000336,1
3959,7,29,2679.71005256,2
3960,4,34,3279.6200715,2
3961,6,40,3779.63008118,0
3962,3,17,1369.8500366,2
3963,5,51,3249.5000457,0
3964,5,45,3077.61006363,2
3965,6,42,3467.63005631,0
3966,3,33,2353.63001252,2
3967,2,3,354.97001077,1
3968,6,41,4269.60007858,0
3969,6,52,3248.4600411,0
3970,5,38,2012.65002824,2
3971,5,34,2136.6700325,2
3972,4,18,2087.79004481,2
3973,6,36,4015.64011585,0
3974,2,16,1229.87003332,1
3975,6,36,3641.62009054,0
3976,4,30,3449.62007524,2
3977,9,71,5344.21007533,0
3978,7,41,4489.46009836,0
3979,11,94,6939.13013074,0
3980,5,52,4534.45005038,0
3981,3,19,1434.80002216,2
3982,5,36,3049.6900635,2
3983,7,63,6049.36013792,0
3984,5,32,2881.65007406,2
3985,6,39,4519.6001129999995,0
3986,7,31,4039.70010766,0
3987,5,28,2129.77005768,2
3988,3,13,879.87002944,1
3989,4,26,2449.68004242,2
3990,4,34,2509.6800308399997,2
3991,1,1,299.980011,1
3992,4,18,1564.8700218,2
3993,8,63,5024.48007769,0
3994,3,17,939.8400116,1
3995,7,48,3649.51005928,0
3996,6,37,3779.7200889799997,0
3997,4,27,2394.6800309,2
3998,4,26,1529.68001546,2
3999,6,37,3379.60004054,2
4000,6,40,3164.55005648,2
4001,5,24,2819.79006584,2
4002,4,12,1189.90001678,2
4003,4,29,2014.83003996,2
4004,3,14,1039.8500175,1
4005,8,53,4840.46011933,0
4006,1,8,1029.91002656,1
4007,4,24,2219.7200546,2
4008,8,55,5604.24010102,0
4009,5,31,2807.57001882,2
4010,5,21,3489.7200927999997,2
4011,3,22,1854.90003972,2
4012,5,30,2275.67006308,2
4013,7,54,5689.35010534,0
4014,6,53,3086.53007693,0
4015,4,31,2407.73004917,2
4016,8,53,4633.48009504,0
4017,5,39,3258.53006362,2
4018,4,20,1629.77003108,2
4019,7,33,2643.5700455,2
4020,4,25,2262.7800522,2
4021,4,34,2409.5400391,2
4022,9,73,6849.2701111999995,0
4023,3,22,1601.74004567,2
4024,1,5,299.98999786,1
4025,7,47,4819.33009332,0
4026,5,44,3669.54005064,0
4027,3,8,1399.9300385,1
4028,6,48,3626.5100784,0
4029,5,49,3808.62008087,0
4030,6,39,2515.60002126,2
4031,4,13,919.8500022200001,2
4032,3,14,3179.8300934999997,2
4033,7,40,3619.51005757,0
4034,5,34,2969.6900559,2
4035,6,33,2797.66006084,2
4036,2,3,659.9600181799999,1
4037,2,23,1579.76000978,2
4038,9,51,3749.56005868,0
4039,6,45,2447.5700283300002,2
4040,7,40,4444.63011554,0
4041,6,13,1409.84003068,2
4042,3,5,899.960022,1
4043,4,26,2264.830034331,2
4044,7,46,4659.52009204,0
4045,9,55,5345.5201207499995,0
4046,5,20,2058.8300324399997,2
4047,5,24,2139.72004519,2
4048,4,16,2179.85004808,2
4049,3,26,2829.74005896,2
4050,6,35,3809.6700707,0
4051,2,28,1879.72004308,2
4052,2,4,549.96001054,1
4053,6,26,3419.7400933599997,2
4054,5,26,2209.72006994,2
4055,3,24,1934.8100433,2
4056,5,29,2869.71007166,2
4057,4,24,2057.78003315,2
4058,2,6,879.9300309,1
4059,8,43,4029.46005258,0
4060,3,11,424.93000607,1
4061,3,16,2125.86005788,2
4062,7,55,4214.620037,0
4063,5,26,1964.65001095,2
4064,4,36,2844.6300506,2
4065,4,25,1779.8000335,2
4066,7,50,4062.5500564,0
4067,8,28,3664.6300871099997,0
4068,5,34,2179.77001574,2
4069,4,24,2374.73005684,2
4070,5,25,2559.72006226,2
4071,3,34,2279.69002907,2
4072,5,46,3404.52002324,0
4073,2,11,929.83000946,1
4074,3,16,1689.78002934,2
4075,1,10,1219.9400254,1
4076,2,17,1119.8900071,1
4077,4,33,3319.66000358,2
4078,7,23,2309.71004876,2
4079,7,53,4379.60006338,0
4080,6,50,3147.54004666,0
4081,5,41,3439.38005835,2
4082,4,31,2849.65005874,2
4083,5,13,1351.8500366399999,2
4084,4,39,3069.69001785,2
4085,2,13,1479.90002444,1
4086,3,29,2844.6700744,2
4087,1,5,249.8999939,1
4088,3,19,2099.80004498,2
4089,3,25,3819.71005628,2
4090,6,42,3629.6300736,0
4091,3,20,2349.81005098,2
4092,3,21,1857.80004504,2
4093,4,30,2371.70006747,2
4094,4,37,3074.55004315,2
4095,2,24,1609.74999238,2
4096,4,29,2129.810051,2
4097,3,19,1779.81003186,2
4098,4,19,1254.85001378,2
4099,6,25,2439.70006174,2
4100,5,35,3509.76008234,2
4101,5,44,3199.66006852,2
4102,2,13,1459.9100342,1
4103,5,35,3479.58005914,2
4104,4,26,2883.760067,2
4105,5,43,3959.43009188,0
4106,5,51,3782.66009335,0
4107,5,28,4273.62012495,2
4108,3,34,2589.6800537,2
4109,9,61,4865.44009388,0
4110,3,33,2444.64006045,2
4111,2,8,601.9100036799999,1
4112,5,28,1774.78002926,2
4113,6,67,4639.27004258,0
4114,6,48,3205.27005386,0
4115,3,19,2569.85000218,2
4116,13,68,7114.26016258,0
4117,3,16,829.8700218399999,1
4118,4,23,3229.75009172,2
4119,5,24,2338.76005557,2
4120,5,39,2749.5500144,2
4121,6,54,3929.36007694,0
4122,4,21,2585.77006532,2
4123,2,9,1289.91003038,1
4124,4,24,2389.7900543,2
4125,1,5,1089.93002704,1
4126,6,47,3859.61006543,0
4127,2,18,1054.83001712,1
4128,6,34,3974.65009881,0
4129,1,8,609.8800124999999,1
4130,2,15,749.82001108,1
4131,2,9,1289.9300385,1
4132,5,44,3709.60005574,0
4133,7,48,4399.5500756,0
4134,3,10,493.90001294,1
4135,3,10,1075.8600234599999,1
4136,6,30,3489.64008338,2
4137,6,46,2708.47002402,0
4138,2,22,2149.7900086,2
4139,5,38,4139.5801087,0
4140,6,55,4499.49008562,0
4141,3,12,1527.8500480799999,2
4142,2,9,769.960022,1
4143,2,23,1579.7700347999998,2
4144,5,49,3240.48007964,0
4145,3,17,1729.84003637,2
4146,3,9,2399.8600465,2
4147,7,59,4385.58001314,0
4148,8,45,3199.44002156,0
4149,5,30,3569.69008258,2
4150,9,43,5955.47015981,0
4151,5,21,1336.86001391,2
4152,4,15,1989.85004617,2
4153,7,39,4444.57012003,0
4154,4,29,2349.70004266,2
4155,2,20,1519.75002286,2
4156,4,23,1187.58999632,2
4157,5,41,3624.53008083,2
4158,1,1,199.9900055,1
4159,8,56,5159.38013472,0
4160,8,48,4115.56006632,0
4161,3,19,1579.8000374800001,2
4162,3,22,2513.75004964,2
4163,6,35,2002.67001143,2
4164,8,59,5013.40011212,0
4165,2,15,1439.83003998,1
4166,4,30,2487.65004348,2
4167,1,1,299.980011,1
4168,6,44,3444.58004767,0
4169,7,59,4604.39007168,0
4170,5,29,2153.77003472,2
4171,3,20,1779.84003448,2
4172,4,20,2054.77004628,2
4173,2,13,1139.8600311,1
4174,3,14,1509.8600311,2
4175,6,30,3039.61006178,2
4176,3,27,2420.66003605,2
4177,8,47,3779.49007036,0
4178,2,18,1679.7400208,2
4179,3,19,2619.80006796,2
4180,3,20,1769.9100343,2
4181,9,82,6563.21010584,0
4182,3,25,1779.80001458,2
4183,4,18,2089.9100495,2
4184,1,8,839.90002058,1
4185,4,16,2119.78004844,2
4186,7,57,5109.26007854,0
4187,8,56,5604.46009448,0
4188,6,32,2349.7200127,2
4189,3,12,1299.89002614,1
4190,6,44,4894.540123,0
4191,10,58,4489.46009448,0
4192,3,18,1739.8800392399999,2
4193,7,41,4249.55008332,0
4194,6,44,3839.53007134,0
4195,8,46,3724.53007898,0
4196,7,39,2589.64005083,2
4197,6,42,3975.55003738,0
4198,5,36,2141.55002605,2
4199,7,48,5009.40010474,0
4200,10,69,5436.19010171,0
4201,3,14,2569.8600731799997,2
4202,7,60,4549.39005668,0
4203,5,26,2954.71007162,2
4204,1,10,769.86002346,1
4205,5,26,2779.75003818,2
4206,4,15,1699.84004594,2
4207,5,33,2339.63002778,2
4208,4,21,1885.8100586,2
4209,4,27,2179.77004624,2
4210,5,35,3609.6500969,2
4211,3,29,1969.67003626,2
4212,9,48,5412.48009126,0
4213,6,46,4369.51011274,0
4214,3,26,2519.6500817,2
4215,5,36,2659.57003778,2
4216,4,26,1909.7300261999999,2
4217,2,10,1009.89003,1
4218,2,16,1729.8300323,1
4219,6,44,3471.63003745,0
4220,6,49,3589.600045991,0
4221,5,33,4119.64009868,2
4222,2,14,1474.83004187,1
4223,3,22,1482.7599945,2
4224,5,48,4125.55006981,0
4225,6,55,4489.42007637,0
4226,5,38,3251.69007874,2
4227,6,38,3909.7000848,0
4228,3,28,3129.68008044,2
4229,6,54,4299.3600654,0
4230,4,33,2929.62003523,2
4231,5,30,3289.7000655800002,2
4232,6,44,3459.62005252,0
4233,5,42,3291.59006315,2
4234,6,31,2634.61005209,2
4235,5,51,4329.36009212,0
4236,4,28,3049.66007238,2
4237,5,36,2139.68002324,2
4238,8,43,5077.4401362,0
4239,3,34,1799.5399932,2
4240,4,21,1649.74001692,2
4241,4,17,2159.7900658,2
4242,6,42,3679.4800416,0
4243,2,14,1099.9400101,1
4244,2,10,849.93001938,1
4245,2,12,1379.87004474,1
4246,8,62,3654.36002152,0
4247,2,10,979.9000244199999,1
4248,5,22,3389.7800981,2
4249,13,94,8918.85013409,0
4250,2,16,819.87001808,1
4251,4,33,3479.71004486,2
4252,1,6,1059.90003208,1
4253,6,48,4639.41009138,0
4254,6,42,3269.50004958,0
4255,6,52,3614.70003511,0
4256,4,25,1887.7300453,2
4257,5,43,5734.43012811,0
4258,5,31,5241.70009023,0
4259,6,22,1964.79002394,2
4260,4,28,2049.640024191,2
4261,7,42,4035.58010866,0
4263,3,19,1709.89003374,2
4264,3,19,1414.84003064,2
4265,9,62,4895.35010548,0
4266,2,23,1371.63999377,2
4267,5,25,2469.76005184,2
4268,5,45,4069.53005984,0
4269,5,15,2389.79005824,2
4270,5,44,3349.61004252,2
4271,3,10,799.8800049,1
4272,7,40,4526.59010715,0
4273,4,23,2419.75005163,2
4274,4,29,1833.67003236,2
4275,6,48,4469.49007044,0
4276,6,42,4924.46012122,0
4277,1,9,1239.84002308,1
4278,10,58,4949.43009202,0
4279,5,39,4421.51005954,0
4280,5,25,3189.7900697,2
4281,3,34,2813.64008334,2
4282,6,33,3529.61010362,2
4283,4,28,2104.82003398,2
4284,3,14,1619.86004258,2
4285,4,24,2394.78006372,2
4286,4,34,2239.61003118,2
4287,1,8,639.91000744,1
4288,3,25,1599.79002758,2
4289,7,39,3169.58005534,0
4290,10,67,6059.2801323799995,0
4291,5,27,2399.59004982,2
4292,2,22,2029.7700271600002,2
4293,2,24,1779.77003858,2
4294,1,6,759.9300232,1
4295,7,34,3447.64008523,0
4296,5,39,3019.55005258,2
4297,7,52,4575.41009538,0
4298,4,27,3879.58008588,2
4299,4,35,2859.69004818,2
4300,5,30,2609.65003196,2
4301,3,20,1305.7600326299998,2
4302,6,23,3409.6800958,2
4303,5,35,4139.49009328,2
4304,3,18,1849.7900239,2
4305,7,37,4094.64010238,0
4306,7,37,3359.67006684,0
4307,3,36,2769.61004646,2
4308,9,42,4665.59011848,0
4309,5,23,2289.7600478599998,2
4310,2,14,1349.94002536,1
4311,5,22,2119.81004716,2
4312,3,25,1949.7300567,2
4313,4,16,1689.8600464,2
4314,4,9,1333.91003422,2
4315,5,41,2599.64002994,2
4316,5,49,3256.54004282,0
4317,2,15,1499.9200286999999,1
4318,9,51,5515.4301225399995,0
4319,2,11,924.9100266,1
4320,12,54,5016.34011263,0
4321,4,19,1769.8300401,2
4322,6,48,3389.63004304,0
4323,7,57,4016.54004465,0
4324,6,36,3559.57007601,0
4325,2,14,1369.8700256,1
4326,4,34,3169.63005448,2
4327,4,26,2096.75004578,2
4328,2,17,1949.86004258,2
4329,4,24,1675.77002708,2
4330,4,26,2629.68007284,2
4331,5,44,3644.59004976,0
4332,3,11,1169.90003206,1
4333,6,53,4221.4400634,0
4334,3,18,1999.7700349,2
4335,5,34,2994.62007136,2
4336,4,24,1159.79001236,2
4337,6,39,3239.6000518,2
4338,6,31,3069.69007488,2
4339,4,30,2270.75004388,2
4340,6,51,4074.4800415600002,0
4341,5,32,2634.55004878,2
4342,5,46,4279.48003404,0
4343,6,40,2639.54002949,2
4344,3,10,1011.85001567,1
4345,4,14,2009.8300553,2
4346,5,29,2103.72004324,2
4347,4,18,1499.8700294599998,2
4348,7,42,3899.37007916,0
4349,7,54,3453.39006416,0
4350,4,29,3079.73007584,2
4351,2,16,739.78001774,1
4352,5,39,3034.69005214,2
4353,6,23,2599.6800347,2
4354,8,47,4133.48005304,0
4355,2,13,1519.89003374,1
4356,5,20,1924.79003524,2
4357,6,41,3747.46009448,0
4358,4,27,2409.7200316999997,2
4359,4,34,2630.63006216,2
4360,2,10,1049.9200286999999,1
4361,1,6,439.98000718000003,1
4362,4,27,2244.85003288,2
4363,2,25,1434.81002805,2
4364,6,40,3249.63003536,0
4365,1,15,1069.84003064,1
4366,6,24,2319.73004538,2
4367,5,38,4039.60005958,0
4369,6,32,2729.69004058,2
4370,3,27,1919.6800156,2
4371,1,3,329.97000119999996,1
4372,6,40,3119.6600494,2
4373,2,12,1179.84003448,1
4374,6,47,3296.4200554,0
4375,6,54,4097.42006304,0
4376,8,63,5219.45009618,0
4377,5,24,2657.76006511,2
4378,4,16,1999.8100586799999,2
4379,2,17,871.75000758,1
4380,6,35,3909.5800552,0
4381,7,45,4019.4800912,0
4382,4,31,2985.69005596,2
4383,4,24,2629.76006318,2
4384,3,28,2663.6800689,2
4385,1,3,329.97000119999996,1
4386,5,34,2359.73003581,2
4387,4,20,1354.78002361,2
4388,10,54,4419.57007982,0
4389,1,14,1049.8000031,1
4390,7,17,2619.8400765799997,2
4391,8,50,4079.54009635,0
4392,5,31,2249.78004848,2
4393,2,13,959.8700180000001,1
4394,8,67,6514.36008848,0
4395,3,28,2764.7200546599997,2
4396,4,21,2839.73007204,2
4397,5,35,2979.76004795,2
4398,5,28,1869.77004047,2
4399,8,61,5404.43012242,0
4400,6,39,4679.5901032,0
4401,3,14,877.9400101,1
4402,7,56,4117.48007777,0
4403,4,29,3389.68006902,2
4404,7,60,4194.3400536,0
4405,3,10,1459.8800354,1
4406,8,48,5704.390133,0
4407,6,51,4529.52009966,0
4408,5,23,2609.6700479,2
4409,3,19,2029.8000488399998,2
4410,1,15,709.9000091,1
4411,5,27,3369.7300683,2
4412,7,38,4024.52008649,0
4413,3,23,2529.7500306,2
4414,3,19,1579.8000488,2
4415,7,36,4139.61009994,0
4416,5,27,3003.59006882,2
4417,7,51,4249.52009576,0
4418,3,10,599.9100113,1
4419,4,15,2254.81006635,2
4420,5,51,3634.50004563,0
4421,6,40,3024.520006171,2
4422,7,56,4884.4201203,0
4423,2,15,1069.86002348,1
4424,5,38,2531.66006277,2
4425,4,34,2709.6000214,2
4426,5,43,3849.5300521199997,0
4427,7,47,4093.65011606,0
4428,2,14,1149.9300232,1
4429,5,39,2273.60003276,2
4430,2,9,1129.9200286999999,1
4431,4,20,2509.71004488,2
4432,7,50,4843.4400749199995,0
4433,4,45,3739.54007716,2
4434,5,41,3751.44006352,2
4435,10,68,5613.25011066,0
4436,4,32,4239.6501046,2
4437,3,14,1213.89001844,1
4438,6,51,4222.41009534,0
4439,3,19,1999.89003756,2
4440,7,59,4214.3300478,0
4441,1,12,804.95001413,1
4442,5,19,1549.8000184,2
4443,3,25,1659.86001586,2
4444,7,59,5649.40010456,0
4445,1,6,339.92000578,1
4446,5,26,2729.66006474,2
4447,4,22,1899.7500382,2
4448,3,10,829.9100227399999,1
4449,4,21,1009.86001009,2
4450,7,27,2929.8200493,2
4451,2,20,1409.86002728,1
4452,6,36,3239.65007396,2
4453,2,11,1159.84003834,1
4454,9,65,6069.18011484,0
4455,5,39,3409.63009642,2
4456,7,46,4384.5701066,0
4457,6,38,4039.51004046,0
4458,4,12,1699.86002358,2
4459,7,42,3284.56006996,0
4460,10,69,6273.41000773,0
4461,1,8,799.88002394,1
4462,8,49,4754.540063841,0
4463,6,34,3789.55006418,0
4464,8,53,5439.5001335199995,0
4465,5,37,3841.5100747,2
4466,4,16,1719.8400269200001,2
4467,3,17,1091.81002422,2
4468,4,17,2219.84004212,2
4469,6,46,3489.56004718,0
4470,7,60,4814.32004943,0
4471,5,32,3729.63008496,2
4472,3,16,1799.8500366600001,2
4473,7,45,3571.46007146,0
4474,4,27,3501.70008862,2
4475,4,24,2699.71007162,2
4476,7,51,4463.58007042,0
4477,7,52,4337.47006797,0
4478,5,42,2955.53003121,2
4479,9,53,4649.47007376,0
4480,2,4,279.95999906000003,1
4481,6,32,3474.67007834,2
4482,3,22,1119.80002588,2
4483,3,26,2147.66004178,2
4484,7,31,3509.64005468,0
4485,2,15,909.8600082,1
4486,5,19,2089.79006196,2
4487,7,41,4249.58011646,0
4488,4,30,2199.74002078,2
4489,3,30,2899.58007048,2
4490,2,19,2109.80004128,2
4491,8,66,6719.38010048,0
4492,6,46,4288.51009768,0
4494,8,49,4514.51007667,0
4495,6,39,4749.6400911,0
4496,6,61,5039.3900529,0
4497,2,14,1349.8900260799999,1
4498,3,24,1529.8400116,2
4499,6,32,3039.64005662,2
4500,6,43,2819.5300674,2
4501,4,30,2929.79004675,2
4502,5,30,1571.78000835,2
4503,5,27,2679.72005838,2
4504,3,28,2309.6900481800003,2
4505,6,40,4645.4901086,0
4506,2,15,1439.85001376,1
4507,2,18,1649.8200379,2
4508,4,20,2431.77007875,2
4509,4,35,2464.6300356,2
4510,6,43,4061.5800820599998,0
4511,4,17,1449.8100129,2
4512,8,63,5771.32014082,0
4513,5,25,2779.78005228,2
4514,8,63,5928.3201218799995,0
4515,2,11,1549.78003314,1
4516,4,30,2439.62006368,2
4517,10,70,6119.38009658,0
4518,5,20,2539.8000641,2
4519,2,22,1309.77002713,2
4520,7,37,3878.63008701,0
4521,2,16,1463.8400231,1
4522,6,56,4169.4800834,0
4523,5,45,4249.5200958000005,0
4524,4,26,1849.61999511,2
4525,1,4,179.98000336,1
4526,2,20,1634.67002488,2
4527,2,11,909.9200287,1
4528,5,58,4380.52005004,0
4529,7,49,4299.5400811399995,0
4530,9,70,6454.28016279,0
4531,3,21,1484.82001128,2
4532,2,12,1209.8700180600001,1
4533,1,12,1119.8600349399999,1
4534,3,6,729.9400177,1
4535,6,44,3969.71008696,0
4536,5,45,4406.50010302,0
4537,5,39,3319.63006974,2
4538,4,28,1979.8700447400001,2
4539,11,70,6632.2001076999995,0
4540,4,24,2179.7500495599998,2
4541,3,18,1139.90000916,2
4542,3,32,1944.6700209800001,2
4543,4,37,3815.5500908599997,2
4544,5,30,2574.72005658,2
4545,4,21,2258.84002314,2
4546,1,2,339.97001267999997,1
4547,6,34,4443.53011704,0
4548,4,24,1869.68003448,2
4549,6,37,3659.55008314,0
4550,4,40,3359.62007149,2
4551,6,42,3949.5700874999998,0
4552,7,53,5444.40008176,0
4553,5,19,1449.87001796,2
4554,1,4,319.9600067,1
4556,6,31,3109.6600686,2
4557,6,47,5239.41010668,0
4558,1,10,579.9100037000001,1
4559,5,43,4091.53008652,0
4560,6,62,4162.38005828,0
4561,8,58,5068.48010254,0
4562,7,39,4599.73009878,0
4563,7,45,3977.41011046,0
4564,4,27,3125.7700884,2
4565,2,12,699.8399963,1
4566,2,8,599.9200134,1
4567,8,60,4359.28007512,0
4568,8,63,5471.31007583,0
4569,2,11,1361.86003303,1
4570,4,15,725.84000402,2
4571,2,12,1379.8700257,1
4572,3,22,2149.750061,2
4573,4,12,1657.87004856,2
4574,8,52,3945.50007431,0
4575,5,30,2589.620031371,2
4576,2,5,529.93001174,1
4577,2,16,1459.8500366,1
4578,3,17,1293.76002512,2
4579,7,67,4803.30005254,0
4580,7,48,4354.52008062,0
4581,5,24,2404.79006586,2
4582,10,77,5226.14008328,0
4583,7,38,3911.56007959,0
4584,5,28,3409.71007154,2
4585,4,17,2111.71004679,2
4586,3,23,2082.72002788,2
4587,2,13,934.89001078,1
4588,9,63,6188.33014302,0
4589,2,15,839.85003284,1
4590,6,62,3982.5600433,0
4591,3,21,1659.7000351,2
4592,5,24,1737.83002663,2
4593,3,25,2609.68006518,2
4594,5,37,2839.62005602,2
4595,8,57,5229.54009248,0
4596,10,75,5834.2001228,0
4597,7,39,3659.6300678899997,0
4598,3,20,1909.76003266,2
4599,10,73,6197.24012758,0
4600,6,25,2159.7700577,2
4601,1,2,109.97000122,1
4602,4,25,2029.7400207599999,2
4603,3,7,974.9300174699999,1
4604,5,44,3739.61006928,0
4605,3,25,2529.7700273,2
4606,2,22,1644.67000013,2
4607,2,16,1329.81003186,1
4608,4,19,1959.81005098,2
4609,5,27,2549.72003938,2
4610,5,33,3574.64009283,2
4611,4,20,2305.82004176,2
4612,4,31,2409.64006036,2
4613,6,31,3239.58006483,2
4614,2,24,1731.7700196,2
4615,4,12,1179.90001678,2
4616,1,3,119.9700012,1
4617,2,17,1369.83002848,1
4618,9,48,5144.38010422,0
4619,7,30,3183.74007038,2
4620,4,22,3179.7600784799997,2
4621,3,30,2999.7300491799997,2
4622,2,18,1587.81000518,1
4623,5,30,2324.7500457,2
4624,6,46,4559.5900879,0
4625,3,17,973.78000264,1
4626,4,24,1729.7800293599998,2
4627,9,66,6604.36013418,0
4628,5,39,3134.65004354,2
4629,3,7,1279.9100342,1
4630,4,33,2299.66006464,2
4631,4,21,2557.8000564999998,2
4632,3,22,1873.75002668,2
4633,6,40,3769.65008934,0
4634,1,5,299.9500122,1
4635,3,21,2159.76005178,2
4636,6,31,3029.6100656,2
4637,6,46,3789.51010138,0
4638,2,6,289.88999558,1
4639,4,28,3449.64007578,2
4640,1,16,1059.84003446,1
4641,4,21,2159.75004381,2
4642,4,12,1531.8800316,2
4643,4,15,1999.920044,2
4644,2,3,309.98000718000003,1
4645,5,33,2301.7500381199998,2
4646,5,38,3499.7100716,2
4647,4,18,1399.89003374,2
4648,3,17,1839.81002816,2
4649,4,13,929.81002048,2
4650,5,31,3429.64009094,2
4651,3,12,2179.80005274,2
4652,4,25,2629.7500687,2
4653,7,33,3101.69006931,2
4654,8,43,5129.63013094,0
4655,2,17,1859.71004114,2
4656,2,23,2339.7000504,2
4657,7,40,4439.60009776,0
4658,5,28,1924.7500344,2
4659,7,75,6459.2000848,0
4660,3,19,1673.7900391399999,2
4661,7,41,3971.44004259,0
4662,3,13,1927.8600579,2
4663,12,91,8279.89016169,0
4664,3,7,1379.9100418599999,1
4665,6,47,4718.45008279,0
4666,5,60,4109.31005086,0
4667,9,70,5385.1800729,0
4668,5,45,3404.45005412,2
4669,6,46,3761.36002358,0
4670,3,24,2049.77005002,2
4671,5,32,3333.56004704,2
4672,3,18,1229.8700103,2
4673,6,43,4569.63010792,0
4674,5,59,4290.55008686,0
4675,4,23,2311.88004881,2
4676,3,10,1619.8700409,1
4677,6,39,3519.55007554,0
4678,5,24,3299.8000412,2
4679,4,27,3709.7100983,2
4680,1,2,599.9700164999999,1
4681,4,24,2429.7700806,2
4682,4,12,1429.8700333,2
4683,7,52,4707.31008146,0
4684,6,38,3104.66006844,2
4685,1,2,109.97000122,1
4686,5,22,3259.77007298,2
4687,2,21,1674.74003228,2
4688,3,32,2509.7400169800003,2
4689,4,22,2041.76006891,2
4690,5,43,3510.50004972,2
4691,4,18,2369.78005228,2
4692,1,2,119.9800034,1
4693,6,25,2439.72007372,2
4694,2,24,1879.82001878,2
4695,6,31,1804.63002776,2
4696,6,33,2494.60004619,2
4697,8,69,6019.42008594,0
4698,6,40,4979.51012054,0
4699,3,25,2519.75005338,2
4700,7,62,5273.34009371,0
4701,2,19,1299.8600311,1
4702,6,24,3004.76007466,2
4703,4,19,1959.76004034,2
4704,7,65,5459.4001349400005,0
4705,4,37,2659.51003262,2
4706,4,33,3869.55007946,2
4707,9,74,4877.1601142399995,0
4708,6,31,3979.6700898,0
4709,3,20,2309.6800385,2
4710,1,10,671.8800144100001,1
4711,5,30,3609.6500512499997,2
4712,5,30,3197.68007284,2
4713,7,55,4660.33004762,0
4714,2,6,669.9000168,1
4715,4,19,2404.80006603,2
4716,2,7,929.9600143600001,1
4717,3,22,1899.75003818,2
4718,5,21,1759.7800408,2
4719,5,31,2049.6300278,2
4720,5,34,2899.42004012,2
4721,6,41,5289.58011258,0
4722,2,13,1299.83001716,1
4723,3,12,949.87002182,1
4724,3,17,989.80002212,1
4725,9,33,4239.64010063,0
4726,5,32,2961.72005856,2
4727,4,30,2197.69003676,2
4728,4,28,2579.7100335,2
4729,6,27,2311.73004721,2
4730,7,35,4369.64012152,0
4731,7,32,3609.5900877999998,0
4732,5,32,3379.6000671799998,2
4733,3,23,2189.60004428,2
4734,2,18,1959.8700332600001,2
4735,6,27,2229.81005096,2
4736,3,12,739.9200095799999,1
4737,5,43,3484.73009114,2
4738,4,14,2229.86005788,2
4739,6,27,4316.69011507,0
4740,2,9,1129.9300232,1
4741,2,19,1399.8600234599999,1
4742,4,41,3089.59007644,2
4743,6,43,3059.5300179,0
4744,4,24,1433.7700194200002,2
4745,6,32,3039.8200684,2
4746,1,4,200.0,1
4747,9,38,2684.60004054,0
4748,2,20,1449.83000566,1
4749,4,25,2544.7100525,2
4750,7,62,4439.48006056,0
4751,6,47,3175.62002556,0
4752,5,28,1901.7400207599999,2
4753,4,11,1759.8500595599999,2
4754,8,29,2989.6300889,0
4755,3,12,1229.9200286999999,1
4756,6,41,3959.47005089,0
4757,5,24,2599.72008148,2
4758,7,52,4621.45008866,0
4759,7,46,3463.5100670399997,0
4760,5,36,2924.56005854,2
4761,5,35,2220.5900307,2
4762,3,20,1999.8600541,2
4763,3,18,1914.79003904,2
4764,6,31,2227.71998612,2
4765,4,34,2444.6200447,2
4766,6,32,2189.64002992,2
4767,1,3,899.9500275,1
4768,6,53,5033.40009312,0
4769,2,12,1419.9200286999999,1
4770,8,51,5849.32013698,0
4771,2,12,1054.8200226,1
4772,4,16,1979.85005196,2
4773,3,19,1193.80001068,2
4774,2,7,349.9400024,1
4775,8,56,3624.47006793,0
4776,5,36,2683.64004132,2
4777,1,10,549.9500122,1
4778,7,47,4289.54009632,0
4779,4,27,2899.61003484,2
4780,5,41,2394.64001853,2
4781,8,70,7719.19018009,0
4782,2,19,1579.8500366600001,2
4783,6,25,3729.66008766,2
4784,3,12,979.9600143600001,1
4785,3,20,2119.78003692,2
4786,4,50,3639.36001594,2
4787,6,30,3039.6100884400003,2
4788,5,18,1539.8400403,2
4789,5,50,2872.5600301,2
4790,3,16,1479.8800392399999,2
4791,10,58,3729.5200425,0
4792,5,38,4099.55010235,0
4793,3,23,2744.68004988,2
4794,4,36,3009.6500472,2
4795,5,57,4439.2400894,0
4796,5,34,3329.65007022,2
4797,2,7,1009.9300232,1
4798,5,24,4709.67012798,2
4799,6,42,3479.56009672,0
4800,5,39,3789.49008576,2
4802,3,16,1449.9200134,2
4803,4,22,2489.7700577,2
4804,1,5,299.9500122,1
4805,2,13,1254.87003708,1
4806,7,65,5355.35011676,0
4807,8,45,5429.42012024,0
4808,4,35,2629.5800744,2
4809,4,24,1994.78004838,2
4810,6,31,2139.58004762,2
4811,2,7,729.9200287,1
4812,11,93,6984.05012518,0
4813,3,21,2189.74003612,2
4814,2,10,554.86000253,1
4815,8,47,4854.56009487,0
4816,3,20,2219.82003408,2
4817,3,8,1109.91002656,1
4818,5,22,1914.77005388,2
4819,6,48,4206.43009582,0
4820,2,20,1419.8600234599999,1
4821,1,7,759.9200134,1
4822,7,39,2989.65009696,0
4823,4,24,2529.68004598,2
4824,3,32,2109.52001958,2
4825,6,25,3629.6600915199997,2
4826,1,4,399.9599915,1
4827,3,23,1937.83004768,2
4828,1,1,399.980011,1
4829,4,15,1399.89002226,2
4830,4,26,2999.740078,2
4831,5,40,2534.58001716,2
4832,8,56,3527.58005329,0
4833,4,21,3099.8000756399997,2
4834,5,12,2054.85006338,2
4835,2,4,759.9500275,1
4836,4,24,1769.64003762,2
4837,7,34,3494.55007932,0
4838,8,51,4489.41003042,0
4839,5,48,4069.60007482,0
4840,2,16,1199.8800277999999,1
4841,5,48,3199.45006556,0
4842,4,25,2039.78004456,2
4843,1,4,549.9200134,1
4844,2,12,2349.8799897,2
4845,2,20,1367.80001458,1
4846,9,47,4299.45009056,0
4847,6,36,3324.61009212,2
4848,5,28,2909.73005298,2
4849,8,41,3621.57007984,0
4850,2,14,789.91000362,1
4851,5,34,3449.76006316,2
4852,2,19,1809.8100433,2
4853,5,10,1459.89003376,2
4854,5,37,2989.67005164,2
4855,7,56,4429.46007925,0
4856,3,22,2019.7300299600001,2
4857,5,31,2355.66003036,2
4858,2,15,1307.79002,1
4859,4,18,2069.82004934,2
4860,4,35,3079.6500396799997,2
4861,8,62,4909.52004998,0
4862,6,21,2059.7400590400002,2
4863,8,61,5194.34008036,0
4864,7,24,2399.73004534,2
4865,5,32,2769.67006304,2
4866,6,35,3011.6600609,2
4867,5,33,3043.73006054,2
4868,3,17,2974.7900544,2
4869,3,27,2239.6200409,2
4870,6,40,3375.62004848,0
4871,3,22,2329.76005934,2
4872,3,24,1729.70002553,2
4873,1,3,849.960022,1
4874,5,27,3099.69007496,2
4875,7,52,4737.46008325,0
4876,8,43,4689.57007222,0
4877,6,47,4419.53009036,0
4878,3,12,1109.89003378,1
4879,3,30,3204.63007738,2
4880,3,32,2299.7200204,2
4881,2,12,1069.90002824,1
4882,5,33,2263.5000381199998,2
4883,3,21,1811.79004095,2
4884,4,28,2729.60005198,2
4885,5,42,3929.42007064,0
4886,1,4,199.97999954,1
4887,3,13,1289.8200340399999,1
4888,6,31,4029.5500756399997,0
4889,6,46,4107.3000451200005,0
4890,4,19,1779.88004308,2
4891,4,30,2339.7700424,2
4892,4,31,2097.65006256,2
4893,7,38,4004.70006188,0
4894,2,21,1259.7200164800001,1
4895,1,2,429.9700165,1
4896,4,27,2195.80003362,2
4897,3,13,1979.8700562,2
4898,2,19,1649.72003936,2
4899,6,27,2914.70009234,2
4900,4,17,2579.76004036,2
4901,9,55,5089.44010922,0
4902,6,31,3549.66008766,2
4903,5,41,4004.64007956,0
4904,10,68,5304.24011228,0
4905,6,31,2969.70007326,2
4906,3,19,1919.8100281,2
4907,9,54,5123.35010528,0
4908,7,43,4089.48006823,0
4909,6,39,2834.66004552,2
4910,4,32,2349.68004238,2
4911,7,53,5155.5301209399995,0
4912,5,29,3279.74007806,2
4913,4,31,1580.76000976,2
4914,11,61,5523.53010948,0
4915,5,38,4449.45011518,0
4916,8,62,4901.27010346,0
4917,5,43,2982.45002935,2
4918,5,20,2459.79006584,2
4919,3,9,1331.9000206800001,1
4920,2,18,1189.82002644,1
4921,4,28,1933.7300338,2
4922,7,47,4319.5000954,0
4923,1,4,1199.93003086,1
4924,3,18,1811.83005144,2
4925,4,16,1599.88003542,2
4926,5,53,4563.38010032,0
4928,4,16,1149.9300232,2
4929,8,57,4889.42007653,0
4930,10,58,5669.3101312,0
4931,7,69,5144.32009882,0
4932,4,31,2759.670044,2
4933,6,39,3464.58004766,0
4934,1,1,50.0,1
4935,5,38,2896.57004749,2
4936,9,69,5993.24013528,0
4937,5,33,3129.70006176,2
4938,4,26,2629.66007246,2
4939,8,61,5351.29010786,0
4940,6,41,3909.49008568,0
4941,6,39,4499.53010192,0
4942,5,26,2064.7400436,2
4943,8,63,5619.2800866,0
4944,5,43,4125.47008146,0
4945,4,50,3409.49002454,2
4946,4,27,2859.68004988,2
4947,1,4,179.94000244,1
4948,2,13,979.8500252599999,1
4949,4,22,2124.72005667,2
4950,1,4,127.9599991,1
4951,2,20,897.7999954,1
4952,8,38,3389.55006223,0
4953,8,35,4234.53009806,0
4954,4,21,2549.7800294,2
4955,4,19,2239.80006605,2
4956,3,30,2754.69005777,2
4957,3,7,1329.9100342,1
4958,4,15,1389.8600311599998,2
4959,8,72,5069.12007902,0
4960,7,42,4059.52008068,0
4961,3,5,629.95002368,1
4962,5,34,3243.58003998,2
4963,7,35,3604.5400811,0
4964,8,46,3912.63002967,0
4965,5,34,3329.5600664,2
4966,3,20,2089.79002008,2
4967,7,36,4961.49011815,0
4968,4,14,1239.84003072,2
4969,7,54,5261.4600716,0
4970,3,9,879.83000948,1
4971,3,18,1389.77001948,2
4972,1,6,779.9300231999999,1
4973,3,23,1689.83001326,2
4974,6,39,4409.470100439999,0
4975,4,28,2589.86005028,2
4976,5,21,2403.80004882,2
4977,3,14,939.9100036,1
4978,3,15,1379.90003206,2
4979,2,9,499.9500122,1
4980,8,76,6038.1501026999995,0
4981,2,18,1429.80003352,1
4982,4,16,1726.8900452,2
4983,5,38,2859.63002776,2
4984,2,18,1539.93001556,1
4985,4,23,2629.7300529999998,2
4986,6,31,2974.68008808,2
4987,3,31,3519.61007302,2
4988,5,37,3385.52009194,2
4989,4,14,1639.85004046,2
4990,1,11,859.8900146000001,1
4991,8,55,5239.52009214,0
4992,3,34,2299.7600403,2
4993,5,25,2269.7200393,2
4994,3,9,1199.9200286999999,1
4995,4,35,2849.6100387799997,2
4996,5,31,2999.71006784,2
4997,8,44,4457.5100747,0
4998,5,38,2759.56005856,2
4999,3,25,2739.7300797,2
5000,4,28,1794.82003021,2
5001,8,63,6769.47012535,0
5002,3,27,1839.68003846,2
5003,5,23,2148.81005106,2
5004,13,114,8164.70014194,0
5005,3,15,1349.81000518,2
5006,1,7,539.9200134,1
5007,6,49,3739.44007867,0
5008,4,20,2529.81007008,2
5009,5,37,3243.65006642,2
5010,7,38,3285.54004656,0
5011,10,50,5064.62010588,0
5012,7,38,4629.62008686,0
5013,7,60,5815.39013676,0
5014,3,18,1509.80002214,2
5015,8,87,6449.02009198,0
5016,4,25,2409.67005542,2
5017,4,41,2419.71004673,2
5018,2,18,1609.8200378,1
5019,3,28,2719.6400566,2
5020,2,10,1089.8900223,1
5021,2,16,1918.8600426399998,2
5022,5,31,3129.66005708,2
5023,3,31,2289.72004308,2
5024,5,27,4909.60009008,2
5025,3,20,1339.7700081,2
5026,6,27,3309.7300798,2
5027,4,33,2939.62006754,2
5028,8,65,6495.15015048,0
5029,1,6,459.980011,1
5030,8,47,4089.47002414,0
5031,3,17,1344.81000904,2
5032,3,31,2174.66002658,2
5033,11,69,5281.38010224,0
5034,2,17,894.78000636,1
5035,4,48,3339.44003682,2
5036,3,32,3069.7400742,2
5037,6,41,3649.61009216,0
5038,5,17,2039.80004502,2
5039,6,30,2424.7200393,2
5040,5,27,2689.60005204,2
5041,4,37,2753.58005144,2
5042,2,21,1499.7500152,2
5043,6,43,4109.5600644099995,0
5044,5,29,2589.65005114,2
5045,4,26,2126.68002704,2
5046,5,19,1939.79005816,2
5047,6,48,5509.5201188,0
5048,5,49,3399.4400406,0
5049,9,51,5569.50010483,0
5050,6,43,5033.48011412,0
5051,6,38,4681.6100827499995,0
5052,4,41,4479.40010844,0
5053,10,67,7411.32015612,0
5054,11,73,6293.20014584,0
5055,1,10,465.88000102,1
5056,4,15,2879.8100587,2
5057,4,18,2339.8000641999997,2
5058,5,36,3837.4700927599997,2
5059,3,8,1509.90003588,1
5060,2,14,1169.88003542,1
5061,4,12,1364.8400402299999,2
5062,3,18,1329.81003953,2
5063,6,21,3009.750084,2
5064,3,20,1389.72001278,2
5065,5,23,3209.7400513,2
5066,4,32,2784.58005725,2
5067,4,31,3027.5700723,2
5068,9,63,5297.31008528,0
5069,4,26,2089.6700325,2
5070,6,36,3219.60007476,2
5071,9,47,5349.4501037,0
5072,9,78,6679.43011094,0
5073,2,26,2009.720047,2
5074,6,38,4093.63011177,0
5075,5,21,1633.67003628,2
5076,3,16,894.95000271,1
5077,2,9,1499.91004186,1
5078,2,12,1259.90001308,1
5079,2,16,1919.8500595599999,2
5080,4,15,1549.8100433,2
5081,5,22,1871.81002999,2
5082,5,43,4129.43009178,0
5083,5,36,3649.66007236,2
5084,7,43,5013.51013568,0
5085,9,60,5399.2700957,0
5086,4,18,1689.91001518,2
5087,2,9,1109.8600311,1
5088,5,30,2289.65002058,2
5089,2,19,1349.8100165399999,1
5090,5,38,2764.67003835,2
5091,5,55,3944.40007404,0
5092,3,27,1453.73002242,2
5093,7,49,5159.49011622,0
5094,3,32,2679.6200409499997,2
5095,5,39,3514.5500412,2
5096,4,31,2429.88004306,2
5097,8,67,5799.39015968,0
5098,5,30,2769.7300721,2
5099,4,21,1604.83002472,2
5100,5,30,2849.60005564,2
5101,3,5,394.9500122,1
5102,6,34,2946.71006008,2
5103,2,10,939.89001848,1
5104,9,37,4418.60011497,0
5105,6,38,2579.6300601909998,2
5106,4,21,2288.7800636399998,2
5107,7,42,3811.53008646,0
5108,2,12,1093.88002014,1
5109,4,35,2040.59002107,2
5110,4,37,2579.6000213,2
5111,5,26,2889.71007166,2
5112,5,35,3059.60006336,2
5113,6,33,3387.6900826,2
5114,2,8,751.91002276,1
5115,3,27,2649.6900483,2
5116,6,35,4243.64008722,0
5117,4,29,2839.6900789,2
5118,2,13,879.85001368,1
5119,5,26,2159.80003736,2
5120,6,34,4229.58010108,0
5121,4,16,1664.80003364,2
5122,5,36,3811.5600777,2
5123,6,22,1299.7500114,2
5124,1,9,919.90999988,1
5125,5,33,4779.59009556,0
5126,5,46,3099.42002864,2
5127,6,52,3989.46004866,0
5128,7,23,3074.8400804,2
5129,6,52,4468.53006368,0
5130,5,34,2049.76002108,2
5131,2,15,1604.9400329999999,1
5132,4,32,2394.70003508,2
5133,4,9,1409.89003756,2
5134,5,24,2757.7800751,2
5135,2,23,1245.83000182,2
5136,4,44,3077.48003398,2
5137,5,37,3519.68004992,2
5138,8,68,6144.19009973,0
5139,4,23,3446.70007915,2
5140,7,49,4291.54010575,0
5141,2,30,1999.9300232,2
5142,1,6,171.9599991,1
5143,3,26,2104.80002984,2
5144,2,14,1759.87004856,1
5145,8,44,4439.50006496,0
5146,13,78,7689.15015804,0
5147,8,52,4814.30009844,0
5148,9,51,3679.40005685,0
5149,2,16,1319.77002718,1
5150,3,26,1834.7800292,2
5151,4,23,2709.70005808,2
5152,6,37,3211.68005958,2
5153,3,27,1949.6600342,2
5154,7,43,2855.61004445,0
5155,6,32,2861.6500740399997,2
5156,4,22,1854.7700463,2
5157,2,8,1049.90002824,1
5158,7,66,4780.3500329,0
5159,2,10,929.9100189,1
5160,2,16,969.88002024,1
5161,4,7,579.9300194,1
5162,2,21,1099.73001476,1
5163,5,33,2604.6600456,2
5164,5,18,1739.77003106,2
5165,7,55,4819.45011518,0
5166,3,10,1744.84004596,2
5167,5,31,2589.52002724,2
5168,8,82,6781.14006791,0
5169,3,28,2433.76005554,2
5170,3,29,2089.68003452,2
5171,3,14,1814.8700257,2
5172,3,13,859.8700256,1
5173,11,74,6723.21013271,0
5174,2,13,1307.8900223,1
5175,8,62,6047.44013214,0
5176,3,27,2205.76004225,2
5177,2,14,1488.86001964,1
5178,2,18,1509.79002376,1
5179,5,41,3399.56005092,2
5180,4,19,2239.77006148,2
5181,4,23,2314.7800446,2
5182,6,35,3559.6701050799998,2
5183,3,18,2299.77006156,2
5184,3,20,1849.66003034,2
5185,8,39,2984.6200448199997,0
5186,7,52,5113.57010465,0
5187,7,29,3579.62009054,0
5188,1,4,899.92002108,1
5189,5,26,1879.74003592,2
5190,11,60,5583.49010466,0
5191,8,25,3371.76008039,0
5192,5,28,3429.62007152,2
5193,5,22,1989.82004932,2
5194,2,15,2179.76005944,2
5195,2,12,779.9600144,1
5196,6,45,3387.65007022,0
5197,9,52,5894.24011429,0
5198,8,62,4865.32010451,0
5199,5,33,3329.7200546599997,2
5200,7,51,5679.2400705,0
5201,4,31,2529.7600595,2
5202,5,33,2899.58005526,2
5203,6,59,4764.11010368,0
5204,7,32,4729.63010798,0
5205,1,9,639.8700104,1
5206,4,38,3499.63007555,2
5207,7,55,5584.48011221,0
5208,2,12,1381.91001327,1
5209,4,29,1713.67002484,2
5210,2,12,994.85003087,1
5211,7,45,3954.54006192,0
5212,6,27,3279.6700745,2
5213,4,20,2944.75007638,2
5214,5,39,3329.60007104,2
5215,2,3,999.9500275,1
5216,12,68,7929.13015372,0
5217,11,69,7559.19015886,0
5218,3,29,2354.66005335,2
5219,4,42,3999.64009858,2
5220,7,47,3844.52007669,0
5221,3,13,2069.85005198,2
5222,4,25,2829.68005754,2
5223,3,28,2401.68003464,2
5224,3,30,1889.70005036,2
5225,6,46,4429.38007348,0
5226,2,7,659.8900146999999,1
5227,5,49,4284.39007172,0
5228,1,11,494.9000053,1
5229,8,44,4474.5600968399995,0
5230,6,34,3995.6200486,0
5231,5,41,3729.46007176,2
5232,6,27,2039.68004986,2
5233,4,24,1804.73004156,2
5234,9,51,4636.46009066,0
5235,4,15,1489.74002838,2
5236,7,57,4269.41006864,0
5237,4,25,1914.72005084,2
5238,8,42,4429.55007564,0
5239,5,47,3705.5200501,0
5241,4,40,3439.67003638,2
5242,5,42,4229.44008258,0
5243,4,18,1429.80003734,2
5244,7,28,3709.62008678,0
5245,7,49,4169.4100648,0
5246,4,40,2583.54005044,2
5247,2,16,1589.740036,1
5248,2,16,1829.8200378000001,2
5249,5,32,4449.67010516,2
5250,5,31,3269.67006698,2
5251,4,25,1899.7300300299999,2
5252,2,8,859.96001818,1
5253,2,12,1929.85005574,1
5254,5,49,3799.3900795600002,0
5255,2,7,549.98000336,1
5256,5,42,3914.60005192,0
5257,6,37,2839.63002593,2
5258,2,32,1764.71002952,2
5259,3,26,2169.6900254,2
5260,5,26,2349.7000389,2
5261,3,18,1789.8300323,2
5262,4,24,2219.7600632,2
5263,4,29,2669.71006011,2
5264,10,60,5794.28012852,0
5265,4,22,2899.82007988,2
5266,4,39,3079.57002649,2
5267,7,58,5562.38008703,0
5268,7,43,4017.54005432,0
5269,3,18,959.8199996000001,2
5270,5,47,3889.44007301,0
5271,8,48,4003.50007626,0
5272,7,36,3859.51010154,0
5274,3,23,1849.84000782,2
5275,3,31,1989.59000782,2
5276,6,46,4289.56007585,0
5277,4,11,1499.84003838,2
5278,3,16,949.7900237800001,1
5279,6,45,3627.60007671,0
5280,6,40,4708.51009754,0
5281,2,16,1019.86001584,1
5282,4,18,1627.87003708,2
5283,14,82,7475.32017325,0
5284,6,35,2299.58003811,2
5285,3,13,1549.88003542,2
5286,6,43,4389.5901185,0
5287,3,22,1364.72002035,2
5288,6,30,2687.680059571,2
5289,5,46,3799.52004246,0
5290,3,26,1831.65005311,2
5291,5,19,1814.79003912,2
5292,4,17,2059.8300515,2
5293,11,74,7209.1001512,0
5294,5,25,2079.8300171,2
5295,3,26,1589.68001942,2
5296,8,61,5047.1300698000005,0
5297,6,59,4624.41009134,0
5298,9,63,4970.25008386,0
5299,4,14,1961.87005047,2
5300,6,55,4659.460083,0
5301,7,62,5181.26005561,0
5302,9,60,5145.42005928,0
5303,5,21,1411.66001886,2
5304,2,20,1659.75001148,2
5305,4,22,3059.70006576,2
5306,4,22,2439.69006348,2
5307,3,21,2009.8700256,2
5308,6,34,3135.68006327,2
5309,2,11,1329.8900452,1
5310,2,2,179.97000504,1
5311,11,56,5689.52012839,0
5312,3,13,1899.83005538,2
5313,6,30,2279.6600495000002,2
5314,6,29,2949.65006065,2
5315,2,6,499.9400177,1
5316,8,55,4074.43009576,0
5317,2,2,359.97001267999997,1
5318,3,11,1329.89004138,1
5319,6,40,2664.57004546,2
5320,6,24,2280.74005323,2
5321,9,60,6110.39011392,0
5322,2,4,409.9500084,1
5323,3,17,1731.85003662,2
5324,8,51,3718.48008354,0
5325,4,12,1105.82002642,2
5326,7,50,4339.6100922,0
5327,6,43,4249.48008933,0
5328,4,25,2684.7300492,2
5329,4,26,2039.7200432299999,2
5330,5,41,2612.5700301800002,2
5331,8,54,5637.46011364,0
5332,3,23,1449.69002914,2
5333,6,27,3069.69007504,2
5334,3,22,1829.83003996,2
5335,4,21,2214.74006272,2
5336,3,25,1614.70002748,2
5337,4,34,2919.63004302,2
5338,5,22,2239.7400436,2
5339,5,27,2521.6900558,2
5340,4,22,1659.73001864,2
5341,1,7,649.90001678,1
5342,3,16,991.8200245099999,1
5343,3,20,2344.83003821,2
5344,5,20,2239.8200570199997,2
5345,4,26,2449.74005136,2
5346,1,15,1059.79000855,1
5347,3,24,2341.8800316,2
5348,3,12,1849.850052,2
5349,8,39,4429.42010494,0
5350,5,35,2639.7100639,2
5351,4,42,3347.50006872,2
5352,5,17,1739.8300171199999,2
5353,5,35,3359.6200562,2
5354,2,14,929.86002537,1
5355,4,23,2159.8100433600002,2
5356,2,8,879.9200211,1
5357,4,17,1184.87001414,2
5358,4,22,2039.67003638,2
5359,8,59,4430.42010307,0
5360,3,26,2519.79003148,2
5361,3,16,809.8500061,1
5362,4,22,2889.67005932,2
5363,5,31,4039.6401024799998,2
5364,6,53,5459.380085,0
5365,3,30,2551.64004138,2
5366,2,17,1064.8700217800001,1
5367,8,49,3977.50007628,0
5368,4,29,2729.64006046,2
5369,6,36,2585.51003847,2
5370,5,14,1935.84006506,2
5371,8,56,6704.45017254,0
5372,6,32,3099.69007876,2
5373,3,12,1659.85002908,2
5374,2,18,1129.78000642,1
5375,4,25,2209.74005134,2
5376,2,11,1199.89003374,1
5377,5,52,3939.39003008,0
5378,5,43,3279.56005856,2
5379,3,16,1459.77002334,2
5380,1,8,1329.9300385,1
5381,6,38,4129.56010058,0
5382,8,70,5291.22006994,0
5383,7,52,3669.6300621,0
5384,1,14,949.83002468,1
5385,2,10,1369.92004018,1
5386,4,32,2840.74004744,2
5387,2,7,719.96001054,1
5388,8,49,4829.45009236,0
5389,3,26,1824.66003796,2
5390,5,20,1509.82003398,2
5391,3,24,3719.72010048,2
5392,4,28,3174.59006512,2
5393,3,17,1819.8200302,2
5395,6,55,5919.280121,0
5396,5,29,2284.67003829,2
5397,4,28,2014.61004638,2
5398,2,21,1491.68000227,2
5399,3,12,899.90000916,1
5400,4,25,2521.72005848,2
5401,3,9,919.90003588,1
5402,7,40,3735.59004218,0
5403,8,55,4857.43008042,0
5404,5,47,4164.5400619600005,0
5405,6,22,2454.7200471,2
5406,4,16,1929.8400537,2
5407,4,13,1879.86003878,2
5408,3,25,2618.75003818,2
5409,5,21,2069.75004586,2
5410,7,49,5669.41012588,0
5411,6,42,5174.56009306,0
5412,4,41,2794.70003514,2
5413,7,40,5056.46010017,0
5414,7,50,3989.62009046,0
5415,5,27,2483.63003548,2
5416,6,40,3924.60009762,0
5417,8,47,4349.48005314,0
5418,7,35,3490.54009821,0
5419,5,23,3709.74009332,2
5420,3,9,1039.87002184,1
5421,5,40,3303.50007249,2
5422,2,7,839.92002872,1
5423,7,42,4033.56007004,0
5424,6,19,3019.7000772,2
5425,6,34,3750.75008973,0
5426,7,42,3377.550077411,0
5427,7,45,4709.54010396,0
5428,5,25,3394.66008758,2
5429,5,46,3952.40005098,0
5430,4,40,2719.65001685,2
5431,6,56,4469.3100662,0
5432,4,19,1749.81003186,2
5433,4,33,3041.65006256,2
5434,3,21,2449.7300567,2
5435,1,6,999.960022,1
5436,3,13,1059.86002734,1
5437,3,18,1739.82004555,2
5438,5,37,3709.65006266,2
5439,4,39,2913.49006642,2
5440,7,55,5339.35010914,0
5441,4,31,2599.5800477,2
5442,6,39,3203.63007358,2
5443,3,24,2059.7500343,2
5444,2,19,1259.7400359,1
5445,7,45,4291.51009575,0
5446,9,57,5939.34012234,0
5447,6,34,3394.66005706,2
5448,2,10,463.87999344,1
5449,9,49,4253.51007844,0
5450,3,16,779.95000458,1
5451,5,44,3368.48004923,2
5452,4,19,1334.68001562,2
5453,5,46,4539.50008026,0
5454,10,77,7279.27013032,0
5455,1,4,339.96001054,1
5456,2,11,639.96000672,1
5457,4,15,1951.820057,2
5458,3,15,1209.8700332600001,2
5459,2,6,1229.9400329999999,1
5460,7,46,3269.47004143,0
5461,5,42,3119.49005886,2
5462,4,23,2749.6800537,2
5463,4,19,1639.7700424,2
5464,5,21,2604.66006281,2
5465,5,26,3259.76005936,2
5466,4,16,1479.88003158,2
5467,5,31,3257.60007854,2
5468,4,23,1999.79004289,2
5469,6,39,3564.57006844,0
5470,6,44,3991.50007248,0
5471,7,34,2775.66006663,2
5472,5,28,2499.64001854,2
5473,6,36,3039.63006597,2
5474,5,28,3019.75006868,2
5475,5,43,4034.70004463,0
5476,4,28,2304.61003486,2
5477,7,69,6205.29012694,0
5478,3,21,1549.76003652,2
5479,4,9,2698.8500825,2
5480,7,57,4134.46002198,0
5481,5,48,4975.48009874,0
5482,2,12,849.88002398,1
5483,1,13,1529.9000244,1
5484,5,39,2524.71005255,2
5485,6,43,4017.5000574,0
5486,4,23,1699.74002828,2
5487,2,14,1189.86002738,1
5488,5,38,3411.55006796,2
5489,5,22,2089.82004553,2
5490,7,48,5311.63012511,0
5491,8,50,6169.44015896,0
5492,4,32,3761.63012127,2
5493,11,85,6684.06010426,0
5494,5,31,3469.6700822,2
5495,2,14,1175.92002876,1
5496,7,32,2833.70005798,2
5497,5,30,3229.7100792399997,2
5498,3,20,1939.6900407,2
5499,3,18,2009.7600403000001,2
5501,4,14,2149.80005268,2
5502,4,25,2259.74003602,2
5503,5,37,3669.49007032,2
5504,3,28,2219.69001772,2
5505,5,42,4121.41006283,0
5506,2,18,1859.8900224,2
5507,1,3,150.0,1
5508,2,6,629.9700164999999,1
5509,6,30,2621.76005743,2
5510,3,20,2019.7400361,2
5511,6,30,2520.72006041,2
5512,2,24,2109.81002428,2
5513,5,37,2899.6600838,2
5514,3,19,1689.8400116,2
5515,4,13,1479.9400329999999,2
5516,3,18,1639.8400460399998,2
5517,2,24,1639.8000335,2
5518,6,40,4599.5000916,0
5519,9,80,6151.2301445,0
5520,4,31,2759.60004816,2
5521,5,39,3779.700081,2
5522,4,19,1704.7100410399999,2
5523,2,22,1441.68000607,2
5524,2,16,1459.83003996,1
5525,6,45,4431.50005358,0
5526,2,12,1364.8800354,1
5527,8,32,3088.5400581999997,0
5528,3,32,2143.6100273,2
5529,3,24,1829.80002978,2
5530,3,18,1779.89004138,2
5531,5,31,2559.660038,2
5532,4,16,2169.78005216,2
5533,9,43,5641.58005316,0
5534,8,31,3594.65007396,0
5535,3,25,1534.79002002,2
5536,4,29,2339.60001752,2
5537,5,34,2929.58004015,2
5538,4,23,3147.75008209,2
5539,2,15,1089.9400177,1
5540,7,34,3639.6900864,0
5541,5,32,2797.62002578,2
5542,4,41,2789.49005126,2
5543,6,34,2548.74006461,2
5544,3,30,1739.70003128,2
5546,3,13,1299.85002902,1
5547,6,30,2404.63003178,2
5548,7,56,4904.52006154,0
5549,11,70,5717.11009425,0
5550,5,28,3019.62005235,2
5551,3,24,1869.78002564,2
5552,5,33,3429.64006424,2
5553,4,25,2579.7900467599998,2
5554,3,15,849.86002348,1
5555,3,28,2099.780037,2
5556,3,4,509.95001986,1
5557,5,27,2153.70002939,2
5558,2,15,1109.7500115,1
5559,7,42,4354.52009214,0
5560,10,74,6528.21009836,0
5561,5,30,2459.69005206,2
5562,3,18,2019.8000489,2
5563,11,79,6744.06014638,0
5564,8,56,4829.40008166,0
5565,7,39,4425.5400810599995,0
5566,4,29,2524.69003869,2
5567,3,31,2155.67003238,2
5568,4,16,1878.8400116,2
5569,6,25,3169.64007956,2
5570,6,55,5839.25010294,0
5571,2,11,669.87001802,1
5572,2,22,1854.7800445,2
5573,8,38,4279.54010021,0
5574,5,37,2479.56003566,2
5575,4,29,2339.78005216,2
5576,5,39,4079.62008099,0
5577,4,50,3009.6100387,2
5578,6,37,3039.69006348,2
5579,11,64,5709.27007674,0
5580,5,28,3517.730095,2
5581,2,9,699.9600144,1
5582,12,71,7081.34011462,0
5583,9,79,6384.18012422,0
5584,5,42,3757.6300392000003,0
5585,6,45,4444.4700737,0
5586,2,14,1991.82006458,1
5587,3,11,1079.8900261200001,1
5588,4,32,2899.55005648,2
5589,5,23,2069.70005044,2
5590,6,26,3414.68008617,2
5591,5,41,2729.58005146,2
5592,5,25,2109.75001152,2
5593,5,30,2059.78003692,2
5594,8,49,4851.39007383,0
5595,2,19,1229.8800048,1
5596,3,17,1637.93003277,2
5597,3,18,1734.85005192,2
5598,2,14,1509.9200286999999,1
5599,5,34,2504.64004522,2
5600,9,37,3854.66008766,0
5601,4,20,1849.75002296,2
5602,5,25,2449.77006154,2
5603,5,18,2404.81005864,2
5604,3,23,2659.64006434,2
5605,3,22,2819.75005346,2
5606,8,59,5829.37012866,0
5607,4,32,2439.65004547,2
5608,5,44,4070.53007892,0
5609,5,31,2909.63003544,2
5610,4,22,2079.75003054,2
5611,4,12,979.88002016,2
5612,7,40,4638.6401331,0
5613,4,40,3465.64007194,2
5614,3,26,1479.75002286,2
5615,5,34,3208.64005666,2
5616,3,25,2409.81006244,2
5617,6,23,1694.7600441,2
5618,5,25,2654.80006034,2
5619,5,20,1439.78002924,2
5620,6,33,2394.68006136,2
5621,5,47,3833.6000634399998,0
5622,6,57,4432.540065831,0
5623,3,25,2589.78004844,2
5624,12,89,8761.98018268,0
5625,5,31,3109.64005278,2
5626,4,40,3534.64006426,2
5627,5,32,2526.5600261699997,2
5628,3,34,2469.74005504,2
5629,4,33,2799.69005976,2
5630,2,13,984.86002357,1
5631,4,20,2249.81006246,2
5632,6,24,2489.83005148,2
5633,4,38,3429.71006774,2
5634,4,17,1643.8700409399999,2
5635,3,23,2343.71004108,2
5636,3,24,2349.740036,2
5637,6,51,4254.27006542,0
5638,2,14,1763.84004594,1
5639,3,15,2349.8600618,2
5640,10,56,5355.4801331,0
5641,4,34,2719.60003662,2
5642,3,10,875.89002996,1
5643,4,30,4239.5700761,2
5644,9,40,5079.46012898,0
5645,5,28,3334.72008136,2
5646,4,26,2017.83002854,2
5647,7,37,3969.67006304,0
5648,11,83,7323.22014236,0
5649,2,5,1099.9400329999999,1
5650,4,22,2299.67004404,2
5651,5,30,2782.67005928,2
5652,7,38,3819.6600915,0
5653,8,58,4358.53005977,0
5654,15,103,8904.95021066,0
5655,6,36,3019.66007996,2
5656,4,23,2524.76006316,2
5657,9,57,5069.53006754,0
5658,9,53,5579.52012264,0
5659,5,20,1937.77003862,2
5660,9,54,4897.51011274,0
5661,6,33,3309.6800766,2
5662,1,9,839.8600159,1
5663,6,44,3679.62006764,0
5664,6,25,2227.80004711,2
5665,8,52,4414.38008874,0
5666,4,27,2299.7300376000003,2
5667,5,23,3399.71009832,2
5668,5,37,3614.60008246,2
5669,2,11,1099.86002348,1
5670,4,37,2369.42000964,2
5671,7,51,4849.49012762,0
5672,9,66,5224.29014204,0
5673,4,18,1694.84003637,2
5674,8,58,4206.36008066,0
5675,4,33,3009.4700357399997,2
5676,6,26,2349.7500496,2
5677,5,25,2103.6500321,2
5678,2,21,2699.8000794,2
5679,5,42,4012.53009414,0
5680,5,45,3534.6600723,0
5681,3,19,1039.82001679,2
5682,10,73,5961.26007663,0
5683,7,44,4551.5801049599995,0
5684,6,43,3904.39009094,0
5685,5,41,3771.59005728,2
5686,2,12,1416.81003387,1
5687,7,53,5539.44010926,0
5688,4,33,4219.61008848,2
5689,5,31,3009.8000679799998,2
5690,4,25,2934.7900544,2
5691,11,94,7609.04011924,0
5692,3,16,1189.74999618,2
5693,5,30,4029.69011696,2
5694,3,15,1979.7500458,2
5695,4,21,1564.86001401,2
5696,5,26,2749.76007086,2
5697,1,3,499.9600067,1
5698,4,20,2869.76007846,2
5699,4,27,2333.85004046,2
5700,5,45,3179.52006544,2
5701,1,3,459.9700165,1
5702,3,14,1989.86003122,2
5703,4,24,2511.7400589999997,2
5704,6,47,4249.48007976,0
5705,8,37,3544.5200806,0
5706,5,17,2059.82006464,2
5707,7,34,4189.63011559,0
5708,5,28,2484.73006056,2
5709,2,6,1499.91004568,1
5710,4,17,2189.78005604,2
5711,6,61,3731.2700176099997,0
5712,4,24,2239.7900468,2
5713,6,34,3029.63006594,2
5714,6,36,4099.56012346,0
5715,12,99,8595.13015748,0
5716,3,21,1749.7800218,2
5717,6,33,3069.57006078,2
5718,4,29,2089.82003398,2
5719,7,42,4339.490101,0
5720,4,39,3249.56005478,2
5721,6,33,4215.5800858,0
5722,6,60,4504.33006298,0
5723,3,17,1449.7500153,2
5724,9,38,3585.70008492,0
5725,7,40,3709.590086031,0
5726,3,15,1174.86002733,1
5727,7,51,5014.5101127,0
5728,8,38,3944.64006798,0
5729,4,17,2289.83006296,2
5730,4,28,2614.7000655800002,2
5731,7,61,4436.47008327,0
5732,6,41,4474.52010348,0
5733,7,49,4154.47005462,0
5734,3,18,1859.77005384,2
5735,3,29,2104.74001499,2
5736,4,25,2759.71006008,2
5737,3,8,869.9500122,1
5738,3,41,4129.54010768,2
5739,7,68,5919.480095,0
5740,3,20,2437.7400475,2
5741,9,59,5170.35007862,0
5742,3,20,1449.67000968,2
5743,3,5,1329.92003636,1
5744,3,29,2969.66006848,2
5745,4,21,2509.76006318,2
5746,3,21,3239.8000871,2
5747,7,20,2959.74006656,2
5748,3,24,2224.77004813,2
5749,6,49,4499.4400444,0
5750,2,13,1639.85004044,1
5751,6,27,2427.75006484,2
5752,8,62,6044.42010884,0
5753,2,4,609.960022,1
5754,6,28,3524.7201042799998,2
5755,8,52,5885.2901384199995,0
5756,5,20,1329.84001352,2
5757,4,30,2789.6900483,2
5758,1,4,279.93000789999996,1
5759,6,62,3784.2700576,0
5760,4,18,1164.77999882,2
5761,2,5,649.94001776,1
5762,7,50,4541.43008042,0
5763,6,43,4045.58007235,0
5764,6,29,3896.70009049,2
5765,5,27,2501.79005822,2
5766,4,23,3299.64007968,2
5767,6,39,2567.55007932,2
5768,1,4,797.93002322,1
5769,3,19,2829.74005136,2
5770,3,30,1829.80003352,2
5771,1,9,489.9600067,1
5772,6,27,2869.74005896,2
5773,6,18,2589.7500764,2
5774,5,33,2869.78005985,2
5775,7,61,4819.38006614,0
5776,5,28,2645.69005968,2
5777,5,27,3269.77008444,2
5778,7,63,6587.31016546,0
5779,1,5,1179.92003636,1
5780,6,48,4163.44009782,0
5781,6,51,4229.56007579,0
5782,4,28,1969.72002036,2
5783,4,30,2453.69006157,2
5784,8,65,5756.22010798,0
5785,4,24,2441.77005386,2
5786,5,31,2739.59006124,2
5787,9,43,5124.59011468,0
5788,4,33,2771.69003302,2
5789,4,28,3294.68008808,2
5790,5,19,1904.79004284,2
5791,5,29,3779.5800763509997,2
5792,5,30,2859.64003945,2
5793,3,18,1855.7400284999999,2
5794,2,5,539.9400177,1
5795,4,46,3159.56004726,2
5796,4,45,3574.5300674,2
5797,7,41,4661.62010966,0
5798,2,10,1379.9300385,1
5799,2,18,2079.83003998,2
5800,8,34,4084.56011013,0
5801,4,30,2159.56005098,2
5802,2,13,1309.83002478,1
5803,9,84,7099.1301270799995,0
5804,5,43,3614.59007642,0
5805,7,51,4729.47008908,0
5806,4,23,2389.73005676,2
5807,6,33,3739.67007462,2
5808,3,10,1109.90003588,1
5809,1,8,709.980011,1
5810,3,24,1741.66003235,2
5811,4,23,2364.66003989,2
5812,6,47,3843.56007386,0
5813,6,33,3149.67004786,2
5814,5,29,2129.79003916,2
5815,7,48,5554.45014765,0
5816,3,16,1029.83001712,1
5817,4,16,1719.79004676,2
5818,4,22,2564.71005252,2
5819,4,22,2194.78002935,2
5820,4,26,2134.73006245,2
5821,10,74,5837.31011397,0
5822,3,25,2129.65002828,2
5823,1,3,119.9700012,1
5824,7,56,5333.54010016,0
5825,3,15,1479.8100281,2
5826,3,16,1799.81003955,2
5827,3,13,1649.84005746,2
5828,12,76,6950.13012901,0
5829,7,48,4429.44009786,0
5830,2,5,399.9900055,1
5831,5,36,2234.60004036,2
5832,6,43,3889.61007308,0
5833,3,16,1259.83002856,2
5834,3,18,1859.85003666,2
5835,2,21,1349.82003024,1
5836,7,54,4159.24006646,0
5837,4,32,3227.67005922,2
5838,4,31,2829.57004934,2
5839,5,51,3899.29006186,0
5840,5,33,3619.59008418,2
5841,5,21,3129.7000733,2
5842,2,10,1139.8800392399999,1
5843,4,17,2069.79003148,2
5844,6,39,3369.61009598,0
5845,9,40,4371.50012606,0
5846,3,21,2049.6300392,2
5847,3,20,2079.79004865,2
5848,6,45,3229.44005584,0
5849,6,30,2934.60006318,2
5850,3,19,1809.82003026,2
5851,4,26,2484.72002416,2
5852,6,52,4432.33005522,0
5853,6,51,3504.3300134,0
5854,4,27,2234.750042,2
5855,5,28,3269.7100830599998,2
5856,6,35,3334.70008854,2
5857,7,29,2504.50004777,2
5858,4,22,1369.8500061,2
5859,8,67,4511.33006483,0
5860,4,22,1651.7700272,2
5861,6,25,3499.67009364,2
5862,5,15,1938.86005028,2
5863,6,34,3171.64005081,2
5864,3,28,2209.70000092,2
5865,7,58,5093.39009482,0
5866,3,17,2109.80006032,2
5867,9,68,6619.34013004,0
5868,6,37,2724.63005834,2
5869,3,13,2229.80005268,2
5870,7,32,4199.58009346,0
5871,6,23,1815.71004866,2
5872,2,18,1159.79002762,1
5873,9,64,5739.25012035,0
5874,7,46,3724.31007577,0
5875,8,73,6429.16014118,0
5876,6,44,3917.57009508,0
5877,6,42,3799.54006184,0
5878,7,53,4929.55008704,0
5879,4,35,3689.5900575,2
5880,4,14,1829.8100281,2
5881,4,43,2598.54002756,2
5882,3,14,674.91001317,1
5883,4,13,769.95000838,2
5884,4,23,1480.70001604,2
5885,4,21,2949.770073,2
5886,4,33,3429.61008273,2
5887,6,27,2355.78004844,2
5888,4,26,2349.84004982,2
5889,2,14,1849.77004248,1
5890,4,37,3747.72008325,2
5891,7,54,4119.44008618,0
5892,1,8,549.8699951,1
5893,2,19,1209.7500075799999,1
5894,3,11,1201.87003901,1
5895,3,33,2589.62002948,2
5896,5,26,1834.74003029,2
5897,12,86,8061.120201199999,0
5898,3,24,2239.6700439,2
5899,7,39,4029.4800683,0
5900,6,30,4129.63010798,0
5901,2,5,879.9300232,1
5902,4,38,2549.70006556,2
5903,5,36,2374.77001958,2
5904,9,53,5923.4201586,0
5905,5,28,3119.73006448,2
5906,5,44,3714.69007112,0
5907,7,51,5209.33012016,0
5908,4,16,2049.83004382,2
5909,3,22,1799.75003438,2
5910,6,29,4359.6900826599995,0
5911,3,14,2149.79005058,2
5912,1,7,389.90000910000003,1
5913,7,46,4288.44005218,0
5914,6,42,2949.7000655800002,2
5915,2,13,649.83001135,1
5916,5,16,1502.88003357,2
5917,3,24,2889.73006438,2
5918,5,29,3519.6700821,2
5919,4,19,2289.71005244,2
5920,4,20,1257.77002726,2
5921,6,41,2804.5500373200002,2
5922,5,16,1119.82001492,2
5923,6,39,3715.60008054,0
5924,6,39,2304.61002726,2
5925,3,15,1339.8600159,2
5926,7,49,4004.50006112,0
5927,8,82,8169.13019948,0
5928,5,23,2299.7600365,2
5929,7,56,4097.3200761,0
5930,2,17,1649.8100357600001,1
5931,2,14,850.870018,1
5932,3,15,1259.83002858,2
5933,3,11,1149.9400177,1
5934,2,8,419.97000504,1
5935,5,21,1625.7700348600001,2
5936,7,47,5389.55010622,0
5937,2,21,1319.78002164,1
5938,6,55,4840.53010759,0
5939,2,15,1149.8800354,1
5940,4,22,2159.75003816,2
5941,7,48,4767.4601099,0
5942,3,31,2677.69006744,2
5943,6,51,4715.5800973,0
5944,5,47,3721.41007811,0
5945,4,21,1869.78002162,2
5946,5,34,5183.62005984,0
5947,3,17,1239.72002034,2
5948,7,28,2339.6900482,2
5949,4,16,2794.8700715,2
5950,5,29,2731.65002064,2
5951,8,68,4238.24005871,0
5952,8,51,6299.49015048,0
5953,4,24,1809.71003344,2
5954,4,26,2999.74005898,2
5955,4,32,3311.6700821199997,2
5956,2,21,1909.7000122,2
5957,4,31,2559.7400512,2
5958,5,59,3925.15002251,0
5959,4,30,3154.63007354,2
5960,3,28,2239.70003894,2
5961,2,17,1129.82003785,1
5962,6,26,2503.68006144,2
5963,1,11,629.9500122,1
5964,4,56,3819.4400710600003,0
5965,8,46,5311.46011742,0
5966,6,15,2109.8000566,2
5967,2,28,1644.7700194,2
5968,3,9,1034.9200286999999,1
5969,4,31,2259.70004654,2
5970,6,30,2969.7200699200002,2
5971,7,51,5139.42011279,0
5972,4,26,1841.82002827,2
5973,6,39,4204.6300736,0
5974,5,43,3493.61007694,2
5975,2,13,579.84999838,1
5976,6,55,4835.46006774,0
5977,6,30,3139.66008766,2
5978,3,19,1483.84003834,2
5979,4,34,2379.77005,2
5980,1,12,1161.820015,1
5981,5,42,3371.58005717,2
5982,5,30,3384.6100998,2
5983,6,44,3519.4800645,0
5984,7,41,3579.47004708,0
5985,5,28,2479.7200469199997,2
5986,2,4,449.9600144,1
5987,6,53,4539.24007619,0
5988,4,28,2134.77003482,2
5989,8,55,4779.5401077999995,0
5990,6,56,3754.4100398699998,0
5991,5,25,1839.75003446,2
5992,6,50,3537.41009146,0
5993,3,15,1624.84004407,2
5994,8,55,4049.4100533299998,0
5996,3,17,1729.8200378000001,2
5997,1,8,1199.9000092,1
5998,4,44,3279.29002774,2
5999,6,38,4379.45012294,0
6000,1,5,250.0,1
6001,1,7,909.9000244199999,1
6002,4,27,2059.68003853,2
6003,9,54,4679.5701141,0
6004,5,31,2673.65006256,2
6005,7,41,3799.48005486,0
6006,5,46,3493.55006022,0
6007,3,10,1749.87005047,2
6008,7,49,4014.41008374,0
6009,3,32,2689.65006628,2
6010,4,24,2259.7100602,2
6011,5,41,3219.5800437,2
6012,6,25,2343.7600479,2
6013,5,22,1595.75001727,2
6014,6,58,4584.41012574,0
6015,5,37,2869.56002806,2
6016,5,15,1917.7900543399999,2
6017,4,34,3309.59004986,2
6018,6,33,3689.6600952999997,2
6019,3,21,2544.700058,2
6020,6,43,2853.60001758,2
6021,3,26,1374.73999394,2
6022,9,45,3724.52005778,0
6023,9,59,4859.37006577,0
6024,4,30,2687.6200295,2
6025,7,57,4804.30008316,0
6026,4,17,1779.8400345999999,2
6027,5,14,1939.8500519,2
6028,3,21,2184.71003714,2
6029,4,20,2059.77004248,2
6030,5,23,2378.78005608,2
6031,3,16,1019.8500328,1
6032,4,25,2189.66005324,2
6033,2,10,1359.92003636,1
6034,4,29,3053.71004868,2
6035,3,29,2019.7300338999999,2
6036,4,28,1859.7700195,2
6037,3,24,2349.6800614,2
6038,2,10,999.8100128,1
6039,2,12,1709.8200379,1
6040,3,17,1991.83004764,2
6041,4,40,2797.5500451,2
6042,3,10,1239.84003448,1
6043,2,18,1347.83003614,1
6044,3,21,1704.76004603,2
6045,4,36,2495.75002863,2
6046,3,18,1379.78001784,2
6047,7,47,3804.53006748,0
6048,5,32,3409.64007586,2
6049,11,58,6789.38015382,0
6050,9,101,6940.1000633,0
6051,3,11,1204.89002998,1
6052,2,19,773.7700043,1
6053,7,40,3554.55006413,0
6054,6,36,4029.64010622,0
6055,7,33,2799.68004994,2
6056,4,33,2891.67004012,2
6057,3,23,2529.59004594,2
6058,3,13,1119.89001078,1
6059,4,27,1861.6200084710001,2
6060,7,51,5458.5001641,0
6061,4,23,2399.81005866,2
6062,2,17,1749.8900452,2
6063,2,6,649.980011,1
6064,5,41,3519.66004956,2
6065,8,58,5543.36011128,0
6066,3,6,661.92001917,1
6067,7,43,3013.67004772,0
6068,6,32,3295.6000671799998,2
6069,2,11,845.89002228,1
6070,4,38,3685.54008868,2
6071,7,43,4239.57009898,0
6073,3,31,2369.76004412,2
6074,3,13,1069.85002142,1
6075,5,30,1979.830017,2
6076,3,29,2829.43003854,2
6077,2,12,1129.88000494,1
6078,4,24,2619.68005382,2
6079,4,18,1319.8900146199999,2
6080,4,33,2404.58001513,2
6081,6,46,4859.5701028,0
6082,4,39,2997.6500701,2
6083,3,33,1619.64998822,2
6084,3,12,1149.8200226,1
6085,8,53,4133.46006782,0
6086,10,50,5366.33013741,0
6087,6,34,2674.71005632,2
6088,5,41,4619.56010818,0
6089,5,50,4441.33008198,0
6090,4,30,3069.7200928,2
6091,2,14,1293.85001758,1
6092,7,45,5654.54013072,0
6093,3,27,1709.73003004,2
6094,4,26,2697.71004878,2
6095,5,51,4049.48008358,0
6096,3,11,1309.87004478,1
6097,4,13,979.89001464,2
6098,5,34,4089.56008725,2
6099,7,43,3458.5400809,0
6100,3,20,914.80999746,2
6101,10,57,6371.33012987,0
6102,5,41,3509.61007308,2
6103,6,21,3044.80008706,2
6104,5,36,3539.48005302,2
6105,2,10,514.90000533,1
6106,5,22,2579.7700806,2
6107,5,56,3549.5800628,0
6108,6,45,4529.68006918,0
6109,7,44,4817.49010862,0
6110,8,60,5823.3701421099995,0
6111,5,27,2414.83005526,2
6112,4,18,1929.8500519,2
6113,6,32,2555.5300484,2
6114,4,23,1861.84003642,2
6115,4,35,3489.5800590999997,2
6116,2,9,1111.84002117,1
6117,2,10,1034.87002562,1
6118,6,22,2569.75004974,2
6119,3,15,889.84003066,1
6120,5,40,3519.71007926,2
6121,4,37,2524.66003784,2
6122,4,32,2497.56003194,2
6123,4,24,2879.77004252,2
6124,3,14,919.7700195,1
6125,7,50,5719.58010116,0
6126,5,41,3159.70002374,2
6127,3,16,1544.83003234,2
6128,2,8,624.85999688,1
6129,4,21,1839.76002888,2
6130,8,55,6104.41011999,0
6131,6,36,3144.5600433600002,2
6132,4,19,2024.71003927,2
6133,2,19,1559.82004546,2
6134,4,18,1869.8100586,2
6135,2,13,1109.83002868,1
6136,1,9,429.95000458,1
6137,10,62,6245.37009836,0
6138,4,25,2119.75001896,2
6139,3,19,2509.70005804,2
6140,6,47,3239.61004252,0
6141,3,29,2095.69003674,2
6142,1,2,499.9700165,1
6143,9,72,6589.23012158,0
6144,3,13,669.94000248,1
6145,2,21,2129.84005358,2
6146,6,40,2649.71004862,2
6147,2,7,1129.9500275,1
6148,1,4,209.93000408,1
6149,7,34,3179.65007024,0
6150,6,41,4199.5500947,0
6151,5,36,2639.60002898,2
6152,2,12,559.8400001800001,1
6153,1,9,929.90001678,1
6154,5,32,2649.68003072,2
6155,5,31,3217.66007622,2
6156,7,47,5743.44014175,0
6157,4,24,2179.73005292,2
6158,5,23,2155.8100433199997,2
6159,6,36,3573.7000886,0
6160,8,46,4139.5200806,0
6161,6,30,4024.5400849,2
6162,7,45,3914.560089,0
6163,6,41,3649.6300926,0
6164,1,5,499.9500122,1
6165,7,57,4859.47009666,0
6166,5,36,3609.60008618,2
6167,4,25,2294.7700348,2
6168,8,40,5099.53011716,0
6169,5,26,2369.66004956,2
6170,3,17,1929.85004426,2
6171,5,39,3369.56008136,2
6172,3,24,1635.65000918,2
6173,3,21,1799.70003882,2
6174,4,35,3473.71004882,2
6175,4,32,2937.6700631999997,2
6176,5,24,2030.70004264,2
6177,7,34,2905.69007498,2
6178,7,40,4599.51010134,0
6179,7,56,4706.45010378,0
6180,3,25,2229.79003916,2
6181,5,29,2051.61002722,2
6182,2,21,2374.90004736,2
6183,4,16,1575.79003902,2
6184,8,44,4649.51012418,0
6185,2,12,789.91000365,1
6186,5,28,2699.59004976,2
6187,6,43,4421.50009538,0
6188,4,7,709.9700164999999,1
6189,1,6,919.9300232,1
6191,3,17,1089.81002418,2
6192,3,17,1689.73003018,2
6193,5,34,2399.79005048,2
6194,6,46,4090.6300926,0
6195,8,40,3724.67006298,0
6196,4,18,1679.79003138,2
6197,5,20,1989.75001152,2
6198,5,40,3069.54006956,2
6199,9,55,4649.50007437,0
6200,5,26,1357.72001258,2
6201,3,10,1289.8700371,1
6202,5,31,1979.72003168,2
6203,6,38,3819.55008322,0
6204,2,14,799.82001878,1
6205,5,37,2857.60002898,2
6206,4,20,2329.69003493,2
6207,1,1,399.980011,1
6208,4,33,2109.62005043,2
6209,5,32,3244.62007526,2
6210,3,18,2009.8200454799999,2
6211,7,32,3004.75005336,2
6212,6,24,2721.80006796,2
6213,12,59,6223.2301428499995,0
6214,2,8,714.90001487,1
6215,4,22,2189.77003856,2
6216,4,14,1229.87001798,2
6217,4,30,2794.6800804,2
6218,3,19,1819.8200454999999,2
6219,3,27,1999.7200318,2
6220,4,32,2494.6300353,2
6221,8,58,3554.53005403,0
6222,8,55,4345.42006871,0
6223,3,24,2044.70004079,2
6224,4,22,2129.79004672,2
6225,4,20,2829.86005406,2
6226,1,2,699.960022,1
6227,2,15,1659.82000356,1
6228,2,11,1059.86001775,1
6229,12,60,5235.3100587,0
6230,9,64,5826.34010137,0
6231,6,30,3076.70006194,2
6232,2,23,1559.71002574,2
6233,6,42,4464.5500832,0
6234,3,23,1689.72004318,2
6235,2,11,949.8300095000001,1
6236,7,53,5109.44007882,0
6237,6,40,3517.68006906,0
6238,2,7,1159.9200286999999,1
6239,6,29,2804.70003516,2
6240,8,36,3979.53009425,0
6241,3,34,2459.6500206,2
6242,6,53,3912.41006468,0
6243,3,18,2379.81005864,2
6244,4,28,2849.66003804,2
6245,3,29,2319.68003078,2
6246,4,28,2544.72007561,2
6247,5,34,1939.7700386010001,2
6248,10,66,4139.35005751,0
6249,7,43,4071.58009525,0
6250,5,25,3039.5800553599997,2
6251,4,11,1654.7600403,2
6252,2,18,1309.8100204,1
6253,8,44,4554.54011156,0
6254,4,29,3959.7201004999997,2
6255,7,64,5539.16008764,0
6256,8,51,5341.4201469399995,0
6257,5,35,3309.46006402,2
6258,3,12,1219.85002898,1
6259,4,30,3599.6000635,2
6260,3,18,1639.8000488,2
6261,4,21,2029.76001752,2
6262,3,10,1275.83002476,1
6263,6,59,5254.3600694,0
6264,3,16,2569.77006918,2
6265,7,21,2589.83007056,2
6266,7,66,6109.19009406,0
6267,2,2,499.9700165,1
6268,6,26,3019.7700767799997,2
6269,6,53,4064.60008243,0
6270,4,31,3769.6301041399997,2
6271,7,33,2559.64004896,2
6272,3,15,1709.84003456,2
6273,2,14,1209.89002996,1
6274,6,26,2093.78004844,2
6275,4,30,2929.75006493,2
6276,4,22,1785.8000603,2
6277,6,41,3493.62007902,0
6278,6,47,3644.54004664,0
6279,8,54,4529.51009384,0
6280,4,30,3374.6800766,2
6281,8,66,5249.28012284,0
6282,5,26,3004.7300681799998,2
6283,3,21,1608.76002874,2
6284,4,22,2419.72005084,2
6285,13,100,7017.97010398,0
6286,2,26,1534.6500091,2
6287,6,46,4577.39007202,0
6288,8,62,5389.2300607,0
6289,6,35,3149.55006412,2
6290,4,43,3219.59007634,2
6291,2,15,1359.84003064,1
6292,2,3,559.960022,1
6293,1,13,1549.8900452,1
6294,6,41,4123.46007739,0
6295,6,39,2869.66002652,2
6296,4,15,1957.8300553,2
6297,4,24,1859.76004404,2
6298,2,10,989.9300232,1
6299,7,34,2899.60004981,2
6300,4,50,3524.43005744,2
6301,5,31,2757.680069,2
6302,4,18,1799.78002556,2
6303,10,72,6617.26013204,0
6304,4,34,3404.6300354200002,2
6305,11,85,7273.23012944,0
6306,4,36,2519.6500473,2
6307,10,48,5051.41011058,0
6308,4,28,1744.77003472,2
6309,4,22,1299.82003022,2
6310,4,34,2779.6300659,2
6311,5,21,1289.83003807,2
6312,4,25,2399.6500511,2
6313,5,38,3649.59007256,2
6314,3,17,1699.79003906,2
6315,4,17,1219.79002386,2
6316,12,85,8105.1801834,0
6318,8,34,4534.61010943,0
6319,9,52,5154.59008036,0
6320,3,28,2673.66002668,2
6321,2,6,559.9400177,1
6322,2,24,1744.78002556,2
6323,5,30,2386.59002109,2
6324,2,7,1199.9100342,1
6325,4,36,2769.72004696,2
6326,5,19,3209.76008994,2
6327,7,41,3589.52008064,0
6328,3,18,1599.78003306,2
6329,2,9,1049.94002154,1
6330,5,28,2409.7100678,2
6331,4,21,1759.68000418,2
6332,4,30,2579.7200127,2
6333,5,38,3075.65007016,2
6334,6,29,2899.6600456799997,2
6335,1,4,449.980011,1
6336,7,48,3490.44006348,0
6337,6,43,3824.69009408,0
6338,8,59,4576.4000855,0
6339,5,29,2128.6700249,2
6340,1,10,739.95001604,1
6341,10,85,7169.2501486,0
6342,9,62,5189.27005764,0
6343,2,22,1437.75002666,2
6344,3,28,1799.68002712,2
6345,8,41,3822.61006371,0
6346,8,45,4369.44008638,0
6347,4,34,2194.6000327,2
6348,5,34,3749.5800515,2
6349,2,6,674.94001967,1
6350,8,64,5329.22007372,0
6351,4,19,2074.86004071,2
6352,6,39,2792.59005744,2
6353,3,25,1839.72000886,2
6354,1,5,289.9500122,1
6355,3,23,2089.81003958,2
6356,8,48,4774.4401322,0
6357,6,25,3679.6500969999997,2
6358,6,46,3859.39007186,0
6359,9,78,5469.2400855,0
6360,7,29,2605.69004822,2
6361,6,32,2859.72005848,2
6362,5,19,2429.78006752,2
6363,3,24,2484.7600518,2
6364,7,29,3773.66006104,0
6365,5,33,3199.66004564,2
6366,3,27,2519.7400284,2
6367,4,22,1509.73001102,2
6368,6,29,3525.60005576,2
6369,2,15,959.90002442,1
6370,7,53,4449.67007824,0
6371,2,12,959.85001368,1
6372,1,3,74.97000122,1
6373,2,12,1605.8500213,1
6374,6,26,1976.8400268599999,2
6375,9,83,7740.13018423,0
6376,5,40,2709.59007636,2
6377,5,15,1069.83001328,2
6378,7,49,2837.51004965,0
6379,4,30,2906.69007303,2
6380,5,30,2774.760076651,2
6381,2,11,1799.87001806,1
6382,3,13,1389.8500367,2
6383,5,30,2444.68007853,2
6384,2,18,1139.82003018,1
6385,5,31,2429.7600517,2
6386,5,25,3687.6300775199998,2
6387,4,25,3029.710083,2
6388,9,45,5540.4701347,0
6389,2,24,2119.78004078,2
6390,5,26,2164.56004915,2
6391,3,16,2299.81007014,2
6392,5,40,3409.62004489,2
6393,10,63,5404.4000967599995,0
6394,1,16,669.8099974,1
6395,5,25,3509.74008182,2
6396,2,10,864.89002992,1
6397,6,49,4605.28007135,0
6398,6,41,3202.58005717,0
6399,5,35,3344.6600762,2
6400,5,32,3119.62005994,2
6401,3,11,1239.90003588,1
6402,6,60,4429.3100625,0
6403,2,18,1979.79004284,2
6404,6,48,4039.35005574,0
6405,7,42,4940.70009626,0
6406,3,23,1689.7600288,2
6407,5,45,4559.52008439,0
6408,3,29,2369.56003202,2
6409,4,22,2199.69003304,2
6410,3,25,3049.65006258,2
6411,5,37,3798.70007716,2
6412,7,62,5679.2100830399995,0
6413,4,26,2499.68006522,2
6414,3,23,1969.8200226,2
6415,4,25,1484.64002216,2
6416,6,47,4539.42009933,0
6417,7,46,4519.52003116,0
6418,6,45,4876.50010326,0
6419,5,29,3699.6800958,2
6420,4,37,3289.5600472,2
6421,5,18,2194.73004345,2
6422,3,15,1919.82004166,2
6423,6,36,3133.6600419,2
6424,5,53,4475.21005258,0
6425,6,40,4259.53008287,0
6426,6,40,2639.58005134,2
6427,7,41,3859.6300965,0
6428,9,63,5453.34006504,0
6429,4,17,1701.8900452,2
6430,9,65,5541.2301027,0
6431,4,29,2426.67004008,2
6432,3,14,1439.83003998,2
6433,3,18,1859.79006198,2
6434,4,33,2574.73006436,2
6435,5,33,3349.65008164,2
6436,2,26,2179.7200317,2
6437,3,24,1779.80004116,2
6438,3,13,1174.8600368500001,1
6439,2,17,1445.8300247,1
6440,7,50,3291.25002491,0
6441,4,24,2555.75004582,2
6442,5,30,3304.74007995,2
6443,6,25,2229.79004668,2
6444,6,37,3329.61004648,2
6445,6,51,3979.47006983,0
6446,6,36,2607.68004797,2
6447,3,18,2007.82005698,2
6448,8,60,5574.55011378,0
6449,5,23,3009.72007756,2
6450,4,19,1747.83004002,2
6451,5,31,2799.62007524,2
6452,4,18,979.7900162,2
6453,4,23,2159.79005048,2
6454,5,23,2094.7600594,2
6455,5,27,3524.60007868,2
6456,4,11,1453.86003878,2
6457,8,50,4535.3101007,0
6458,2,12,1069.86001964,1
6459,8,57,5201.46011743,0
6460,3,15,1929.90004736,2
6461,7,54,5607.33010872,0
6462,2,17,939.84001156,1
6463,4,24,1959.70003502,2
6464,2,19,2049.8000488,2
6465,5,33,2309.54002378,2
6466,7,26,3159.67007444,2
6467,2,25,1919.7600288400001,2
6468,6,18,2655.8100625,2
6469,4,28,2719.7000428,2
6470,8,62,5329.36010376,0
6471,5,28,1849.7500344,2
6472,6,56,5123.42012024,0
6473,9,62,5885.36013794,0
6474,10,77,6224.14010065,0
6475,2,19,1749.8600311,2
6476,6,45,3794.63007358,0
6477,4,22,2449.71007162,2
6478,6,33,2487.68003848,2
6479,2,15,1419.8800354,1
6480,8,61,5124.35008427,0
6481,3,26,1919.7300263,2
6482,4,20,2259.7800521599997,2
6483,5,36,2521.5800417299997,2
6484,8,47,3609.3900718,0
6485,2,12,1459.9000397,1
6486,5,26,1992.84004218,2
6487,4,28,2359.71006012,2
6488,8,56,4639.29008474,0
6489,4,28,1831.760025,2
6490,4,18,2439.7800561,2
6491,5,28,3199.65008548,2
6492,5,37,3434.4500428,2
6493,6,33,2439.67003256,2
6494,7,49,4629.4800948,0
6495,4,10,759.93001176,1
6496,4,37,2985.60008246,2
6497,2,11,1169.8400421000001,1
6498,6,50,3789.53008648,0
6499,6,30,2699.6600341,2
6500,5,42,3795.59007829,0
6501,3,19,1909.82001496,2
6502,2,2,264.9900055,1
6503,2,16,1377.82002638,1
6504,5,25,2539.76007084,2
6505,5,32,3589.6601029,2
6506,5,26,2894.68005756,2
6507,2,16,1169.8600311,1
6508,5,32,3689.55007946,2
6509,1,1,129.9900055,1
6510,8,40,3617.60010534,0
6511,3,19,1439.88001628,2
6512,5,29,2991.66006281,2
6513,3,22,1949.88003158,2
6514,8,74,5636.3701172,0
6515,2,20,1159.78001784,1
6516,8,43,4191.45007704,0
6517,4,15,3839.82002618,2
6518,7,40,3654.6800614,0
6519,1,7,1099.9100266,1
6520,1,8,759.87001428,1
6521,7,46,4789.52011116,0
6523,4,27,3529.67005178,2
6524,7,57,3647.4200438000003,0
6525,5,27,2149.86001586,2
6526,5,39,4119.65007404,0
6527,2,17,989.78001026,1
6528,3,18,1639.8600464,2
6529,10,46,5191.48014072,0
6530,5,26,3189.73007216,2
6531,2,13,1515.90003206,1
6532,7,52,4584.43008812,0
6533,4,15,1699.86003494,2
6534,3,13,1179.81002802,1
6535,5,31,2969.76005576,2
6536,6,37,3389.60004045,2
6537,5,33,3534.76006698,2
6538,5,21,2564.7500611,2
6539,4,17,2229.8300629,2
6540,2,18,1594.8100279999999,1
6541,2,11,1249.8400268,1
6542,7,32,3074.69007496,2
6543,7,41,3534.590070811,0
6544,3,18,1599.80004118,2
6545,2,21,1839.81003188,2
6546,6,25,3229.54006586,2
6547,7,45,4167.36008074,0
6548,1,2,79.98000336,1
6549,3,14,1079.9200286999999,1
6550,3,35,2709.4800148599998,2
6551,3,15,2189.8500368,2
6552,2,14,1799.77005388,1
6553,9,56,5559.2200889,0
6554,8,42,4182.5200691400005,0
6555,1,1,199.9900055,1
6556,4,6,1389.920044,2
6557,7,29,2889.69007496,2
6558,3,19,1669.72002804,2
6559,3,11,739.93001938,1
6560,6,52,4741.59008794,0
6561,7,39,3844.68008997,0
6562,2,11,1749.8600464,1
6563,5,38,2775.6600304,2
6564,5,22,2829.70006948,2
6565,4,34,2534.73005869,2
6566,7,50,4561.59010698,0
6567,4,23,2519.8200456,2
6568,7,37,3319.55007932,0
6569,4,46,3737.46006002,2
6570,3,14,1499.8100281,2
6571,7,62,4899.42008011,0
6572,2,14,1579.8700333,1
6573,6,60,4969.37007912,0
6574,8,30,2549.660061,2
6575,3,25,2199.76004788,2
6576,3,22,2037.8300591,2
6577,3,6,811.94002154,1
6578,2,10,789.95001986,1
6579,6,38,3659.65005108,0
6580,4,27,2494.6000519,2
6581,6,56,5599.22008144,0
6582,5,33,3666.7800828,2
6583,5,23,2189.85002906,2
6584,7,61,4438.35008037,0
6585,8,47,4354.42009366,0
6586,7,34,2999.69006736,2
6587,11,57,6409.43016062,0
6588,4,22,2079.7000427,2
6589,3,19,2169.75005724,2
6590,4,30,2624.69004058,2
6591,7,49,3629.37005618,0
6592,7,45,2934.7000388799997,0
6593,6,37,3069.5900802,2
6594,3,12,1049.87002562,1
6595,2,13,999.9100112599999,1
6596,2,12,679.90000912,1
6597,4,22,2089.76002886,2
6598,2,14,1069.9300232,1
6599,7,30,2761.65006443,2
6600,4,30,2469.74002848,2
6601,3,20,1199.75999834,2
6602,9,56,4399.1800841,0
6603,6,47,4149.43005372,0
6604,5,26,2415.71005821,2
6605,4,29,2505.70002563,2
6606,4,26,2383.72006236,2
6607,3,15,724.8900108,1
6608,2,7,934.87002562,1
6609,2,14,1609.8800354,1
6610,3,15,1064.88002012,1
6611,5,35,3094.57007982,2
6612,4,17,1034.77000042,2
6614,4,22,2297.78004076,2
6615,11,87,7179.19014356,0
6616,7,40,4237.59007274,0
6617,7,32,2619.72007372,2
6618,4,15,1303.89002228,2
6619,3,18,2159.74005132,2
6620,6,34,3649.70008096,2
6621,2,32,1949.8200226,2
6622,4,32,2493.6000558,2
6623,9,65,5954.34011852,0
6624,3,19,1859.7700271600002,2
6625,2,7,497.95000456,1
6626,5,29,3879.67009738,2
6627,1,1,129.9900055,1
6628,3,18,939.8300093600001,2
6629,2,4,509.95001986,1
6630,6,45,4220.65007414,0
6631,3,17,1931.81004525,2
6632,3,23,2369.7500534,2
6633,2,20,1339.71000672,1
6634,4,18,2249.77007296,2
6635,9,64,4064.35004626,0
6636,2,11,731.8700256,1
6637,6,39,3481.5200806,0
6638,4,20,1599.75002298,2
6639,2,8,479.9100037,1
6640,4,21,2609.80007558,2
6641,4,27,2789.70009244,2
6642,3,14,2099.8600465,2
6643,9,76,6249.32012184,0
6644,2,5,589.97001268,1
6645,4,33,2299.7200394,2
6646,3,14,1819.8800431,2
6647,1,10,1429.9200286999999,1
6648,2,17,1569.77000438,1
6649,7,38,4669.53008668,0
6650,2,23,1589.68001548,2
6651,2,11,1239.8800354,1
6652,4,34,3559.72008898,2
6653,1,17,1089.7600097,1
6654,5,27,2541.7500705899997,2
6655,3,26,1659.8000259,2
6656,2,11,1459.8200340600001,1
6657,2,8,1069.9100342,1
6658,6,40,2925.61004453,2
6659,4,11,2239.8300476,2
6660,9,81,6278.09012228,0
6661,4,40,3319.5800553999998,2
6662,2,18,1179.850029,1
6663,2,15,1274.82000732,1
6664,10,82,6464.99011248,0
6665,4,21,1614.7400321,2
6666,2,14,909.89001848,1
6667,3,17,2119.80005651,2
6668,3,11,1269.8400116,1
6669,8,59,4519.42010498,0
6670,6,36,3889.6200791399997,0
6671,8,51,4568.4100533,0
6672,7,56,4739.32007223,0
6673,4,12,1453.8400345,2
6674,3,15,1429.82001885,2
6675,3,18,1599.8800278200001,2
6676,4,18,1907.87004476,2
6677,7,45,4320.69008648,0
6678,3,5,419.94000242,1
6679,3,12,893.94000624,1
6680,4,18,1999.85006338,2
6681,3,29,2459.73003386,2
6682,3,10,703.93001174,1
6683,4,21,2389.760048,2
6684,5,29,2769.7500572,2
6685,6,36,3078.5700683,2
6686,3,11,1739.81004342,2
6687,2,10,494.90000910000003,1
6688,9,61,4667.47008138,0
6689,2,25,1502.7100258599999,2
6690,6,30,2579.60007088,2
6691,5,34,3325.63006602,2
6692,7,48,3532.51004792,0
6693,4,28,2889.64008708,2
6694,5,28,2679.6700591999997,2
6695,3,22,2329.84003066,2
6696,9,82,6927.0101319000005,0
6697,4,34,2459.72003558,2
6698,2,12,1409.8800392399999,1
6699,9,52,3084.34004605,0
6700,4,36,2547.58004364,2
6701,6,37,3089.5700609,2
6702,3,10,879.89002612,1
6703,3,16,1849.8400268,2
6704,5,26,3479.7500726,2
6705,1,6,599.9300155999999,1
6706,5,28,2689.69005583,2
6707,9,69,5314.34006116,0
6708,7,39,3361.5900688399997,0
6709,5,43,3139.45003116,2
6710,7,35,3339.63004688,0
6711,4,30,2095.64005274,2
6712,1,7,259.93000416,1
6713,2,17,1919.8400382999998,2
6714,3,21,1269.8800354,2
6715,2,15,1129.85000994,1
6716,5,31,3197.77007105,2
6717,2,14,699.84001154,1
6718,4,19,1849.8300286,2
6719,3,33,2474.7100487,2
6720,5,20,3253.75009926,2
6721,5,35,3169.63003166,2
6722,6,28,2517.78004458,2
6723,4,23,2419.68001556,2
6724,6,43,4629.48010642,0
6725,8,47,5354.44013803,0
6726,5,33,3179.68005746,2
6727,7,62,4483.45005044,0
6728,3,19,1409.8100357600001,2
6729,7,44,4109.5200615,0
6730,7,65,4670.39009089,0
6731,6,41,3395.62007898,0
6732,8,44,4199.48007194,0
6733,1,12,619.88001246,1
6734,5,30,4489.72011576,2
6735,6,22,3299.70008862,2
6736,6,23,1589.8100356999998,2
6737,8,37,4699.5501060999995,0
6738,6,42,4011.6900768699998,0
6739,5,38,4659.5400622,0
6740,9,55,4990.52011488,0
6741,3,6,879.92001724,1
6742,7,42,2669.5700186999998,0
6743,1,5,849.960022,1
6744,1,9,919.8600159,1
6745,2,13,1269.83002858,1
6746,6,49,4897.59009359,0
6747,7,34,3142.6700516,0
6748,3,19,1369.83003238,2
6749,1,10,849.980011,1
6750,6,29,2495.7400475,2
6751,3,22,2389.7700653399997,2
6752,5,31,2899.73006826,2
6753,4,19,2379.74005896,2
6754,2,21,2089.8100357,2
6755,7,57,4239.51009001,0
6756,7,42,3135.50006305,0
6757,9,57,4179.4000931,0
6758,3,40,3104.60007285,2
6759,7,56,4904.27008813,0
6760,3,26,2179.77005,2
6761,2,9,1099.89001844,1
6762,2,10,849.9300079,1
6763,3,12,1759.9100495,2
6764,4,33,2439.71007158,2
6765,4,24,2274.79005432,2
6766,4,14,1207.8800354,2
6767,8,52,4256.44008815,0
6768,6,46,4021.48007196,0
6769,3,21,1563.78003312,2
6770,4,16,2359.7600632999997,2
6771,2,11,1154.91002656,1
6772,3,20,1689.84002308,2
6773,6,30,3584.7000542,2
6774,5,22,2329.72003938,2
6775,4,39,1774.73999407,2
6776,4,45,3669.5800324,2
6777,3,8,728.93000796,1
6778,4,25,2169.7900391,2
6779,5,24,2599.71006016,2
6780,9,43,3841.7100696899997,0
6781,2,19,1819.8500365999998,2
6782,4,23,2899.7500459,2
6783,5,24,1649.80002211,2
6784,4,28,2209.70001988,2
6785,6,45,4547.46009446,0
6786,4,19,2244.73003774,2
6787,5,37,3719.65007776,2
6788,6,50,4889.48010634,0
6789,9,67,5759.44009774,0
6790,5,35,3036.7200565499998,2
6791,5,24,2259.7400361,2
6792,3,15,2089.8000489,2
6793,2,3,219.98000718,1
6794,3,26,2069.70002358,2
6795,5,25,2204.78003316,2
6796,4,31,3069.64007381,2
6797,5,29,2669.650055,2
6798,2,13,1164.87002371,1
6799,5,20,2009.7500229799998,2
6800,4,22,2564.82002654,2
6801,3,13,1304.84003834,1
6802,6,39,2183.6400184,2
6803,4,33,2129.61004251,2
6804,2,20,1809.81002422,2
6805,2,10,939.91001508,1
6806,8,50,5823.51007454,0
6807,2,3,829.9500275,1
6808,4,21,1857.8400421000001,2
6809,4,15,1959.82003785,2
6810,9,46,4519.43008804,0
6811,4,14,1349.79002762,2
6812,10,56,6685.42015092,0
6813,6,41,3749.43008808,0
6814,2,20,1337.87002946,1
6815,5,26,1999.81004336,2
6816,6,30,3683.64011012,2
6817,4,32,3723.57005318,2
6818,6,42,3269.62006187,0
6819,5,36,3265.51007088,2
6820,3,14,1034.85002514,1
6821,2,10,1159.9200286999999,1
6822,5,27,3299.72007752,2
6823,3,21,1724.76003266,2
6824,2,12,684.87001036,1
6825,3,12,979.8600274,1
6826,6,38,3759.68005378,0
6827,4,13,1549.86004258,2
6828,7,44,3825.57006086,0
6829,6,44,3789.4600908,0
6830,4,31,2369.5900231,2
6831,3,21,2349.7100525,2
6832,1,5,249.8999939,1
6833,7,28,3521.68008995,2
6834,5,48,4474.49010084,0
6835,3,20,1799.7400359,2
6836,8,56,5839.3801307799995,0
6837,4,13,1209.81003186,2
6838,6,49,4744.42012217,0
6839,3,13,1489.85004426,2
6840,3,26,3009.64005288,2
6841,1,6,699.9300232,1
6842,3,12,1429.8500214,1
6843,4,17,2189.8000565,2
6844,2,17,1219.83002094,1
6845,5,51,3489.5900688,0
6846,4,38,3239.57006257,2
6847,6,31,2984.65004738,2
6848,6,45,2995.41004174,0
6849,3,17,1959.75005346,2
6850,6,36,3239.62005813,2
6851,2,10,819.8900261599999,1
6852,4,17,1367.7500382,2
6853,5,35,2881.64003374,2
6854,6,50,4809.600075,0
6855,2,7,589.93002326,1
6856,1,4,200.0,1
6857,4,17,1659.76003268,2
6858,5,34,3089.58007818,2
6859,5,41,4129.67008212,0
6860,3,21,2539.6900406,2
6861,1,1,129.9900055,1
6862,7,50,5849.36014198,0
6863,1,5,499.980011,1
6864,2,15,1019.8500061,1
6865,5,41,2729.6300429000003,2
6866,3,13,971.87002753,1
6867,4,27,1839.77002716,2
6868,5,21,1609.6600152,2
6869,5,30,1831.81003379,2
6870,3,35,2052.69002534,2
6871,4,33,2838.66006462,2
6872,6,52,4721.34008987,0
6873,4,32,2414.6400336799998,2
6874,5,40,3739.7200623,2
6875,5,41,3649.63008118,2
6876,4,42,2759.69004058,2
6877,3,22,2273.7700196,2
6878,7,50,3704.53004452,0
6879,5,42,3529.63007736,2
6880,2,27,1989.8000336,2
6881,5,23,3027.71004112,2
6882,3,16,1919.7500534,2
6883,6,37,4785.68013022,0
6884,2,6,899.92002108,1
6885,7,27,3209.63006604,2
6886,6,37,3724.66004566,0
6887,4,35,4189.62009058,2
6888,3,22,1669.8200417,2
6889,4,22,1527.7300261999999,2
6890,4,23,3649.6701128,2
6891,3,16,1699.8200454799999,2
6892,6,32,3345.63005836,2
6893,9,63,6149.37013634,0
6894,4,28,2469.73004914,2
6895,1,3,249.97000889999998,1
6896,5,20,1965.8800373499998,2
6897,5,28,2687.69005586,2
6898,10,61,5639.30011382,0
6899,4,26,2469.7200394,2
6900,4,41,2909.4600449,2
6901,2,17,1324.81003186,1
6902,4,25,2919.54006584,2
6903,5,27,2989.75008788,2
6904,7,34,4019.5601006399997,0
6905,3,19,2219.7700538999998,2
6906,8,44,3733.530037,0
6907,9,55,5429.46010593,0
6908,2,17,2659.74006278,2
6909,7,52,4439.40005494,0
6910,5,33,3104.60003668,2
6911,2,19,1387.81002048,1
6912,3,22,1994.83002848,2
6913,9,40,3529.51006332,0
6914,4,21,1959.76004408,2
6915,6,54,4328.45002947,0
6916,3,17,1089.9400177,2
6917,6,22,3179.71008308,2
6918,3,22,2079.8500291,2
6919,4,27,2919.72008144,2
6920,4,25,2029.6800232,2
6921,5,25,2904.6700745099997,2
6922,5,26,1824.76000978,2
6923,4,26,2739.70005804,2
6924,4,26,2389.68002332,2
6925,5,39,2713.67004784,2
6926,5,34,4593.66013352,0
6927,4,26,3649.66010292,2
6928,5,38,3529.6200867,2
6929,6,32,3189.65008164,2
6930,6,53,4234.5400848,0
6931,4,16,2159.72005468,2
6932,8,40,4405.50008414,0
6933,4,20,1839.84004212,2
6934,3,35,2189.58000184,2
6935,5,28,3469.62008294,2
6936,4,29,3509.75006881,2
6937,4,23,2097.75005336,2
6938,3,7,879.9300232,1
6939,6,44,3210.5400733,0
6940,4,32,2804.6700439,2
6941,4,18,1799.7800446,2
6942,7,47,4764.58008962,0
6943,2,13,1129.8700104,1
6944,4,23,2064.7500419,2
6945,3,15,1399.8400268999999,2
6946,4,43,3039.50004006,2
6947,4,37,3319.62005805,2
6948,6,70,5824.33010862,0
6949,4,29,2984.7500420799997,2
6950,12,84,7951.12014397,0
6951,4,29,2879.68005004,2
6952,4,27,3449.7700538599997,2
6953,7,67,6577.23012936,0
6954,5,43,2929.62006378,2
6955,3,15,1599.9000320999999,2
6956,4,27,3069.6100427,2
6957,4,38,3869.69007121,2
6958,4,24,2729.7400704399997,2
6959,8,71,5890.25009528,0
6960,4,29,2999.7000809,2
6961,8,45,3986.45008098,0
6962,4,32,2694.50003436,2
6963,4,26,2489.720047,2
6964,5,29,2859.68006522,2
6965,5,33,2269.65004346,2
6966,1,1,49.97999954,1
6967,2,11,689.9000091,1
6968,6,33,3179.58008208,2
6969,7,49,5001.46013264,0
6970,9,64,5898.3001327599995,0
6971,3,8,589.93001938,1
6972,2,16,1449.8800202,1
6973,6,43,3804.58008954,0
6974,3,18,1399.8200188,2
6975,7,46,3545.54006964,0
6976,4,30,1719.66001514,2
6977,9,64,6604.47013862,0
6978,4,31,1839.61002529,2
6979,5,38,3207.7200738,2
6980,4,28,2341.73005869,2
6981,4,40,2749.58004758,2
6982,5,23,2019.78004838,2
6983,5,28,3259.720089,2
6984,3,15,1739.8800354,2
6985,6,26,1849.64003374,2
6986,5,41,4223.58008964,0
6987,3,31,2509.67004764,2
6988,5,32,2704.64006796,2
6989,3,6,619.9400101,1
6990,5,36,3709.70008088,2
6991,2,14,1169.88003357,1
6992,7,35,4836.5701104,0
6993,5,18,1139.8100129,2
6994,2,14,1519.89003374,1
6995,5,38,3289.5600433,2
6996,4,25,2934.69007488,2
6997,3,22,2069.85003672,2
6998,3,27,2747.6100083,2
6999,7,40,3507.56006996,0
7000,7,38,3929.63008508,0
7001,9,72,6444.22009107,0
7002,3,9,1029.91003038,1
7003,3,17,1521.7900315,2
7004,3,13,1129.82999416,1
7005,9,63,4949.31007758,0
7006,6,53,4367.5700646000005,0
7007,3,22,2959.80005656,2
7008,2,16,1059.8700103,1
7009,3,25,1669.74999624,2
7010,6,48,3647.34005368,0
7012,5,27,1669.6600189,2
7013,9,54,5179.25009349,0
7014,2,5,359.94000624,1
7015,5,35,3549.60007476,2
7016,8,43,5033.48012357,0
7017,3,25,2579.72005092,2
7018,2,27,2049.6800309,2
7019,5,36,4227.58009342,0
7020,6,42,3743.54008094,0
7021,6,34,3107.52003876,2
7022,5,38,3349.58007052,2
7023,3,11,799.9600144,1
7024,8,33,3603.60009396,0
7025,1,8,819.9100341999999,1
7026,2,17,1259.79003906,1
7027,5,21,2809.79006578,2
7028,6,60,4239.29005419,0
7029,5,37,3008.57002252,2
7030,4,26,2681.67007643,2
7031,5,30,2659.64007576,2
7032,3,20,1869.78003688,2
7033,2,10,589.9000091,1
7034,2,24,1674.8099898599999,2
7035,4,23,1859.80003368,2
7036,6,36,3409.60005958,2
7037,4,21,1669.6800384399999,2
7038,6,32,3979.62009058,0
7039,5,23,2362.73005113,2
7040,5,33,3419.6300888799997,2
7041,5,44,3319.50007636,2
7042,6,62,5019.51010508,0
7043,8,45,4669.4500809599995,0
7044,3,12,2084.8300629,2
7045,4,22,894.7700062,2
7046,3,20,1039.85003473,2
7047,4,20,2577.77006916,2
7048,3,24,2369.70003516,2
7049,4,27,2189.6700515,2
7050,9,54,5329.35010912,0
7051,3,20,1465.80003543,2
7052,5,41,3669.620050551,2
7053,3,28,2289.62003714,2
7054,5,47,3409.6400337,0
7055,2,2,259.980011,1
7056,5,29,2363.85004816,2
7057,5,29,2359.60001388,2
7058,1,13,1339.9000244,1
7059,6,22,2121.76001943,2
7060,7,65,6128.290104,0
7061,3,29,3059.7800675,2
7062,4,25,2854.76005568,2
7063,5,34,3873.60007679,2
7064,4,13,2029.84006124,2
7065,3,26,2069.73003388,2
7066,5,43,3974.6200829199997,0
7067,1,2,699.960022,1
7068,7,31,4005.7100734699998,0
7069,6,37,2660.69006736,2
7070,3,17,1819.81005478,2
7071,7,48,3229.60005178,0
7072,2,14,1145.91002085,1
7073,3,27,1627.7300186,2
7074,3,22,1547.77004246,2
7075,5,15,2424.78005226,2
7076,4,24,2769.7000694999997,2
7077,1,12,979.8500061,1
7078,3,27,2059.72003554,2
7079,4,35,2244.70001598,2
7080,5,24,3029.74009328,2
7081,4,45,4175.5600701,0
7082,9,48,5844.39014247,0
7083,3,19,2103.75004578,2
7084,6,37,3439.50007236,2
7085,3,8,759.9200287,1
7086,3,15,1399.8900299,2
7087,1,1,199.9900055,1
7088,1,4,959.940033,1
7089,9,35,2899.68005382,0
7090,5,32,3314.6800785699998,2
7091,1,5,49.95000076,1
7092,2,20,1695.75004578,2
7093,5,29,2221.68005171,2
7094,5,26,3664.77008832,2
7095,6,44,2939.38001256,0
7096,3,31,2589.63004306,2
7097,3,21,2434.74004175,2
7098,3,18,1971.78005218,2
7099,7,46,4694.46011362,0
7100,4,26,2049.65000158,2
7101,4,29,1967.67002876,2
7102,6,41,3529.6100806599998,0
7103,3,29,2649.870041,2
7104,4,31,2755.5600433199997,2
7105,5,37,3084.52007105,2
7106,3,20,1709.7300415,2
7107,2,23,1759.74001692,2
7108,5,35,4186.64010634,2
7109,3,17,1579.8000336,2
7110,5,31,3185.69008258,2
7111,4,21,2379.8400573999998,2
7112,8,51,4599.48009496,0
7113,4,32,2309.57005308,2
7114,5,35,2968.770054,2
7115,6,26,2503.70006574,2
7116,5,22,2819.72006992,2
7117,5,31,3509.59007648,2
7118,3,18,1265.84002123,2
7119,2,10,1569.90003588,1
7120,1,5,1189.9300385,1
7121,6,31,2767.60005962,2
7122,4,14,1789.90003972,2
7123,8,54,5824.3501359,0
7124,5,37,2939.60005188,2
7125,2,19,1439.8200378,1
7126,1,2,349.96001054,1
7127,3,24,1554.71002206,2
7128,3,24,2059.73004536,2
7129,5,32,2789.79007726,2
7130,4,24,1904.78002741,2
7131,2,15,719.7899932400001,1
7132,4,32,2789.66004178,2
7133,5,29,3089.66002666,2
7135,2,3,579.9700164999999,1
7136,5,36,3014.64005471,2
7137,2,11,999.8899994,1
7139,9,64,6609.28015154,0
7140,4,36,3389.6300737,2
7141,5,56,4665.50008776,0
7142,2,26,1959.7000274,2
7143,7,60,4869.38008115,0
7144,6,35,4439.65009706,0
7145,4,20,2549.81006244,2
7146,2,6,469.93001176,1
7147,1,1,50.0,1
7148,4,28,2339.720026131,2
7149,1,2,499.97000886,1
7150,6,44,2979.56005094,0
7151,10,41,3811.55010616,0
7152,6,24,2009.8000335,2
7153,4,41,3301.54007726,2
7154,1,11,859.8900223,1
7155,2,12,1179.9000244,1
7156,3,9,1029.9300041000001,1
7157,4,28,2461.75005722,2
7158,11,50,5129.3901253,0
7159,1,1,299.980011,1
7160,10,57,4244.33004378,0
7161,8,55,4296.3200531,0
7162,5,27,1949.80002206,2
7163,6,61,4685.32008547,0
7164,3,19,2029.7500305600001,2
7165,4,31,2159.66001518,2
7166,3,7,2074.88006218,2
7167,8,44,3414.51006706,0
7168,1,3,119.9700012,1
7169,3,19,1809.790039,2
7170,7,46,3617.46006768,0
7171,1,12,849.8400116,1
7172,5,35,2719.60004808,2
7173,4,27,2199.7400589,2
7174,6,15,2489.84007272,2
7175,6,45,3346.4600374,0
7176,8,58,5419.17012384,0
7177,9,34,2679.69005968,0
7178,7,37,3179.7400666,0
7179,5,37,2751.61005597,2
7180,5,42,4294.51008043,0
7181,2,14,1079.8100280200001,1
7182,6,22,2024.73004144,2
7183,6,42,4179.440080751,0
7184,1,6,1039.9200288,1
7185,7,41,3404.60005568,0
7186,6,46,5137.55011762,0
7187,4,19,1089.79000472,2
7188,2,12,1329.8200226,1
7189,2,21,1909.7800598,2
7190,10,70,6021.28011722,0
7191,7,47,3810.58007438,0
7192,6,42,3879.57009126,0
7193,5,37,2984.44001008,2
7194,6,30,2624.69003877,2
7195,1,7,1019.92002488,1
7196,5,25,1731.7900467,2
7197,2,13,1569.8600464,1
7198,5,33,3179.66004188,2
7199,2,14,1554.6900329999999,1
7200,11,85,8229.01020437,0
7201,4,28,2269.6600342,2
7202,7,47,4214.41009699,0
7203,3,24,1623.8300285,2
7204,3,24,2069.6700441,2
7205,4,20,2169.7900543,2
7206,5,31,2705.71006772,2
7207,3,20,2049.83004187,2
7208,5,30,3287.69006358,2
7209,6,37,3709.6300965,0
7210,5,19,2479.77006918,2
7211,8,63,6314.36006154,0
7212,5,28,2714.6900635,2
7213,6,44,3989.51008234,0
7214,4,16,1799.84002313,2
7215,7,52,5189.45013444,0
7216,6,40,4728.570078029999,0
7217,6,37,3819.4700929,0
7218,10,72,7654.13014413,0
7219,5,26,2319.69006342,2
7220,5,26,2279.63005066,2
7221,3,30,1999.8100127,2
7222,3,34,2590.65001668,2
7223,8,50,4999.46011726,0
7224,4,37,3759.49009702,2
7225,4,16,2033.81005098,2
7226,5,29,2351.66002658,2
7227,2,18,1347.76999672,1
7228,3,28,1936.74003017,2
7229,4,20,2319.81005862,2
7230,7,38,2875.57004745,0
7231,5,43,3929.61005784,0
7232,6,41,3198.55006992,0
7233,3,23,3146.76006513,2
7234,7,53,4585.40009308,0
7235,3,19,1689.75003816,2
7236,2,22,1429.81002804,2
7237,4,33,3319.61008064,2
7238,4,15,1481.85005001,2
7239,4,28,2229.64005648,2
7240,4,32,2599.59002678,2
7241,2,16,1104.83000373,1
7242,3,21,2039.8300172,2
7243,4,27,3255.61007324,2
7244,3,7,1318.9300385,1
7245,5,18,2524.8000564999998,2
7246,2,28,1269.75000755,2
7247,3,18,1129.76000978,2
7248,6,27,3179.77008072,2
7249,6,45,3589.61008464,0
7250,5,34,3439.74008184,2
7251,6,18,2684.7900658,2
7252,2,10,749.95000074,1
7253,4,9,859.84002302,1
7254,4,34,3479.5200577,2
7255,3,11,799.9300194,1
7256,5,19,1424.75003818,2
7257,2,10,919.8300171799999,1
7258,4,37,3983.59006502,2
7259,6,27,2514.69006348,2
7260,6,50,3783.4400445,0
7261,7,42,3664.4900742600003,0
7262,4,36,2949.65005102,2
7263,4,30,2859.7600555999998,2
7264,1,5,369.9500122,1
7265,3,18,1959.75002688,2
7266,2,16,1263.88002016,1
7267,8,23,3399.74008578,0
7268,8,47,5507.5001336,0
7269,4,34,2024.66001882,2
7270,6,48,3901.490091311,0
7271,8,48,4629.59009564,0
7272,5,29,4209.71009846,2
7273,10,72,6334.16013322,0
7274,3,19,1699.74002838,2
7275,1,18,1379.7700348,1
7276,5,31,2489.63006596,2
7277,3,17,1719.74004748,2
7278,9,83,5969.95010179,0
7279,4,21,1544.7400208,2
7280,2,6,409.94001388000004,1
7281,3,35,3055.64006041,2
7282,9,61,5364.36010747,0
7283,6,33,3206.66005897,2
7284,2,6,1099.9200135,1
7285,5,42,3667.63005834,2
7286,6,26,3629.7600976,2
7287,5,21,2519.770073,2
7288,4,38,2539.5900344,2
7289,1,13,719.91001132,1
7290,5,32,2749.6700364,2
7291,5,18,2514.8100510599998,2
7292,3,23,1889.7800293,2
7293,7,48,2871.6200256,0
7294,9,53,4519.47009084,0
7295,4,21,2189.7900543,2
7296,7,53,3994.38008504,0
7297,2,6,1179.9300232,1
7298,6,47,5214.48014653,0
7299,5,16,1539.80003553,2
7300,3,10,1239.9300385,1
7301,5,32,3222.70005048,2
7302,5,26,3169.78007894,2
7303,5,34,2849.61004642,2
7304,3,38,2849.50999838,2
7305,8,66,6428.39008734,0
7306,2,5,801.93002513,1
7307,3,17,1213.83002468,2
7308,2,3,499.980011,1
7309,5,33,3649.6300736,2
7310,3,23,2558.7000465399997,2
7311,2,4,474.95001221999996,1
7312,2,15,1299.8400193,1
7313,4,18,1909.7800445399998,2
7314,3,22,1919.8100281,2
7315,5,37,2214.73000724,2
7316,6,45,5419.4501078,0
7317,7,51,5289.50011438,0
7318,9,59,4669.31009304,0
7319,6,25,2787.73007586,2
7320,6,33,3199.63007734,2
7321,6,25,2117.66005326,2
7322,5,38,3099.6700439,2
7323,2,11,667.90000337,1
7324,4,23,1284.78001406,2
7325,1,12,889.9400177,1
7326,4,25,3334.7000503,2
7327,8,63,5333.31011572,0
7328,7,41,3589.5300752,0
7329,4,20,1936.78005409,2
7330,6,43,2674.51002496,2
7331,6,31,3319.6400947399998,2
7332,5,48,3459.67007068,0
7333,7,41,4504.55008893,0
7334,2,21,2359.70005802,2
7335,5,26,2364.73005684,2
7336,4,28,1889.7300453799999,2
7337,4,25,2449.67003628,2
7338,2,7,1229.90003594,1
7339,8,54,3779.5900688,0
7340,4,40,2914.54003906,2
7341,2,7,649.9300003999999,1
7342,6,33,3349.59004222,2
7343,1,12,1129.8300171,1
7344,2,21,1529.83000946,2
7345,2,14,1089.85002516,1
7346,2,7,1139.89002994,1
7347,7,35,2500.67005536,2
7348,4,22,1454.81004149,2
7349,3,11,849.86001586,1
7350,2,8,699.9300079,1
7351,4,21,1519.7300263,2
7352,7,43,3889.50007638,0
7353,5,29,2429.74003984,2
7354,5,27,2749.69005968,2
7355,2,24,1509.83002084,2
7356,7,53,4449.5300713,0
7357,4,24,2124.74005122,2
7358,9,70,6754.2101519,0
7359,7,30,3379.72010052,2
7360,4,27,2629.72006226,2
7361,5,37,2234.6600265,2
7362,6,42,4152.55011175,0
7363,4,41,3189.46003714,2
7364,3,21,1799.76003258,2
7365,6,23,2603.80005646,2
7366,5,43,3283.54007722,2
7367,3,18,1523.8600311599998,2
7368,4,39,2515.59000018,2
7369,8,51,4284.40005492,0
7370,5,44,4139.49008174,0
7371,4,25,2019.7400208,2
7372,1,4,399.9599915,1
7373,4,24,1839.790039,2
7374,2,13,1079.81002046,1
7375,4,21,1889.7600365399999,2
7376,4,27,2854.7700653,2
7377,6,53,4181.51010509,0
7378,6,45,3179.65003403,0
7379,4,32,2609.71005634,2
7380,3,21,2077.81005287,2
7381,5,18,1199.7500153199999,2
7382,4,40,3269.56002816,2
7383,6,40,4279.50007266,0
7384,2,14,754.86001582,1
7385,4,32,3074.66004558,2
7386,2,11,1579.66002658,1
7387,6,33,3116.58004765,2
7388,7,35,3240.65007595,0
7389,3,21,2269.71005258,2
7390,2,24,2059.84002308,2
7391,4,31,2519.70004268,2
7392,4,33,3094.62004092,2
7393,5,35,3451.67004786,2
7394,7,53,4110.53005592,0
7395,2,6,509.92001724,1
7396,7,37,3889.65007778,0
7397,3,29,1384.6300087099999,2
7398,4,17,2009.83005526,2
7399,6,41,3339.52004246,0
7400,5,25,1984.7100333399999,2
7401,11,62,5604.27008052,0
7402,2,12,854.82000735,1
7403,5,44,4629.69010548,0
7404,3,10,1429.8900452,1
7405,2,9,899.89001464,1
7406,6,30,2799.71005252,2
7407,4,22,2745.75007057,2
7408,3,21,1429.66002658,2
7409,2,11,659.8500061,1
7410,5,42,3715.5700644999997,0
7411,4,30,1827.77001958,2
7412,3,26,2749.72003942,2
7413,6,32,2709.57003404,2
7414,5,35,4129.66010674,2
7415,5,44,3919.4500582,0
7416,5,23,1529.76001354,2
7417,10,77,6984.18017769,0
7418,4,36,2929.65005108,2
7419,5,44,3894.67005172,0
7420,3,12,1574.8700409,2
7421,6,37,3199.6300621299997,2
7422,6,39,2887.72006226,2
7423,7,43,3703.4300633499997,0
7424,4,21,1879.84003832,2
7425,5,27,1969.67004402,2
7426,4,29,2859.69006728,2
7427,4,27,1250.73002999,2
7428,5,30,3139.63007358,2
7429,4,25,2559.73005676,2
7430,6,38,2987.6200143,2
7431,3,17,1704.87002944,2
7432,8,62,5954.45013422,0
7433,2,5,439.9500122,1
7434,8,41,3889.62010192,0
7435,9,49,6119.56014272,0
7436,7,53,3774.36002165,0
7437,4,12,1509.8300401,2
7438,4,27,2697.73006245,2
7439,9,55,4579.42007832,0
7440,2,9,809.9100189000001,1
7441,4,14,1125.84002682,2
7442,2,20,1449.67000576,1
7444,2,20,734.81000134,1
7445,7,65,7199.31013106,0
7446,4,24,1819.71002954,2
7447,5,25,2929.7300339,2
7448,6,50,3239.6400680799998,0
7449,3,22,1689.86002734,2
7450,2,17,1599.7800293,1
7451,5,25,3139.67007452,2
7452,8,42,3842.62009054,0
7453,5,48,2879.63004674,2
7454,2,14,1859.83004768,1
7455,2,7,999.9100304799999,1
7456,4,19,2629.85001366,2
7457,8,65,5919.32014094,0
7458,6,32,2855.56003767,2
7459,5,23,2619.67006304,2
7460,8,73,6263.1701129,0
7461,6,43,3463.5900689,0
7462,6,29,2764.7700442699997,2
7463,4,20,1749.8600388,2
7464,3,31,2635.57004176,2
7465,8,50,4457.52011106,0
7466,4,17,1729.82002644,2
7467,4,28,2329.67003638,2
7468,7,38,3479.65008544,0
7469,3,5,1159.93003468,1
7470,4,37,4059.59006878,2
7471,2,8,699.89001846,1
7472,3,17,1819.7300338999999,2
7473,6,51,3350.6100578,0
7474,2,23,1689.82000358,2
7475,5,36,3534.5700494,2
7476,4,17,1789.83005148,2
7477,2,14,1429.8400154400001,1
7478,7,37,4409.650078,0
7479,6,37,2574.55001442,2
7480,4,26,2009.75003438,2
7481,6,46,4199.58008948,0
7482,3,25,1439.70001604,2
7483,1,1,199.9900055,1
7484,3,17,1749.8700409,2
7485,3,17,1559.81004338,2
7486,2,17,929.8800201399999,1
7487,2,25,2049.7300263,2
7488,3,23,1929.7600403,2
7489,8,32,2879.73003762,0
7490,2,19,1187.8700333,1
7491,7,40,3679.66008008,0
7492,6,48,4649.4101104599995,0
7493,4,25,1886.72004129,2
7494,1,1,129.9900055,1
7495,4,20,1415.80003744,2
7496,1,7,663.9100189799999,1
7497,2,7,389.920002,1
7498,3,19,1909.89003374,2
7499,5,19,2339.81004714,2
7500,3,19,1629.7700462999999,2
7501,6,40,2699.6100464,2
7502,6,40,3817.60008626,0
7503,4,19,3011.80008326,2
7504,6,43,4134.61007694,0
7505,2,11,1159.9100342,1
7506,4,31,2829.6200639,2
7507,3,23,2659.69006736,2
7508,7,32,3689.67005166,0
7509,6,36,2355.79001421,2
7510,4,30,2519.74006278,2
7511,6,41,4809.42006302,0
7512,3,23,2221.8300324,2
7513,2,17,1809.79003148,2
7514,3,18,2179.78005228,2
7515,7,21,2459.78006374,2
7516,1,5,579.9100189,1
7517,5,29,3329.65009314,2
7518,6,53,2811.45003311,0
7519,6,41,3947.61006188,0
7520,3,30,2951.57005316,2
7521,4,21,1569.8400117,2
7522,5,31,2255.6800461,2
7523,4,41,2895.55007178,2
7524,3,18,1632.82001886,2
7525,3,18,2629.8200684,2
7526,1,13,869.7700043,1
7527,4,27,1657.70002754,2
7528,6,46,3291.6100312099998,0
7529,4,15,1769.86003884,2
7530,3,10,1059.94002536,1
7531,6,40,2999.65004736,2
7532,4,15,1679.9300385,2
7533,3,15,1879.82004932,2
7534,1,12,1229.9300232,1
7535,6,44,4034.4900856599997,0
7536,4,39,3534.39004138,2
7537,5,39,2839.63002393,2
7538,4,26,1689.6800307,2
7539,2,13,1359.87002188,1
7540,2,7,739.9700164999999,1
7541,4,35,2644.59004588,2
7542,5,45,3049.4900551,2
7543,5,36,3137.5000344,2
7544,6,23,3569.81008922,2
7545,2,8,1599.9000435399998,1
7546,5,39,3563.58007822,2
7547,4,30,3228.6300659,2
7548,5,32,1554.66000364,2
7549,7,43,3539.57006842,0
7550,3,6,1929.8900605,1
7551,5,19,1679.83004394,2
7553,8,40,3959.52010348,0
7554,4,27,2494.7900467,2
7555,5,20,2779.8500672,2
7556,1,5,229.9600029,1
7557,7,49,3709.53007496,0
7558,3,17,1589.77003482,2
7559,5,26,3001.71004687,2
7560,1,2,329.980011,1
7561,4,34,2939.70003136,2
7562,7,33,2499.68005746,2
7563,3,14,1141.86003504,1
7564,6,50,4269.53006748,0
7565,4,20,2705.78007894,2
7566,5,39,3129.64006424,2
7567,2,23,1864.87004474,2
7568,4,12,1139.9300232,2
7569,3,27,1919.6800308000002,2
7570,3,44,3099.53003688,2
7571,6,46,5449.51012804,0
7572,4,22,2209.6800537999998,2
7573,3,10,1629.8800507,1
7574,5,15,2399.77005394,2
7575,9,58,5524.43013378,0
7576,4,23,2071.8900452,2
7577,3,20,1379.7800293,2
7578,5,17,1279.8000183,2
7579,5,26,2905.70004664,2
7580,4,35,2757.66004755,2
7581,4,11,2061.86006554,2
7582,7,40,4124.58009149,0
7583,2,16,1657.8500365999998,1
7584,4,29,2509.48001866,2
7585,2,13,1157.8800296699999,1
7586,4,31,1784.77003474,2
7587,4,26,2204.81002435,2
7588,3,16,2539.8000641,2
7589,3,11,1039.8800201,1
7590,8,50,5127.480095,0
7591,3,15,1429.7600099000001,2
7592,2,11,709.89001846,1
7593,8,50,4809.45009236,0
7594,7,47,4324.56010828,0
7595,7,52,4615.55007365,0
7596,6,18,1399.81004342,2
7597,11,60,6555.330145129999,0
7598,3,23,1804.7700233,2
7599,4,21,1961.77004246,2
7600,5,38,3674.51008604,2
7601,6,28,1959.66003422,2
7602,7,36,5129.57011048,0
7603,5,32,3519.61007691,2
7604,7,45,3752.55008513,0
7605,3,31,2219.82003416,2
7606,7,28,4449.68012252,0
7607,6,59,4394.66006476,0
7608,7,30,1834.78001404,2
7609,2,9,849.8500061,1
7610,1,6,629.90001676,1
7611,3,17,1939.8200531,2
7612,5,33,2929.7400512,2
7613,3,24,1979.8200531,2
7614,2,10,859.9200287,1
7615,3,25,2029.72001652,2
7616,7,41,5429.4401017,0
7617,3,16,1579.82002648,2
7618,4,36,2959.61007684,2
7619,4,22,2022.83004195,2
7620,7,47,3851.69008067,0
7621,3,15,2073.9100495,2
7622,5,27,2409.68005,2
7623,5,29,2969.67007456,2
7624,2,18,1454.7800140200002,1
7625,3,8,784.9100208699999,1
7626,2,5,569.97001077,1
7627,2,15,739.84002115,1
7628,3,8,1499.9000397,1
7629,8,39,3729.55008322,0
7630,6,28,3319.61010374,2
7631,11,80,7369.20013432,0
7632,6,31,4109.5901032,0
7633,10,76,6468.20013639,0
7634,6,35,4244.46010208,0
7635,1,9,869.9100266,1
7636,6,17,1714.79005245,2
7637,2,6,699.9500122,1
7638,4,30,2829.7500534,2
7639,6,22,1829.63002012,2
7640,5,29,2925.64006617,2
7641,3,18,1079.8200111400001,2
7642,4,29,2961.64009096,2
7643,4,34,2714.64003193,2
7644,4,12,1189.86003114,2
7645,5,23,2155.76004794,2
7646,4,34,2899.62007145,2
7647,6,31,3419.72008902,2
7648,1,10,464.92999646,1
7649,3,24,2146.7600518,2
7650,6,28,2789.72003936,2
7651,5,23,2057.8400573999998,2
7652,5,29,2255.66003414,2
7653,4,13,1263.87002184,2
7655,7,37,2805.62003318,2
7656,6,39,2914.59004234,2
7657,6,35,3049.59006297,2
7658,4,28,3239.83003998,2
7659,2,12,749.9700012000001,1
7660,3,24,1739.8200149,2
7661,5,36,3161.59009168,2
7662,4,21,1789.8200455,2
7663,6,33,3749.7000695799998,2
7664,7,59,6129.3400917,0
7665,2,10,1379.87004474,1
7666,2,15,1529.84000396,1
7667,6,58,4610.44010158,0
7668,2,2,429.9700165,1
7669,6,38,3329.76006702,2
7670,12,67,7049.3201677,0
7671,2,6,634.8900146999999,1
7672,6,29,3094.7300492199997,2
7673,5,35,3319.63006596,2
7674,2,13,1193.8400193,1
7675,4,38,2959.60004818,2
7676,3,11,814.85001563,1
7677,7,45,5149.52009212,0
7678,5,38,2809.60003666,2
7679,3,30,3449.6500549,2
7680,3,17,1369.90002826,2
7681,2,11,1449.89002618,1
7682,4,21,2539.73006834,2
7683,5,34,3079.7300262999997,2
7684,6,47,3964.51008984,0
7685,3,19,1239.88001248,2
7686,2,16,1019.89001078,1
7687,5,46,4261.5700798,0
7688,2,12,979.8800201,1
7689,1,4,709.960022,1
7690,3,26,1909.7300261999999,2
7691,1,9,439.9100036,1
7692,4,31,2849.58006672,2
7693,3,28,1929.760025,2
7694,4,33,2224.69005592,2
7695,3,28,2329.7700423799997,2
7696,7,26,2769.6800614,2
7697,4,18,3239.75008784,2
7698,6,33,3389.83007062,2
7699,3,19,1899.8000488999999,2
7700,5,32,3076.80004705,2
7701,4,41,3279.57006263,2
7702,3,16,1839.75003436,2
7703,6,34,3649.59006878,2
7704,3,15,714.9000091,1
7705,7,52,4423.22006238,0
7706,3,16,1494.8600464,2
7707,8,41,3177.72004885,0
7708,5,19,2429.8100510599998,2
7709,2,10,1289.86003878,1
7710,4,32,2589.66004369,2
7711,5,23,2237.81002806,2
7712,5,43,3769.50007636,0
7713,6,29,3474.680078591,2
7714,2,24,1899.71003344,2
7715,2,8,529.9600067,1
7716,7,46,4809.45010376,0
7717,8,82,6549.22010794,0
7718,1,2,499.9700165,1
7719,4,28,2835.72005088,2
7720,4,22,2619.6900482,2
7721,7,36,4407.52009025,0
7722,7,35,2751.80005457,2
7723,6,23,2759.68008042,2
7724,4,31,3244.62007908,2
7725,3,24,1599.7900238,2
7726,2,13,1303.85002514,1
7727,3,13,1089.83000946,1
7728,4,22,2544.76004613,2
7729,5,35,3627.7700501,2
7730,4,23,2759.7800713,2
7731,2,21,2059.690033,2
7732,7,34,3219.5600433,0
7733,6,45,3659.48007578,0
7734,3,24,2689.700058,2
7735,5,36,3098.69007689,2
7736,4,15,1119.90001682,2
7737,4,18,1729.7500304,2
7738,6,56,4559.51012046,0
7739,7,50,4623.61008068,0
7740,2,7,1049.86002348,1
7741,5,29,3499.7400970999997,2
7742,2,19,1161.9199924700001,1
7743,5,51,4729.4201127,0
7744,7,55,5919.460125,0
7745,2,11,929.9200287,1
7746,3,14,1199.89002608,1
7747,5,24,2679.83004008,2
7748,4,36,2549.7600211999998,2
7749,8,63,5533.24007428,0
7750,3,22,2279.7900696,2
7751,5,37,3299.6600647,2
7752,4,31,1949.79000474,2
7753,6,25,2859.74006658,2
7754,6,26,2829.7900543,2
7755,3,19,1319.820015,2
7756,1,7,429.9900055,1
7757,8,48,4919.41010678,0
7758,9,65,4552.27008056,0
7759,1,5,1159.9300385,1
7760,2,10,1184.9400178,1
7761,4,29,2374.78005218,2
7762,10,65,5477.35010729,0
7763,3,18,1739.83004762,2
7764,5,39,3739.62006951,2
7765,3,17,1549.70003138,2
7766,3,25,1979.7600402,2
7767,2,17,1329.85001366,1
7768,7,33,2389.630047,2
7769,5,24,2079.67002496,2
7770,2,6,679.93001174,1
7771,7,68,4914.38007739,0
7772,4,23,2489.6900330500002,2
7773,1,4,549.980011,1
7774,5,42,3639.55006784,2
7775,5,34,3315.53006746,2
7776,4,17,1919.82005316,2
7777,9,46,5531.63011745,0
7778,2,7,429.89000324,1
7779,5,13,1529.8100434,2
7780,6,44,3779.42007826,0
7781,3,14,1729.8700409399999,2
7782,4,22,1799.74002275,2
7783,7,35,2944.76005168,2
7784,5,40,4069.64010622,0
7785,4,27,2309.69003867,2
7786,5,23,1239.7900199599999,2
7787,5,43,4959.45009249,0
7788,1,12,1179.82002264,1
7789,9,54,6239.5501348299995,0
7790,7,56,5239.46013455,0
7791,3,24,1854.6700249,2
7792,1,8,1029.930008,1
7793,7,47,3419.54004288,0
7794,4,35,3035.63006592,2
7795,7,56,4693.45010763,0
7796,3,23,2443.8100511,2
7797,3,19,2719.72007,2
7798,6,43,3683.47005855,0
7799,6,31,2884.80006607,2
7800,6,45,4117.5201111,0
7801,2,16,1249.8000259,1
7802,9,64,5464.3100893,0
7803,3,27,1799.71002194,2
7804,4,24,1919.7600403,2
7805,3,17,1259.80002218,2
7806,2,14,1059.9100189,1
7807,4,21,2577.6900635399998,2
7808,2,20,1389.73003388,1
7809,4,44,3439.65005496,2
7810,5,33,3079.66006478,2
7811,5,9,1219.90002824,2
7812,7,35,3419.66009142,0
7813,6,30,2101.62002381,2
7814,5,54,3865.40003402,0
7815,2,17,1579.8900299,1
7816,2,8,1449.9000320599998,1
7817,2,10,909.9000320600001,1
7818,4,22,2339.85005196,2
7819,5,31,3189.63007358,2
7820,5,23,2782.69006362,2
7821,3,26,1829.7500534,2
7822,3,15,1289.8900147,2
7823,6,35,2919.5900726,2
7824,6,44,4384.57008557,0
7825,7,35,4138.59009556,0
7826,6,37,2348.5000305,2
7827,2,11,659.88000486,1
7828,4,26,2139.78005604,2
7829,9,70,5379.28003694,0
7830,9,67,5739.3100854799995,0
7831,5,26,2859.78005606,2
7832,3,21,1631.68001566,2
7833,5,37,1951.71001623,2
7834,2,16,1829.87005238,2
7835,6,44,3466.66005706,0
7836,5,39,3789.60007486,2
7837,4,24,1919.6800269999999,2
7838,5,30,2309.7500572,2
7839,3,13,1334.8400287499999,1
7840,5,32,3057.64006808,2
7841,8,47,3377.66008,0
7842,9,47,4159.45007726,0
7843,3,16,1679.82004164,2
7844,7,71,4628.21010576,0
7845,5,28,3259.69009402,2
7846,3,6,519.92000584,1
7847,4,30,2954.64003947,2
7848,5,47,5079.4800835999995,0
7849,3,17,1449.76003648,2
7850,7,45,4669.33010488,0
7851,4,23,2204.86004833,2
7852,9,58,6379.47015382,0
7853,3,24,2110.74004366,2
7854,4,35,2949.53004836,2
7855,2,16,1249.8800278200001,1
7856,3,18,1609.8800354,2
7857,10,66,6580.47015193,0
7858,2,7,1269.9100342,1
7859,7,53,4009.43008432,0
7860,2,22,2204.8400536,2
7861,6,46,3122.49003226,0
7862,6,30,3519.69010751,2
7863,5,36,3289.6300545,2
7864,8,70,4685.25004954,0
7865,7,44,4119.60010914,0
7866,3,20,1769.8100319,2
7867,5,18,2379.78004454,2
7868,8,58,5329.43007286,0
7869,1,11,1018.87999728,1
7870,4,31,2731.6400605,2
7871,2,16,1029.80002214,1
7872,3,12,1829.8700523799998,2
7874,1,15,1309.8999939999999,1
7875,3,14,1209.86003882,1
7876,3,19,2369.86005406,2
7877,3,25,3054.64006044,2
7878,5,24,1859.7500304999999,2
7879,8,45,4259.4400712,0
7880,4,28,2309.66005698,2
7881,6,35,2445.61004264,2
7882,4,33,2469.61003494,2
7883,5,36,2391.56004141,2
7884,3,13,1679.8700257,2
7885,4,35,2279.48003004,2
7886,4,34,2001.62002757,2
7887,6,36,5079.7201158,0
7888,4,19,1879.7300301,2
7889,4,26,1759.77002718,2
7890,2,24,1809.83003614,2
7891,7,23,2899.7600784799997,2
7892,8,79,6766.2100946,0
7893,7,55,4413.3901024199995,0
7894,4,18,1679.8500367,2
7895,3,22,2409.71004114,2
7896,3,21,1369.7500304999999,2
7897,2,22,1219.78001396,1
7898,6,47,3445.5000801300002,0
7899,3,16,1859.9000397,2
7900,4,36,3244.69006155,2
7901,3,28,2639.70004658,2
7902,3,29,2504.7300567,2
7903,3,16,1339.89002226,2
7904,2,14,1029.8000068400002,1
7905,6,63,4555.37006,0
7906,3,11,577.8500099,1
7907,2,6,779.960022,1
7908,4,24,2719.6400605,2
7909,1,1,99.98999786,1
7910,10,53,4809.4701119599995,0
7911,2,9,1199.91002658,1
7912,3,18,1979.77006148,2
7913,3,14,1493.9100342,2
7914,3,20,1704.84003446,2
7915,6,27,2874.73005684,2
7916,6,45,3525.53007122,0
7917,1,5,1399.9300385,1
7918,6,28,3084.7000961599997,2
7919,3,18,1809.7200394,2
7920,5,20,2868.7000542,2
7921,3,52,3159.55004108,2
7922,6,35,3709.4900895,0
7923,3,12,959.83001706,1
7924,3,18,1869.83004382,2
7925,7,32,2339.73005292,2
7926,9,60,6369.4001083,0
7927,4,24,1749.62003335,2
7928,7,37,2733.60004617,2
7929,4,18,2579.81006628,2
7930,3,18,854.92000958,1
7931,4,20,1549.8400421000001,2
7932,4,21,1527.86003882,2
7933,3,11,1489.84004212,1
7934,5,25,2519.77003856,2
7935,3,32,2089.55002582,2
7936,1,1,129.9900055,1
7937,3,14,1679.81003952,2
7938,3,23,1659.73004158,2
7939,6,30,2327.77000808,2
7940,10,52,5429.42010314,0
7941,2,14,1439.83000948,1
7942,6,25,3629.71010214,2
7943,2,13,1079.86003115,1
7944,6,56,4159.36003494,0
7945,1,11,869.94001006,1
7946,4,23,2059.75004574,2
7947,2,23,1509.6800156,2
7948,6,30,3115.70006379,2
7949,6,40,4799.5501100599995,0
7950,6,55,3681.35006137,0
7951,4,46,3127.55005256,2
7952,3,29,2239.62004098,2
7953,4,24,2277.7700501,2
7954,9,69,6939.19015494,0
7955,3,21,1529.84003446,2
7956,6,26,2829.70005046,2
7957,2,18,1199.7800141,1
7958,8,45,4519.37010574,0
7959,1,2,429.9700165,1
7960,6,49,5127.5301150899995,0
7961,2,11,1099.92001724,1
7962,11,82,7097.10014726,0
7963,5,38,3409.46002964,2
7964,4,36,3199.6100464,2
7965,3,11,1649.8200226,2
7966,3,30,1689.8000412000001,2
7967,7,46,4551.51007659,0
7968,1,3,549.95001604,1
7969,5,29,2765.7100449,2
7970,2,13,1069.80001068,1
7971,3,32,3339.69007118,2
7972,3,26,1929.76001732,2
7973,2,15,884.86002348,1
7974,7,49,4934.5500947,0
7975,6,60,4833.2500764,0
7976,2,11,1099.92000576,1
7977,5,23,2179.7500457,2
7978,6,41,2494.68003461,2
7979,8,45,4224.61008456,0
7980,8,47,4944.54007163,0
7981,7,50,4197.3900681,0
7982,5,34,3741.64009872,2
7983,5,31,2859.76004404,2
7984,4,30,3199.74006093,2
7985,4,23,2039.89003756,2
7986,7,45,4676.49012563,0
7987,1,7,799.9200287,1
7988,7,52,5234.42012032,0
7989,7,49,4079.53007518,0
7990,6,39,3809.57006088,0
7991,3,24,2379.64004526,2
7992,6,53,4549.550062211,0
7993,4,35,2644.53004464,2
7994,4,29,2163.7600633,2
7996,5,49,4044.43005185,0
7997,6,36,3054.68006148,2
7998,4,19,1427.84003072,2
7999,5,26,2434.7400512599997,2
8000,2,13,1649.8900299,1
8001,7,34,2889.67006298,2
8002,4,30,2379.7400399,2
8003,4,24,1849.79004294,2
8004,5,30,3593.66009142,2
8005,7,53,4664.56009672,0
8006,3,14,1029.78000256,1
8007,3,29,2369.69004828,2
8008,5,37,3297.55005649,2
8009,6,46,3695.73006436,0
8010,6,34,3589.63008126,2
8011,3,14,2179.870041,2
8012,8,65,5849.34008418,0
8013,6,38,4479.54013444,0
8014,5,28,1829.74003224,2
8015,12,76,6910.89011788,0
8016,8,55,6259.40013902,0
8017,5,18,1129.82001116,2
8018,9,82,6849.28009818,0
8019,3,15,1439.8000335,2
8020,7,41,4099.47008138,0
8021,1,9,724.9300079,1
8022,1,3,929.9500275,1
8023,3,23,1057.82001492,2
8024,8,43,3894.64006803,0
8025,2,11,374.92999644,1
8026,4,40,2933.70005038,2
8027,7,37,5729.6101572,0
8028,1,5,250.0,1
8029,3,9,1779.89005286,2
8030,5,35,2039.72001646,2
8031,3,17,1249.91998292,2
8032,3,20,1529.8600235,2
8033,4,20,2269.86005408,2
8035,4,29,2814.70003898,2
8036,3,18,2039.79006962,2
8037,4,30,2279.75003044,2
8038,8,61,4614.47009656,0
8039,3,21,2241.80001267,2
8040,4,15,2289.79005058,2
8041,4,42,2594.54005048,2
8042,5,23,2108.7000504,2
8043,8,49,4849.55010996,0
8044,2,15,1559.92002106,1
8045,4,14,1549.83003238,2
8046,4,25,3049.73006448,2
8047,5,26,2299.71004488,2
8048,2,23,1904.8000411799999,2
8049,3,25,2014.7100562800001,2
8050,5,34,2929.6800461000003,2
8051,6,53,4193.5000534,0
8052,11,72,6189.3401261,0
8053,5,29,2895.55006422,2
8054,1,1,129.9900055,1
8055,5,27,2399.72005856,2
8056,5,31,3404.73008362,2
8057,3,17,2159.8400573999998,2
8058,6,36,2920.53007124,2
8059,4,21,2485.7900735,2
8060,5,42,3389.47002995,2
8061,5,21,3379.72006998,2
8062,3,5,1059.9300385,1
8063,1,8,479.9400177,1
8064,4,21,1803.79003912,2
8065,7,58,5259.36005424,0
8066,3,21,2369.79005442,2
8067,4,14,1907.79003908,2
8068,3,11,1669.8700409799999,2
8069,7,52,3959.42008021,0
8070,7,31,2779.6700631,2
8071,7,64,6069.3801079,0
8072,1,1,299.980011,1
8073,2,27,1746.75002284,2
8074,3,22,2639.8900605,2
8075,2,4,729.9500122,1
8076,2,12,1502.85004432,1
8077,3,15,749.7700079599999,1
8078,7,76,6114.1700897,0
8079,3,10,1339.93003468,1
8080,5,23,3069.7900849,2
8081,5,27,1709.7900314600001,2
8082,3,23,1616.81004336,2
8083,5,29,3419.6700859,2
8084,8,72,5072.25011436,0
8085,6,31,3699.6001015399997,2
8086,6,39,4409.47007768,0
8087,1,6,549.980011,1
8088,5,38,3317.64005091,2
8089,2,7,959.960022,1
8090,7,56,5899.42013944,0
8091,9,56,4244.28005978,0
8092,2,9,889.90002058,1
8093,5,21,1501.83003614,2
8094,2,5,1009.92003254,1
8095,3,19,1899.8500480799999,2
8096,4,40,3009.76005558,2
8097,2,14,1619.8400421000001,1
8098,5,59,4139.37006389,0
8099,5,29,2689.63005838,2
8100,3,23,1594.7300110400001,2
8101,5,29,3529.68009196,2
8102,6,34,3410.52007311,2
8103,8,21,2069.7600441,2
8104,1,9,489.9600067,1
8105,7,45,3909.48009868,0
8106,6,20,2539.77005386,2
8107,1,13,847.90002442,1
8108,4,20,2929.8000718,2
8109,3,21,2529.7400513,2
8110,4,23,2349.8400498,2
8111,3,27,1959.75004194,2
8112,4,42,2881.54007706,2
8113,4,34,2909.59004221,2
8114,2,12,1299.8800048,1
8115,3,10,789.9000168,1
8116,6,40,3384.66008573,0
8117,4,13,1479.76002894,2
8118,5,20,1261.82002075,2
8119,4,34,2929.5400391,2
8120,6,46,4289.56008912,0
8121,3,9,719.8800201,1
8122,7,37,3839.60009388,0
8123,9,50,4299.28008654,0
8124,8,40,3330.58005532,0
8125,6,50,4984.550089,0
8126,5,32,2729.59004212,2
8127,5,55,4349.56008916,0
8128,5,32,3069.69007494,2
8129,3,23,2194.7400285,2
8130,3,32,2949.52005768,2
8131,3,24,1709.8000183,2
8132,2,13,1709.9000245,1
8133,4,16,2299.76004798,2
8134,4,27,2139.7000352,2
8135,6,37,3198.62006191,2
8136,6,46,4245.48009874,0
8137,4,18,2179.7400513,2
8138,5,37,2721.61003872,2
8139,1,2,99.95999908,1
8140,3,15,2659.78007896,2
8141,5,37,3866.67009169,2
8142,2,5,499.9000092,1
8143,5,39,3182.58006093,2
8144,3,27,2039.81002048,2
8145,5,39,3069.44005588,2
8146,2,16,1074.9400101,1
8147,3,17,2359.79004682,2
8148,4,37,3009.7200431,2
8149,4,29,2664.62007528,2
8150,4,30,2899.8700524,2
8151,3,11,889.94002158,1
8152,5,42,2793.61003109,2
8153,5,22,2987.7600765899997,2
8154,2,8,899.960022,1
8155,5,42,3089.5300788,2
8156,9,73,6237.00012602,0
8157,5,20,1884.7200241599999,2
8158,3,23,2149.80999772,2
8159,4,9,1959.85005194,2
8160,1,6,489.9500123,1
8161,6,42,2969.48000525,2
8162,3,11,959.8800277600001,1
8163,5,34,3579.53006388,2
8164,2,4,1124.9300309,1
8165,4,25,2289.78003314,2
8166,8,76,5799.33013154,0
8167,8,48,4721.5501175,0
8168,2,13,1067.88002396,1
8169,5,31,2609.45003134,2
8170,8,67,6783.2601014,0
8171,8,63,5797.2700864299995,0
8172,3,18,1119.8600158,2
8173,4,8,2299.8800659999997,2
8174,9,49,5124.430092,0
8175,4,29,2659.66005716,2
8176,2,2,189.98000718,1
8177,6,46,4189.57009128,0
8178,4,14,1619.85003668,2
8179,7,44,3921.5900688399997,0
8180,8,48,4285.45007535,0
8181,5,39,3819.6400643,2
8182,1,3,389.9700165,1
8183,2,23,1589.68001556,2
8184,4,32,2527.67003827,2
8185,5,36,3107.6000595,2
8186,4,25,1844.82003018,2
8187,6,46,3669.46007156,0
8188,4,39,3784.7000732,2
8189,5,27,2109.7600555,2
8190,1,4,200.0,1
8191,6,40,2040.54001624,2
8192,10,71,5994.44008274,0
8193,7,42,4504.51010508,0
8194,3,13,1394.87001812,2
8195,3,21,2109.8800507,2
8196,7,29,3619.7700959999997,0
8197,4,31,3074.5800476,2
8198,8,63,5154.37008103,0
8199,3,29,3649.71009834,2
8200,3,26,2119.72003556,2
8201,5,31,3849.7001000299997,2
8202,6,42,2833.62003703,2
8203,10,52,5109.51012816,0
8204,7,37,3119.53007896,0
8205,5,32,2246.73005105,2
8206,5,19,2409.77006154,2
8207,5,42,4315.4600907799995,0
8208,5,32,3241.65006646,2
8209,3,23,1379.79000474,2
8210,6,27,4243.71010598,2
8211,7,51,4443.3401032599995,0
8212,4,18,2101.84006315,2
8213,1,14,749.8900146,1
8214,2,9,999.88002778,1
8215,2,13,899.86002346,1
8216,3,22,1594.7600173,2
8217,6,51,4903.5901108,0
8218,3,15,1299.80001836,2
8219,2,10,569.92001728,1
8220,7,40,4969.520126519999,0
8221,5,24,3267.6300774399997,2
8222,1,2,179.97000504,1
8223,4,37,3649.6300965,2
8224,5,20,2089.85004044,2
8225,6,27,3235.76006324,2
8226,5,22,1919.8000222,2
8227,6,41,3609.72006236,0
8228,3,7,1077.91003422,1
8229,8,49,4400.60007872,0
8230,2,13,847.8500079500001,1
8231,4,29,2179.67002106,2
8232,1,7,949.8600159,1
8233,7,58,4907.49006258,0
8234,4,28,2319.8400573999998,2
8235,5,37,2444.6600341000003,2
8236,3,30,2389.59005726,2
8237,3,23,2714.79006962,2
8238,4,23,1506.67001917,2
8239,2,24,1829.76000598,2
8240,1,8,549.8899994,1
8241,4,22,2259.7500535,2
8242,3,21,1509.8000260000001,2
8244,4,17,1709.88002778,2
8245,5,38,3559.63008888,2
8246,5,31,2889.680069,2
8247,6,28,3329.67009736,2
8248,1,4,579.9500122,1
8249,3,11,1339.910019,1
8250,5,14,1389.8900376,2
8251,8,31,3527.7200909499998,0
8252,4,31,4152.71007932,2
8253,5,27,2548.72005463,2
8254,8,63,5437.26013192,0
8255,3,16,1529.8700257,2
8256,7,49,4734.42009366,0
8257,1,6,479.93999486,1
8258,5,26,2584.6400681200003,2
8259,5,32,2619.6300468,2
8260,6,41,4709.4301263199995,0
8261,3,22,1237.79000472,2
8262,4,14,1699.8400268999999,2
8263,2,8,569.9700089,1
8264,4,29,2335.73005489,2
8265,6,49,4099.5600928799995,0
8266,7,48,3301.37999157,0
8267,1,7,1209.9100342,1
8268,5,47,3219.40006624,2
8269,2,4,609.960022,1
8270,4,27,2764.6700593,2
8271,5,23,1951.74003403,2
8272,6,39,2994.5200576400002,2
8273,4,36,3724.64007575,2
8274,5,41,3196.53004074,2
8275,5,54,4375.41004184,0
8276,1,1,199.9900055,1
8277,4,35,3033.53005222,2
8278,3,17,1951.76004418,2
8279,4,20,1419.76002122,2
8280,6,29,2239.66005329,2
8281,3,26,3169.82006458,2
8282,6,36,3668.68009003,0
8283,7,37,3204.73004908,0
8284,6,36,2541.70005609,2
8285,7,57,5440.44009022,0
8286,4,28,2619.72005084,2
8287,3,26,2769.67006314,2
8288,6,46,4074.48010437,0
8289,5,19,1269.85001764,2
8290,8,74,5836.22016329,0
8291,6,40,2739.52004242,2
8292,4,18,2487.76005944,2
8293,6,50,3931.3900528199997,0
8294,6,54,4599.39009852,0
8295,6,41,2839.57003028,2
8296,3,24,2579.7500534,2
8297,5,36,2769.6900367,2
8298,6,37,4669.5701142,0
8299,4,40,2679.6200409,2
8300,8,47,4859.49013518,0
8301,1,8,959.9200287,1
8302,6,36,2405.62003509,2
8303,5,43,3444.59004594,2
8304,2,16,879.90002058,1
8305,3,25,1869.64004132,2
8306,4,23,3039.650055,2
8307,2,16,1419.8400268999999,1
8308,6,47,4033.60008624,0
8309,8,41,3729.58005914,0
8310,3,19,966.8300171200001,2
8311,6,42,4159.6100845,0
8312,7,41,3229.43003838,0
8313,3,21,1387.8100357,2
8314,10,73,6891.1501389,0
8315,2,11,739.93001174,1
8316,3,30,1939.66002274,2
8317,4,24,1594.8000411799999,2
8318,1,4,239.96000288000002,1
8319,3,12,1399.91003426,1
8320,4,20,2269.7200318,2
8321,7,45,4357.5600511,0
8322,5,22,3049.7800675,2
8323,5,21,2689.68007284,2
8324,8,38,3903.64006054,0
8325,5,35,3784.55007557,2
8326,6,25,2209.74005892,2
8327,4,25,2099.75005354,2
8328,8,57,4563.5501023199995,0
8329,1,3,589.96001818,1
8330,8,50,4066.4700488099998,0
8331,2,14,1579.79003912,1
8332,7,37,3784.62007913,0
8333,7,42,4001.59006498,0
8334,5,34,2599.5900344799998,2
8335,2,15,2149.83005908,2
8336,5,36,2619.63002766,2
8337,5,20,1959.7800408,2
8338,2,16,1103.8500213,1
8339,5,26,3145.6700173,2
8340,3,17,1659.8700257,2
8341,4,18,2129.87004474,2
8342,6,26,3076.7000694999997,2
8344,1,2,599.9700164999999,1
8345,5,30,2459.6700325,2
8346,2,6,1368.93003468,1
8347,2,8,684.9500217699999,1
8348,6,36,2954.75007248,2
8349,4,23,2054.71003157,2
8350,2,14,1234.8500270499999,1
8351,4,26,1899.6900331000002,2
8352,5,37,4279.51011282,0
8353,4,44,3444.55007546,2
8354,4,25,2209.8100528699997,2
8355,6,32,2969.60005564,2
8356,3,20,1729.8000222199998,2
8357,6,27,2049.70003898,2
8358,6,31,3485.72006238,2
8359,1,3,179.9700012,1
8360,6,27,3524.77007684,2
8361,3,21,2535.8100625,2
8362,6,40,4349.46010966,0
8363,2,2,154.98000527,1
8364,4,32,2999.64005664,2
8365,8,55,4899.62007908,0
8366,3,22,1144.65000353,2
8367,4,19,1779.6900139200002,2
8368,9,64,5874.1501008,0
8369,3,19,1889.81003566,2
8370,8,54,5557.45010758,0
8371,2,24,1776.7100029,2
8372,3,24,1656.77003096,2
8373,5,20,1994.69003485,2
8374,6,26,2359.80003366,2
8375,4,28,2599.7900352799998,2
8376,7,43,4784.52010352,0
8377,5,23,2849.66005698,2
8378,5,41,3398.58007815,2
8379,5,39,3909.55002978,2
8380,11,66,6169.33013926,0
8381,7,52,4501.49005898,0
8382,6,69,5824.33012213,0
8383,4,15,2279.82006078,2
8384,5,44,3114.61006542,2
8385,3,38,1979.6700095200001,2
8386,8,46,3859.57008742,0
8387,3,21,1739.73003004,2
8388,4,14,1599.85003282,2
8389,4,16,2249.79004678,2
8390,7,43,3260.66005316,0
8391,5,44,3854.41006841,0
8392,4,23,2714.780079,2
8393,5,37,3629.4900972,2
8394,6,45,3869.53009032,0
8395,5,38,2694.48003398,2
8396,4,20,2115.82005316,2
8397,7,55,4454.44012068,0
8398,9,48,4969.53013236,0
8399,5,48,3640.520031,0
8400,6,23,2539.83004008,2
8401,5,31,3249.70008856,2
8402,1,11,649.88000869,1
8403,7,38,4329.55008334,0
8404,6,35,3021.59005354,2
8405,5,42,2734.51004408,2
8406,5,44,3749.57006828,0
8407,4,37,3689.6500931,2
8408,4,17,2189.7800406799997,2
8409,2,15,1859.8400345,1
8410,8,34,3140.6300583,0
8411,4,23,2729.8000641,2
8412,6,37,2966.74004362,2
8413,4,22,2399.80004888,2
8414,2,5,929.9500275,1
8415,5,19,3229.7501069,2
8416,5,20,1809.81004143,2
8417,4,21,2243.82005694,2
8418,4,27,2665.6900749,2
8419,3,24,1969.67002878,2
8420,8,54,5264.43008428,0
8421,5,34,2799.60006712,2
8422,7,44,3449.51003469,0
8423,4,32,2448.6400489400003,2
8424,7,33,4060.64009872,0
8425,3,13,719.89002608,1
8426,3,35,1939.47000506,2
8427,3,13,959.87001424,1
8428,4,26,1759.75003052,2
8429,5,20,1171.87001987,2
8430,6,58,4369.44010544,0
8431,5,26,2309.81006248,2
8432,6,55,4784.35008626,0
8433,4,24,2929.71008305,2
8434,5,43,2671.60003656,2
8435,5,36,3839.65008552,2
8436,4,23,1834.71003346,2
8437,5,38,4379.59011464,0
8438,2,13,1339.86004258,1
8439,5,39,2619.61003879,2
8440,5,28,4039.76010906,2
8441,2,11,1869.8600465,1
8442,3,24,2129.75002291,2
8443,2,25,1461.8700103,2
8444,2,11,704.89001462,1
8445,2,17,1194.84003259,1
8446,4,30,2829.72004706,2
8447,6,56,4729.36005778,0
8448,4,43,2770.53005395,2
8449,4,7,659.89001466,1
8450,5,16,2224.8600617,2
8451,3,19,1709.71002202,2
8452,5,16,2329.8300590999997,2
8453,5,41,3759.47006996,2
8454,1,2,329.980011,1
8455,3,13,1403.90002824,2
8456,6,33,4009.57009136,0
8457,6,46,3354.51006702,0
8458,5,24,2419.7900658,2
8459,6,54,4359.40005862,0
8460,3,11,1099.9200286999999,1
8461,4,20,1999.7700348399999,2
8462,5,44,5059.66003575,0
8463,9,57,4554.41006856,0
8464,4,22,2409.83002858,2
8465,3,16,909.9300232,1
8466,5,33,2144.7500534,2
8467,4,29,2219.6700478,2
8468,3,21,1717.800058371,2
8469,5,19,1869.82004546,2
8470,5,41,3839.54010398,0
8471,6,36,3984.56008532,0
8472,5,39,2300.71003527,2
8473,3,12,1649.8200492800001,2
8474,2,12,1929.79004676,1
8475,4,16,1559.82002644,2
8476,3,8,481.95001221999996,1
8477,1,7,799.9299927,1
8478,8,47,4964.66010674,0
8479,2,17,1314.8800144699999,1
8480,3,26,2759.75005346,2
8481,6,37,3017.6300697,2
8482,6,23,2679.70004276,2
8483,5,7,819.8900222999999,2
8484,6,31,2321.7200355,2
8485,4,28,1499.7100144,2
8486,4,45,3179.59002694,2
8487,5,46,3544.51006692,0
8488,8,53,4799.43009001,0
8489,3,28,2239.75005336,2
8490,3,18,1429.82003408,2
8491,4,33,3119.63006984,2
8492,5,27,3209.70005048,2
8493,2,16,1119.79001807,1
8494,1,10,449.8499908,1
8495,3,15,1175.7900314,1
8496,4,13,1259.8500366,2
8497,3,26,2429.7700425,2
8498,3,21,1959.7700501,2
8499,8,44,4635.41008764,0
8500,6,19,1579.81003952,2
8501,5,41,3214.57004739,2
8502,6,45,4279.44007864,0
8503,3,21,1836.66002085,2
8504,3,41,2439.45998758,2
8505,4,13,1649.88002778,2
8506,5,54,4443.48003798,0
8507,5,27,2229.72002983,2
8508,7,37,2511.59006494,2
8509,6,45,3864.3600616,0
8510,4,30,2714.79002772,2
8511,8,58,6131.51016057,0
8512,4,25,2719.74004372,2
8513,2,11,999.8800201,1
8514,4,22,2099.8100586,2
8516,4,19,1669.80002588,2
8517,13,74,7654.22012153,0
8518,8,48,3949.52005388,0
8519,7,46,3939.58010482,0
8520,5,45,4436.50008008,0
8521,5,26,2079.71003726,2
8522,7,60,6399.42015464,0
8523,5,28,2669.69007878,2
8524,10,75,6015.3201142,0
8525,3,22,2299.78005218,2
8526,7,37,4177.62011155,0
8527,4,36,3659.68007662,2
8528,3,30,2539.72005468,2
8529,8,73,4783.20005416,0
8530,2,8,379.8599968,1
8531,6,34,3989.5500756399997,0
8532,2,11,1119.8800277999999,1
8533,2,10,509.92000963,1
8534,3,21,2519.73006054,2
8535,5,31,2789.53002158,2
8536,4,37,2294.58004375,2
8538,5,39,3668.6700783,2
8539,6,43,4479.55004894,0
8540,3,27,1827.6700323999999,2
8541,6,26,2129.800045,2
8542,7,35,5009.5801201799995,0
8543,4,29,2108.71002958,2
8544,5,39,4085.51006318,0
8545,2,13,1049.9000092,1
8546,6,44,4544.5400848399995,0
8547,2,10,1269.90001304,1
8548,6,38,3971.55009072,0
8549,5,19,2315.8100739,2
8550,7,45,4316.61008645,0
8551,5,41,4089.6000824,0
8552,3,11,1009.9400177,1
8553,1,1,129.9900055,1
8554,9,39,4419.53010566,0
8555,5,52,4378.60006339,0
8556,4,33,2377.70002364,2
8557,3,18,2299.70005046,2
8558,1,9,829.9600143600001,1
8559,4,35,3501.66006663,2
8560,2,16,1009.8500213,1
8561,3,8,1099.9000397,1
8562,4,23,2001.71005256,2
8563,5,32,2979.66008006,2
8564,3,19,1554.75001715,2
8565,3,22,1799.91002656,2
8566,3,11,1619.8100434,2
8567,4,27,2119.6600341,2
8568,5,32,3193.6500931,2
8569,3,16,1609.8200378,2
8570,2,12,795.87001802,1
8571,5,32,2959.6600571,2
8572,6,40,4251.6500703,0
8573,4,21,2749.74007038,2
8574,2,11,939.96001818,1
8576,3,27,2629.7900086,2
8577,4,9,1099.87002952,2
8578,7,54,5043.61007706,0
8579,9,42,5454.45013822,0
8580,7,32,3859.6200791399997,0
8581,6,37,3559.43005756,0
8582,4,23,1935.75001542,2
8584,6,35,3257.50008774,2
8585,4,28,2419.76004408,2
8586,5,46,3894.64004516,0
8587,8,53,5245.54013062,0
8588,5,32,3119.71006774,2
8589,5,36,2731.6100177499998,2
8590,1,2,259.98000718,1
8591,5,46,3533.520054,0
8592,6,26,3044.65010076,2
8593,2,14,1379.8400268599999,1
8594,1,10,649.8899994000001,1
8595,3,22,2202.80003166,2
8596,2,5,511.95001604,1
8597,6,23,2319.88004306,2
8598,2,9,1009.8500137799999,1
8599,2,19,1319.83002848,1
8600,5,24,2465.7200583999997,2
8601,3,19,1429.8600388,2
8602,8,44,4471.53010572,0
8603,4,26,1791.72003739,2
8604,4,36,3399.65004354,2
8605,7,45,4537.5300905,0
8606,6,37,2800.62008286,2
8607,5,37,4389.53008288,0
8608,4,20,1709.7500304,2
8609,4,33,2614.70005408,2
8610,3,25,1529.8100205,2
8611,4,24,1549.65001294,2
8612,7,45,4749.49008554,0
8613,11,61,5619.4500999599995,0
8614,4,21,1679.82002264,2
8615,3,36,2644.70002364,2
8616,3,22,1705.75003054,2
8617,4,28,3769.62007918,2
8618,6,61,5189.4300803,0
8619,3,24,1445.72999572,2
8620,5,49,3585.46005461,0
8621,4,29,2359.6800347,2
8622,8,34,3516.6600952999997,0
8623,1,6,300.0,1
8624,7,29,4138.7500993,0
8625,3,16,1167.86002734,2
8626,5,38,3559.62007528,2
8627,4,21,1839.76004036,2
8628,7,54,5005.460106,0
8629,4,23,2531.7200547,2
8630,4,26,2831.74004368,2
8631,6,33,4444.6801072,0
8632,5,40,3075.5600547,2
8633,4,33,2219.74002838,2
8634,2,11,919.90001678,1
8635,2,9,679.9299927,1
8636,3,17,1744.81004332,2
8637,6,57,5463.45011922,0
8638,6,41,3575.4600715799997,0
8639,4,24,1749.72002416,2
8640,5,23,2537.77006916,2
8641,3,25,3249.65006266,2
8642,5,37,2799.6200486,2
8643,7,50,4399.46010596,0
8644,3,17,1719.79003534,2
8645,4,38,3069.5200425,2
8646,4,25,2794.75004968,2
8647,6,40,2582.60004428,2
8648,8,48,4061.50008772,0
8649,5,31,2999.61005792,2
8650,1,5,349.95000074,1
8651,4,44,3599.52006148,2
8652,10,52,6222.29011172,0
8653,5,42,2967.55002212,2
8654,6,33,3409.6500778199998,2
8655,5,46,4107.5900536,0
8656,5,45,3271.60004239,2
8657,5,25,2611.65003592,2
8658,7,52,5016.40009118,0
8659,1,4,204.96000672,1
8660,5,35,2995.55004488,2
8661,4,34,2148.68001928,2
8662,4,32,2994.59004984,2
8663,5,36,3528.73006068,2
8664,10,66,6095.35015108,0
8665,2,8,589.92001724,1
8666,10,76,5744.37011143,0
8667,6,21,2779.77005776,2
8668,5,44,3389.41004963,2
8669,5,27,3907.6300584,2
8670,4,23,2079.7900391,2
8671,3,16,1059.85001378,1
8672,1,1,99.98999786,1
8673,4,42,3509.70004288,2
8674,10,58,4719.3001174,0
8675,9,51,4662.54008106,0
8676,7,38,2659.58000188,2
8677,6,41,3381.62006764,0
8678,6,40,3489.63006974,0
8679,5,39,3459.57003026,2
8680,1,3,95.97000122,1
8681,7,62,5084.28007506,0
8682,6,24,2349.78004072,2
8683,6,30,3133.68006896,2
8684,6,34,4229.59010704,0
8685,6,30,2523.72005854,2
8686,2,18,1009.7900085,1
8687,5,29,3397.7400856599997,2
8688,6,41,3524.54009447,0
8689,5,27,3711.64008342,2
8690,2,3,649.9700164999999,1
8691,6,34,2789.68005372,2
8692,7,57,4334.48008714,0
8693,4,20,1304.8200378000001,2
8694,5,34,2711.63008116,2
8695,3,29,2479.81005098,2
8696,4,24,2569.7700729999997,2
8697,7,70,5211.31009866,0
8698,4,26,2141.75002674,2
8699,3,27,1829.72002414,2
8700,5,25,2517.71002202,2
8701,4,36,3089.6500625,2
8702,4,15,1629.81999214,2
8703,3,24,1964.7600364,2
8704,7,53,4449.4700852,0
8705,3,14,854.87002178,1
8706,4,24,3294.74006668,2
8707,6,47,3634.62008283,0
8708,2,19,1699.83003234,2
8709,6,45,3689.5700645399997,0
8710,2,13,809.7999992800001,1
8711,4,24,2279.65004736,2
8712,7,38,3278.6000824,0
8713,2,19,1259.8500061,1
8714,4,14,1423.87004474,2
8715,6,56,4759.45005036,0
8716,5,36,3109.54004284,2
8717,5,46,3374.51006326,0
8718,7,39,4034.45009244,0
8719,7,65,5339.42010118,0
8720,5,24,3489.7000849,2
8721,5,35,2700.64004518,2
8722,5,45,3585.5000992,0
8723,4,35,2535.55000121,2
8724,7,43,2529.59001168,0
8725,5,33,2929.65005494,2
8726,6,33,2509.69005204,2
8727,3,12,1168.86002732,1
8728,4,24,3149.79007352,2
8729,2,5,759.9400138799999,1
8730,3,29,2029.67001334,2
8731,6,26,2733.7600766299997,2
8732,7,38,3739.6700821,0
8733,5,23,3244.67004022,2
8734,4,31,2193.7200470000002,2
8735,2,11,1599.8100358,1
8736,2,8,949.91003038,1
8737,5,25,3973.64012544,2
8738,2,11,989.88000864,1
8739,3,10,944.89003183,1
8740,3,19,1094.8600159,2
8741,3,12,1099.86002348,1
8742,4,31,2809.74007418,2
8743,4,30,2869.65004344,2
8744,2,31,2245.8000335,2
8745,6,50,3164.48002628,0
8746,3,35,2479.7000389,2
8747,5,44,3929.67004788,0
8748,2,14,1313.87002944,1
8749,8,45,3629.51004016,0
8750,4,17,1809.8400422,2
8751,2,10,816.91999822,1
8752,2,16,1219.78001408,1
8753,4,31,2273.71002584,2
8754,8,47,4884.42012032,0
8755,7,46,3683.52007871,0
8756,4,30,2329.83002468,2
8757,10,71,5051.26011277,0
8758,5,36,2764.6600417600002,2
8759,4,24,2809.76006318,2
8760,5,24,1439.72004316,2
8761,4,29,2699.7800445000003,2
8762,4,18,1649.84003448,2
8763,7,53,4470.65007778,0
8764,5,19,1851.78004462,2
8765,3,9,1549.86005026,1
8766,11,87,9296.14018638,0
8767,5,33,2109.67002106,2
8768,5,37,4654.63008886,0
8769,5,35,5689.55003742,0
8770,3,34,2769.6500472,2
8771,3,24,1494.84002117,2
8772,6,38,2425.64003165,2
8773,4,27,3109.5800401,2
8774,3,29,2129.53000638,2
8775,8,43,4039.4000628,0
8776,4,22,2529.74007416,2
8777,5,33,3879.6200562,2
8779,6,34,2749.6200828,2
8780,2,14,1089.92001724,1
8781,7,55,4536.40013118,0
8782,4,29,2423.69002922,2
8783,1,4,519.9500122,1
8784,7,42,3549.5900783399998,0
8785,3,24,1455.7300377200002,2
8786,5,32,4059.68011104,2
8787,6,49,4479.5000649,0
8788,7,44,4263.51009368,0
8789,6,30,4249.66010686,0
8790,7,51,4979.51008232,0
8791,6,42,4469.55006402,0
8792,5,52,3784.62003696,0
8793,2,13,909.8400116,1
8794,2,6,759.9300232,1
8795,1,3,399.94001008,1
8796,6,56,3899.4700623,0
8797,3,12,1399.85003664,1
8798,1,2,599.9700164999999,1
8799,3,11,1679.86003878,2
8800,8,69,5292.27008265,0
8801,4,11,1073.920011511,2
8802,4,20,1897.75003438,2
8803,4,39,3266.6100654399997,2
8804,3,23,2199.80004508,2
8805,6,34,3968.59009956,0
8806,5,51,4749.4501113999995,0
8807,5,20,2648.770073,2
8808,8,52,4827.360119,0
8809,4,10,529.87000664,1
8810,4,32,2836.7300644,2
8811,5,40,3170.56008541,2
8812,10,66,5809.34008796,0
8813,2,6,309.88999558,1
8814,6,44,4161.47006421,0
8815,5,35,3172.63002782,2
8816,4,12,909.91002656,2
8817,8,73,4964.20007316,0
8818,5,27,2319.71004874,2
8819,7,30,4102.6301042,0
8820,8,57,6619.45013054,0
8821,5,25,2679.74008186,2
8822,4,11,1059.8800202,2
8823,5,18,2549.77007304,2
8824,2,22,1889.74005508,2
8825,3,11,1019.87003332,1
8826,3,13,1749.8900452,2
8827,4,36,2339.62005236,2
8828,3,15,1569.8400041,2
8829,5,34,3409.65008548,2
8830,4,11,1529.89003374,2
8831,4,23,2015.7100525199999,2
8832,5,19,1314.83003618,2
8833,4,24,2549.82003207,2
8834,8,36,3244.62006388,0
8835,4,27,2863.71006016,2
8836,5,27,1969.78001406,2
8837,2,8,2069.88005454,1
8838,6,25,2389.71006006,2
8839,4,48,4051.50008772,0
8840,4,23,2744.73006436,2
8841,6,35,2814.68005756,2
8842,4,22,1589.79002376,2
8843,5,22,2799.74008186,2
8844,4,27,3159.72006616,2
8845,8,62,4354.43009195,0
8846,1,5,819.94001776,1
8847,8,71,6007.2100754699995,0
8848,3,19,2579.7100602,2
8849,8,47,4184.44010928,0
8850,5,33,2226.67005534,2
8851,5,38,3179.60006712,2
8852,3,15,884.7800140100001,1
8853,7,47,4474.43008806,0
8854,4,25,1393.86001592,2
8855,2,6,584.9300174699999,1
8856,1,11,1049.8600159,1
8857,3,19,1614.8000412000001,2
8858,4,20,2749.70007336,2
8859,3,3,639.95002368,1
8860,3,26,2289.7300568,2
8861,9,79,6469.2001343,0
8862,2,5,194.0,1
8863,4,27,2799.66004932,2
8864,6,41,4229.59008601,0
8865,5,38,3789.5100708,2
8866,4,23,2279.750061,2
8867,5,27,3759.6500549,2
8868,6,38,2634.61003116,2
8869,8,61,5588.41009914,0
8870,5,45,3579.52003108,0
8871,6,35,3333.5500528,2
8872,2,5,459.94999318,1
8873,5,34,3049.56003968,2
8874,1,12,789.8900146,1
8875,6,39,3374.63005249,0
8876,3,16,3059.80009088,2
8877,1,5,459.9400177,1
8878,2,9,569.8900146,1
8879,2,5,279.95000838,1
8880,5,26,2289.7300568,2
8881,4,42,2504.58001322,2
8883,6,39,4359.69005588,0
8884,4,28,2569.76005566,2
8885,5,37,3401.6400719,2
8886,2,15,804.86001969,1
8887,4,25,2829.76007464,2
8888,3,28,1649.76004022,2
8889,8,49,4687.47007185,0
8890,4,40,3229.72005084,2
8891,2,15,1894.79004672,1
8892,10,57,4789.36008086,0
8893,2,12,1149.8600235,1
8894,3,27,2079.66005326,2
8895,7,67,5695.35013966,0
8896,4,22,2114.76005178,2
8897,4,26,2809.66004564,2
8898,6,46,3899.64006424,0
8899,4,24,2279.66005332,2
8900,2,8,479.9900055,1
8901,2,8,1099.90003206,1
8902,8,34,3961.5801182699997,0
8903,3,37,2759.56003176,2
8904,4,26,2839.69005578,2
8905,7,43,4399.4800834,0
8906,5,39,3719.64004524,2
8907,2,13,639.87001804,1
8908,7,31,2589.59007258,2
8909,1,1,50.0,1
8910,4,23,2129.7700502,2
8911,5,39,2174.67003429,2
8912,6,29,2959.6400871,2
8913,4,18,1649.8500215,2
8914,6,42,2767.62004464,2
8915,7,51,4319.4400597,0
8916,3,12,1429.85004044,1
8917,8,62,5857.40012762,0
8918,4,33,1889.75000378,2
8919,8,57,4764.39008348,0
8920,8,74,5922.16009542,0
8921,6,32,2709.59006496,2
8922,2,19,1334.7900238,1
8923,2,8,709.9200134,1
8924,4,20,2459.7900658,2
8925,3,19,1799.7600365399999,2
8926,5,35,3229.5400848,2
8927,7,33,3319.5700759799997,0
8928,3,8,461.98000718000003,1
8929,9,56,4709.43008036,0
8930,11,59,5309.21010992,0
8931,1,5,1029.9500275,1
8932,7,48,4209.51010898,0
8933,4,46,3379.46006012,2
8934,4,21,1914.73004154,2
8935,6,31,3799.60009392,2
8936,5,45,3895.53006742,0
8937,2,6,359.9400101,1
8938,5,48,4255.49005526,0
8939,5,17,1579.87004102,2
8940,3,16,1609.78002932,2
8941,6,36,3144.69007303,2
8942,7,40,4239.62011342,0
8943,2,11,1049.8900223,1
8944,7,36,3261.55007552,0
8945,3,21,1769.9000244,2
8946,2,19,1639.85004428,2
8947,2,18,1334.85003665,1
8948,8,57,5029.24011986,0
8949,5,46,4634.3900853899995,0
8950,6,46,3658.66008766,0
8951,3,19,1559.84003074,2
8952,4,17,1349.79003528,2
8953,7,33,3364.51007092,0
8954,8,67,5439.40012752,0
8955,3,14,1739.85004044,2
8956,2,10,2179.83004382,1
8957,5,28,3181.65007217,2
8958,3,25,1699.73001866,2
8959,4,32,3369.61009791,2
8960,4,27,3024.77007298,2
8961,4,28,2914.70007712,2
8962,6,57,4199.53007884,0
8963,8,41,4474.61009415,0
8964,9,60,6779.42017758,0
8965,5,52,3764.39007183,0
8966,2,17,1089.88000108,1
8967,6,29,2454.71003346,2
8968,2,17,1289.730011,1
8969,6,36,3299.78006746,2
8970,1,5,355.95001221999996,1
8971,8,54,5819.4600832999995,0
8972,5,46,3929.45006562,0
8973,1,6,1279.92003636,1
8974,8,44,5125.48011783,0
8975,5,31,3839.6100998399997,2
8976,4,40,3799.4200591999997,2
8977,4,37,3019.68004612,2
8978,7,36,3434.56007567,0
8979,4,25,2494.76006891,2
8980,1,1,299.980011,1
8981,9,55,5153.43009767,0
8982,2,6,559.95001608,1
8983,4,19,2719.79005824,2
8984,6,29,2509.67004778,2
8985,1,1,399.980011,1
8986,8,81,5116.26009937,0
8987,8,36,4734.61013239,0
8988,7,50,3881.31002438,0
8989,6,53,4729.59008036,0
8990,5,33,3149.77005388,2
8991,5,36,3799.5800706,2
8992,3,28,1779.72003554,2
8993,7,44,3991.58009153,0
8994,6,27,2959.69008258,2
8995,8,53,5659.5000688,0
8996,2,6,299.9199982,1
8997,6,25,2339.78005982,2
8998,5,36,3252.63006966,2
8999,6,46,4677.47009662,0
9000,6,46,3844.4000624,0
9001,6,44,4034.57004546,0
9002,6,46,4869.56007788,0
9003,6,46,5189.47008146,0
9004,4,20,2387.74004374,2
9005,4,46,3745.5000877,2
9006,5,22,1222.7900314,2
9007,3,17,1889.8000488,2
9008,4,22,2109.8700257,2
9009,6,48,4839.4800873799995,0
9010,3,23,2369.77006148,2
9011,7,26,3449.7200889799997,2
9012,7,29,3549.70005796,0
9013,4,30,2857.73005304,2
9014,3,8,1029.90003588,1
9015,3,12,969.95001986,1
9016,2,8,829.9300079,1
9017,7,53,4152.43008428,0
9018,7,62,5589.47010042,0
9019,6,52,4105.4800682000005,0
9020,5,28,2463.69004436,2
9021,1,2,329.980011,1
9022,3,24,2099.67002103,2
9023,6,45,3013.5800533,0
9024,1,2,599.960022,1
9025,1,3,149.9400024,1
9026,3,25,1996.81004336,2
9027,2,5,539.9400177,1
9028,5,43,4179.56007378,0
9029,3,27,1979.8000413,2
9030,6,33,2331.7000313,2
9031,6,34,3372.63008699,2
9032,6,31,2483.6600494,2
9033,2,10,1689.87004092,1
9034,3,21,2129.8500519199997,2
9035,4,42,2135.61003677,2
9036,4,15,2109.83004571,2
9037,6,32,2472.62003707,2
9038,5,43,3628.41003434,0
9039,6,65,5027.2901002,0
9040,4,24,3459.74008948,2
9041,3,10,733.87001418,1
9042,4,14,2219.83005908,2
9043,5,38,2359.6400413,2
9044,3,20,1484.7900161,2
9045,3,18,2109.8700409,2
9046,3,15,1649.80003734,2
9047,7,60,4359.47006602,0
9048,6,37,3504.67002877,0
9049,4,31,2409.78004844,2
9050,3,23,1919.71004484,2
9051,4,17,1357.9000321,2
9052,3,25,2429.8500519,2
9053,9,71,5663.25011444,0
9054,1,3,829.9500275,1
9055,6,40,2969.52005012,2
9056,7,50,4115.40006469,0
9057,5,40,3387.440094,2
9058,7,55,4679.51011656,0
9059,3,18,1606.88004497,2
9061,6,27,3208.67008978,2
9062,5,28,2653.72002792,2
9063,4,33,2269.71003716,2
9064,4,24,2109.6900291800002,2
9065,4,38,3404.60004418,2
9066,3,7,793.92002108,1
9067,1,3,749.960022,1
9068,5,45,3404.56006244,2
9069,5,19,2579.76005564,2
9070,7,25,2909.67006296,2
9071,5,42,2804.52004244,2
9072,4,34,2289.70001586,2
9073,9,72,6619.24014664,0
9074,6,53,4899.49007808,0
9075,3,18,2179.71003734,2
9076,4,19,2104.78004836,2
9077,7,60,5429.3600809399995,0
9078,5,30,1718.8600120400001,2
9079,3,24,2024.73003593,2
9080,7,51,3935.29008285,0
9081,2,18,1859.8500519,2
9082,3,28,2199.73003388,2
9083,5,34,3245.61008458,2
9084,4,32,2783.70005429,2
9085,5,27,2743.75004584,2
9086,5,31,2937.6300316,2
9087,6,33,2369.66004562,2
9088,4,26,1764.65002826,2
9089,8,37,3827.55008145,0
9090,4,14,1484.84003072,2
9091,4,28,2314.68000416,2
9092,4,31,2879.6900406,2
9093,5,51,4325.54011351,0
9094,3,20,1899.7900391,2
9095,5,32,2699.64004888,2
9096,7,43,4419.46010968,0
9097,3,31,2487.7000732799997,2
9098,6,36,3554.65007587,0
9099,2,13,1208.8800202,1
9100,5,37,3629.73005686,2
9101,1,3,229.95000457999998,1
9102,2,20,1281.84002111,1
9103,8,62,5287.47011964,0
9104,4,39,4139.57006082,2
9105,4,14,2189.84005358,2
9106,8,41,3929.58010484,0
9107,11,83,6129.20011152,0
9108,4,24,1878.7400303499999,2
9109,1,9,449.8999939,1
9110,3,26,1584.6500206,2
9111,4,36,2779.64005654,2
9112,5,50,3889.45005792,0
9113,3,26,2189.70004274,2
9114,3,25,2429.780056,2
9115,5,25,2404.73006631,2
9116,3,25,2609.6800575400002,2
9117,6,43,3824.63009268,0
9118,3,27,2119.71004478,2
9119,7,52,5774.45015342,0
9120,4,43,3689.66002284,2
9121,3,19,2019.82003786,2
9122,3,26,1774.7200393,2
9123,2,18,805.8099937,1
9124,5,35,2834.63003922,2
9125,6,40,3629.55009651,0
9126,6,53,4647.42006306,0
9127,5,37,3014.7800293,2
9128,4,34,2304.62005612,2
9129,5,28,2811.76006316,2
9130,4,21,1989.7800446,2
9131,5,15,1921.83004762,2
9132,5,35,3219.65005888,2
9133,5,22,2125.78005793,2
9134,4,29,1893.75004194,2
9135,5,36,3989.6401062,2
9136,7,43,3755.6100732,0
9137,5,27,2099.70001976,2
9138,2,6,1189.9300385,1
9139,4,16,1414.8300095,2
9140,3,15,1459.83004378,2
9141,8,38,3989.69008254,0
9142,5,26,2479.66003808,2
9143,4,16,2059.82005887,2
9144,4,23,1749.74003608,2
9145,8,48,3869.60007874,0
9146,3,29,2354.65004535,2
9147,3,23,2199.8600311,2
9148,2,21,1649.75001524,2
9149,3,22,1497.79003524,2
9150,3,17,2199.8100663,2
9151,5,27,3539.62007532,2
9152,3,22,2091.72003365,2
9153,7,62,5939.13012903,0
9154,6,58,4699.45004276,0
9155,5,28,3409.72009666,2
9156,2,4,279.9700089,1
9157,3,17,1259.7900238,2
9158,3,33,2524.76006328,2
9159,6,45,3624.630043,0
9160,7,60,4137.22006602,0
9161,8,60,5464.25005342,0
9162,7,61,4841.34009559,0
9163,6,29,2874.76007085,2
9164,4,23,1189.7700005,2
9165,4,10,1319.88002012,2
9166,1,11,1069.86001586,1
9167,4,43,4139.59003844,2
9168,5,54,4499.34008032,0
9169,3,35,2309.72003554,2
9170,1,12,909.8399964,1
9171,5,51,3349.33004002,0
9172,4,34,3139.6400605,2
9173,3,21,1339.68001538,2
9174,5,36,3094.64008712,2
9175,5,28,2399.66004196,2
9176,5,34,4289.5401116,2
9177,4,20,2059.77004821,2
9178,5,24,2499.67005548,2
9179,5,37,3819.61006932,2
9180,3,21,2539.74007418,2
9181,6,49,4529.58009334,0
9182,9,48,3289.48003782,0
9183,3,22,1869.84000778,2
9184,5,24,1999.76002502,2
9185,2,18,1774.7400322199999,2
9186,8,42,4159.55010606,0
9187,4,31,3053.61005408,2
9188,3,13,1584.8300437999999,2
9189,3,15,1479.76003268,2
9190,6,33,3880.59008979,0
9191,8,54,4979.4600641199995,0
9192,1,5,899.9400177,1
9193,4,27,2919.71006026,2
9194,3,21,2009.80004506,2
9195,8,64,4597.38005263,0
9196,4,20,2159.81005868,2
9197,9,71,4904.25008574,0
9198,6,51,4199.46007548,0
9199,3,17,1879.80004508,2
9200,8,48,3789.5700760199998,0
9201,6,34,2539.62004854,2
9202,3,18,1764.88003158,2
9203,3,10,479.98000336,1
9204,6,43,3629.68006518,0
9205,6,45,3039.38003546,0
9206,5,37,2899.62002759,2
9207,3,18,2289.75003448,2
9208,5,23,2259.74005896,2
9209,5,42,3341.47005269,2
9210,3,12,1149.9200286999999,1
9211,2,16,1849.8900299,2
9212,3,9,1359.8800354,1
9213,7,35,5979.52015694,0
9214,5,27,3029.76007468,2
9215,3,27,2159.7200242,2
9216,6,29,3569.68008818,2
9217,3,24,1849.69002546,2
9218,3,10,1239.8900375599999,1
9219,1,2,529.9700164999999,1
9220,6,38,2054.5600300300002,2
9221,3,11,848.95000456,1
9222,8,36,3879.52006932,0
9223,6,28,3179.70007334,2
9224,4,23,2059.77005004,2
9225,3,34,2479.5700226,2
9226,4,22,2709.82006842,2
9227,4,35,3244.7600403,2
9228,2,7,1209.9100342,1
9229,4,33,3369.73007588,2
9230,5,38,3434.70004654,2
9231,6,43,3338.65006069,0
9232,1,2,499.97000886,1
9233,9,41,4169.50005726,0
9234,6,32,3557.7000695799998,2
9235,5,44,2944.54004662,2
9236,7,52,3469.45005042,0
9237,8,47,3955.6100617,0
9238,7,43,3824.67007452,0
9239,2,12,879.88003542,1
9240,5,23,3071.70008478,2
9241,5,25,2009.74001312,2
9242,2,13,809.9000244,1
9243,6,35,3189.6400873,2
9244,5,49,4154.71006016,0
9245,7,39,4409.53012848,0
9246,4,30,3494.66009914,2
9247,5,27,2593.64006814,2
9248,6,44,5209.60010158,0
9249,6,31,3459.69008254,2
9250,4,36,2759.70006178,2
9251,6,30,2647.81006244,2
9252,5,34,2929.62006014,2
9253,6,40,3169.50005724,2
9254,2,15,889.85002518,1
9255,3,32,2759.77005,2
9256,4,26,2934.7500611,2
9257,4,28,2709.63005074,2
9258,7,35,3847.63010609,0
9259,3,36,2589.64003374,2
9260,9,58,4999.4501037,0
9261,2,29,1574.66001513,2
9262,3,5,1359.91004568,1
9263,5,38,3269.57003032,2
9264,8,47,3406.59004212,0
9265,5,32,3849.67006698,2
9266,3,12,1229.8700409,1
9267,5,23,2909.80007558,2
9268,5,19,2199.8200493,2
9269,2,4,749.9600143600001,1
9270,3,19,2219.7500458,2
9271,8,84,7665.25017542,0
9272,3,30,1705.66999814,2
9273,8,63,4979.33007824,0
9274,3,16,1613.7700272,2
9275,5,24,1959.79003518,2
9276,2,5,329.9900055,1
9277,7,51,4149.34007256,0
9278,5,31,2661.760072751,2
9279,5,32,3549.4700775,2
9280,3,29,3279.7400514,2
9281,5,43,4341.49008948,0
9282,3,7,1429.92003636,1
9283,7,52,5289.470083411,0
9284,5,42,2922.68008424,2
9285,8,50,4142.47008136,0
9286,6,32,2669.7100602,2
9287,5,34,3917.67008598,2
9288,3,15,969.86002348,1
9289,3,10,1799.8700562,2
9290,6,34,2869.75004958,2
9291,9,61,3714.40004727,0
9292,2,23,1399.7500001,2
9293,3,22,3009.76006698,2
9294,5,48,3999.48003396,0
9295,3,18,1519.90003588,2
9296,6,54,4139.38008508,0
9297,8,42,3131.63007734,0
9298,7,32,2859.70003892,2
9299,3,6,589.9300194,1
9300,11,65,7891.2101595,0
9301,3,14,1589.81005096,2
9302,6,45,4659.61009604,0
9303,5,34,2184.56003958,2
9304,3,20,1469.78004452,2
9305,8,47,4589.55011372,0
9306,4,24,1761.84004403,2
9307,4,34,3189.70003128,2
9308,4,22,2247.73003006,2
9309,7,42,4429.64009484,0
9310,6,30,1821.70001598,2
9311,4,17,1849.8100434,2
9312,6,35,3309.67007066,2
9313,3,19,1179.81002046,2
9314,8,48,4995.48011782,0
9316,5,39,3066.6400681200003,2
9317,8,58,4734.49008554,0
9318,3,27,2169.75004198,2
9319,3,12,1564.8600312199999,2
9320,5,27,3121.70005418,2
9321,4,32,2935.66005515,2
9322,5,22,2244.77004625,2
9323,3,13,1409.8600465,2
9324,5,41,3543.53004462,2
9325,11,67,5195.45007522,0
9326,6,40,2885.57003032,2
9327,9,46,3259.57005698,0
9328,3,11,1689.900055,2
9329,3,21,1429.7800216,2
9330,2,13,669.8500136800001,1
9331,4,26,2769.68005758,2
9332,6,31,2494.6700478000002,2
9333,4,28,1929.66003028,2
9334,3,15,1459.79002382,2
9335,5,41,2829.6200334,2
9336,8,44,4059.59008412,0
9337,11,68,7025.28015148,0
9338,6,44,4254.4300997,0
9339,2,11,1029.88002018,1
9340,3,25,1114.7300071,2
9341,7,52,5239.55010433,0
9342,6,15,1644.83004571,2
9343,5,40,2849.52002348,2
9344,4,9,877.91003038,1
9345,5,34,2103.49002068,2
9346,3,27,2547.6700668,2
9347,3,11,1139.8800126,1
9348,5,35,2929.58004754,2
9349,6,38,4079.5400964,0
9350,3,20,1829.79000476,2
9351,4,23,2169.75003432,2
9352,7,50,4731.51011847,0
9353,11,59,5757.21010222,0
9354,3,16,2059.80002212,2
9355,2,7,869.95002368,1
9356,7,63,4953.46007924,0
9357,3,29,3029.4900514,2
9358,8,75,7183.28010948,0
9359,5,46,3640.57005688,0
9360,2,11,1299.9300232,1
9361,2,6,779.9000244,1
9362,3,23,1945.660034,2
9363,2,6,299.9199982,1
9364,4,35,3379.5900993,2
9365,3,18,2714.7900621,2
9366,6,46,4309.58012014,0
9367,5,19,1771.73002244,2
9368,7,67,6604.49012384,0
9369,5,28,3069.6700746,2
9370,3,19,1629.85002516,2
9371,11,87,9299.03020679,0
9372,4,46,3554.65005486,2
9373,6,22,1849.7000350600001,2
9374,5,48,4179.47006998,0
9375,6,33,5191.62014977,0
9376,7,33,3299.6900597599997,0
9377,7,49,5899.29014982,0
9378,6,32,2524.6700400199998,2
9379,4,30,2854.71005632,2
9380,5,36,2029.68003452,2
9381,5,20,2269.77003092,2
9382,6,45,3962.55005268,0
9383,5,30,3103.6200256800003,2
9384,9,38,4519.55010988,0
9385,1,6,899.9300232,1
9386,2,16,1579.6900178,1
9387,5,30,2345.7200241,2
9388,5,40,2753.47003156,2
9389,4,21,1709.82004928,2
9390,2,12,1074.90002635,1
9391,5,32,2839.60004816,2
9392,9,70,5106.9600792599995,0
9393,3,17,954.8100204,1
9394,4,37,3279.59008028,2
9395,3,24,1483.84001926,2
9396,2,10,899.88002014,1
9397,2,22,1259.87002183,1
9398,1,10,799.91001514,1
9399,4,19,2469.77005,2
9400,4,34,2714.67005542,2
9401,7,48,3711.47007559,0
9402,9,51,4514.4000741,0
9403,3,13,1517.85002144,2
9404,6,33,2404.69004828,2
9405,7,51,5019.66004576,0
9406,5,22,2923.80006416,2
9407,5,53,3209.42003623,0
9408,2,9,784.86001405,1
9409,2,14,1839.7800446,1
9410,5,31,3519.6000634399998,2
9411,5,25,3104.78008278,2
9412,4,28,2181.77005006,2
9413,6,40,3418.57006848,0
9414,7,53,4109.4001007,0
9415,7,42,3028.56003399,0
9416,3,19,2339.73003014,2
9417,6,37,4199.60008236,0
9418,6,35,3017.6700477599998,2
9419,7,59,4219.44006545,0
9420,4,38,2657.55005262,2
9421,4,14,1649.8900376,2
9422,1,6,531.94001772,1
9423,5,18,1794.7200394,2
9424,1,3,431.97001077,1
9425,5,32,3394.61005971,2
9426,5,43,4113.60009398,0
9427,4,14,1679.8300362,2
9428,2,20,1049.790001,1
9429,5,36,2949.66007624,2
9430,2,22,1799.76004408,2
9431,3,14,1429.85002136,2
9432,9,64,5376.35010918,0
9433,7,45,3939.46005642,0
9434,3,13,1879.8500595799999,2
9435,3,23,2749.7400247,2
9436,7,44,5769.54012316,0
9437,2,20,1709.76001559,2
9438,5,30,2724.61006168,2
9439,1,5,250.0,1
9440,2,14,1599.9300385,1
9441,5,28,3064.73007393,2
9442,6,34,3644.71006973,2
9443,4,23,2469.7300568,2
9444,1,9,379.91001128,1
9445,1,1,199.9900055,1
9446,3,30,3179.67004416,2
9447,5,37,3189.55005266,2
9448,3,20,2169.82004928,2
9449,3,10,1009.90002062,1
9450,3,24,1939.8000336,2
9451,7,53,4005.390049,0
9452,4,22,1649.77003472,2
9453,6,34,3294.60009392,2
9454,5,44,3564.63005076,0
9455,3,7,1259.920044,1
9456,2,15,1069.75999078,1
9457,5,35,2954.71007156,2
9458,4,23,2174.77004622,2
9459,10,65,5238.43011866,0
9460,3,24,2179.75003056,2
9461,4,19,2829.74006668,2
9462,5,19,2479.81006628,2
9463,7,38,4629.540111679999,0
9464,6,35,3019.470009,2
9465,5,19,1454.72000313,2
9466,6,45,4169.6600952,0
9467,5,30,3369.7400665,2
9468,2,10,1459.8900299,1
9469,5,27,2239.83004,2
9470,5,31,2489.7000579,2
9471,3,28,3309.620041,2
9472,5,32,3309.70008862,2
9473,3,18,1914.86003876,2
9474,2,18,1329.8000183,1
9475,4,19,1339.8000259,2
9476,7,36,3898.7900811599998,0
9477,3,32,1929.62003704,2
9478,3,34,3449.79004676,2
9479,4,18,1194.8600368500001,2
9480,2,6,1389.920044,1
9481,3,14,1194.85002902,1
9482,6,29,3849.58008976,2
9483,3,12,1019.85002138,1
9484,3,29,1629.7300224,2
9485,5,20,1609.80003364,2
9486,3,16,2189.87003326,2
9487,4,24,2474.74003222,2
9488,6,34,2699.67005918,2
9489,9,71,5763.2500761599995,0
9490,10,70,6984.24010088,0
9491,4,31,2383.63002396,2
9492,3,20,2099.8500519,2
9493,3,16,1204.80003925,2
9494,10,93,7495.16016018,0
9495,4,20,1604.8400268,2
9496,7,57,4449.38008874,0
9497,2,8,1829.9100495,1
9498,4,28,2389.66003414,2
9499,3,28,2639.79004668,2
9500,6,42,3269.68007664,0
9501,5,44,2969.56006992,2
9502,8,73,6381.01008246,0
9503,3,5,1399.9300385,1
9504,8,54,6309.46011376,0
9505,3,20,2019.8000184,2
9506,7,17,2159.7700578,2
9507,5,36,3149.5400772,2
9508,3,17,2869.79008108,2
9509,3,13,1459.8600388,2
9510,6,47,5113.47012726,0
9511,4,34,2739.5200462000003,2
9512,2,20,1879.8600311999999,2
9513,6,67,5784.19009768,0
9514,7,60,4524.62010383,0
9515,9,45,6689.5500867,0
9517,8,60,4954.43011086,0
9518,4,38,3929.6900788,2
9519,3,10,1039.8500214,1
9520,6,31,2744.670053511,2
9521,3,13,1279.89000708,1
9522,3,23,1719.82003018,2
9523,7,61,4969.53010947,0
9524,5,26,1915.83003614,2
9525,2,6,899.8800202,1
9526,5,22,1769.6700516,2
9527,4,27,3549.63008134,2
9528,8,64,5436.28011314,0
9529,4,35,2679.7500458,2
9530,1,7,649.94000624,1
9531,5,45,2799.65004344,2
9532,4,29,2575.65007975,2
9533,6,36,3544.59006695,2
9534,5,39,2734.64003944,2
9535,6,27,3919.67010118,2
9536,5,12,1519.92004018,2
9537,4,18,1369.90002446,2
9538,2,17,1265.82003018,1
9539,4,28,1959.84004596,2
9540,5,40,3494.62007136,2
9541,4,40,4529.57012186,0
9542,7,48,4369.46009267,0
9543,1,3,769.960022,1
9544,5,35,3659.6100883999998,2
9545,1,7,399.87000266,1
9546,2,20,2109.8400573999998,2
9547,5,46,3344.4900131599998,2
9548,4,11,1199.84001544,2
9549,6,31,2449.6900557999998,2
9550,4,42,2679.55004106,2
9551,3,17,1819.79004296,2
9552,9,59,4419.45007328,0
9553,5,24,2189.7500267,2
9554,9,61,4815.41008748,0
9555,6,41,4057.53007898,0
9556,7,37,2929.63007734,0
9557,9,64,7782.25016416,0
9558,1,5,329.9900055,1
9559,5,33,3029.730074011,2
9560,7,47,5009.42010888,0
9561,1,3,729.960022,1
9562,4,17,1829.80002218,2
9563,9,61,5132.47009654,0
9564,3,20,1749.67000586,2
9565,6,36,3404.60007858,2
9566,2,11,1159.84001926,1
9567,5,34,4139.5200921,2
9568,4,19,1609.77003474,2
9569,5,33,3009.50006104,2
9570,3,27,2499.83005908,2
9571,6,32,3455.6101113,2
9572,5,44,4359.4200477800005,0
9573,7,51,4629.4400865,0
9574,6,30,1954.72003369,2
9575,6,47,4449.64008336,0
9576,4,34,2427.66004182,2
9577,4,34,3589.5700608,2
9578,4,41,2449.3900222800003,2
9579,3,17,2399.8400573999998,2
9580,9,69,7109.170147,0
9581,6,48,4859.62008672,0
9582,3,7,619.960016271,1
9583,4,37,3139.62007528,2
9584,6,30,3259.64007188,2
9585,4,32,2624.61005402,2
9586,6,47,5593.44011698,0
9587,5,32,2199.77005006,2
9588,4,30,2539.59004214,2
9589,6,38,5077.5101319,0
9590,10,56,5899.34012642,0
9591,6,20,2629.76007082,2
9592,1,2,427.97001077,1
9593,5,46,3499.62006378,0
9594,3,15,2229.78005604,2
9595,1,9,529.9900055,1
9596,3,19,1749.7700043,2
9597,9,51,6123.4601403,0
9598,4,28,2817.70004664,2
9599,5,23,1509.76003268,2
9600,4,42,3529.59006114,2
9601,1,7,649.9000092,1
9602,4,39,2715.6399995,2
9603,10,55,5438.41013716,0
9604,5,36,3102.62004864,2
9605,5,28,4341.72011005,2
9606,7,36,4009.5900880199997,0
9607,8,62,4939.30006223,0
9608,7,29,3134.65006642,2
9609,8,35,4639.6601068,0
9610,6,43,3539.49006652,0
9611,3,18,1904.7700425,2
9612,5,45,4451.66010292,0
9613,3,15,1019.8600159,1
9614,4,33,2689.5700455,2
9615,2,25,1679.7400358999998,2
9616,4,24,2577.66004194,2
9617,4,28,1774.6700286,2
9618,3,27,2355.73003583,2
9619,6,28,1964.73004532,2
9620,2,6,299.95999908,1
9621,3,21,1269.76001741,2
9622,8,32,3199.66007614,0
9623,2,12,1509.8900376,1
9624,4,23,2709.8000718,2
9625,5,34,2539.73004142,2
9626,5,34,2757.78005984,2
9627,3,33,2939.71006398,2
9628,6,43,2976.6800442100002,0
9629,1,1,129.9900055,1
9630,4,39,3247.5400696,2
9631,4,13,2029.8700562,2
9632,8,43,4839.5500871,0
9633,4,34,3257.67006314,2
9634,5,41,3079.5900574,2
9635,2,13,949.92001728,1
9636,7,59,5584.49009338,0
9637,4,23,3049.68008422,2
9639,9,39,4838.61011516,0
9640,8,48,5047.66010672,0
9641,2,11,824.8800047999999,1
9642,8,35,4109.69009024,0
9643,4,36,3309.5600892,2
9644,1,1,299.980011,1
9645,2,6,589.9400177,1
9646,3,23,1704.71003728,2
9647,3,28,1404.65002054,2
9648,2,9,669.9200134,1
9649,5,20,1959.81003196,2
9650,4,30,3169.7100907599997,2
9651,2,19,1055.8600083000001,1
9652,5,24,1789.6100312,2
9653,6,46,3765.55006791,0
9654,3,14,1179.85003286,1
9655,4,24,2379.72006608,2
9656,4,32,2414.6000443,2
9657,5,24,2429.68006146,2
9658,5,32,2199.7300301,2
9659,6,34,3949.7101136,0
9660,5,35,4099.59010706,2
9661,2,4,349.9700012,1
9662,5,27,2919.67005158,2
9663,7,61,3489.40003581,0
9664,4,30,3024.56007396,2
9665,4,21,2299.8300629,2
9666,7,42,2929.56004141,0
9667,7,35,3159.65007205,0
9668,3,9,1619.900055,1
9669,6,35,3759.53003296,0
9670,8,46,4231.57008372,0
9671,7,47,5239.50011066,0
9672,2,12,1169.8700371,1
9673,4,26,2424.63006029,2
9674,4,12,1309.8800392399999,2
9675,3,27,2118.8100357,2
9676,6,42,3894.75006112,0
9677,5,19,1799.7400322400001,2
9678,3,31,3004.66005137,2
9679,6,45,4199.4800756800005,0
9680,3,21,1639.74004372,2
9681,4,38,3126.6000576799997,2
9682,4,39,3164.63006582,2
9683,7,54,4544.53008272,0
9684,2,23,1529.64002228,2
9685,5,28,3239.7100486599998,2
9686,3,15,1246.84003458,2
9687,4,33,3329.61007312,2
9688,5,26,3319.7400551,2
9689,4,42,2354.56002803,2
9690,8,58,5189.53014004,0
9691,6,26,3813.70011148,2
9692,8,61,5722.31012549,0
9693,3,9,889.93002322,1
9694,6,35,3234.6900635,2
9695,2,9,1129.8600159,1
9696,2,17,1059.9300003,1
9697,9,85,6958.19009227,0
9698,3,20,1439.71002586,2
9699,5,34,3289.59008792,2
9700,4,21,1809.82002638,2
9701,9,60,4089.500103,0
9702,11,67,5499.34007274,0
9703,3,20,2219.78005608,2
9704,8,61,5049.26010126,0
9705,3,15,1619.7900372499998,2
9706,1,14,1119.8800354,1
9707,2,7,1059.9100342,1
9708,7,47,3825.54006962,0
9709,6,46,3714.61006166,0
9710,3,21,2019.79005818,2
9711,3,17,1879.7800256,2
9712,7,34,3694.60009967,0
9713,7,33,1982.78002546,2
9714,7,46,3534.5800896,0
9715,5,32,4039.68009956,2
9716,1,8,689.9100151,1
9717,5,32,2491.59002107,2
9718,5,21,2234.72005854,2
9719,3,13,1509.89003756,2
9720,6,30,2854.74005124,2
9721,9,52,4929.43009952,0
9722,5,38,4224.53009802,0
9723,5,33,3339.71006772,2
9724,3,13,1649.8300285999999,2
9725,5,24,2009.76002501,2
9726,6,44,4899.56010066,0
9727,9,78,7869.20017258,0
9728,6,30,3721.6500759299997,2
9729,5,31,2400.60004042,2
9730,4,31,2167.7000351,2
9731,11,58,5663.3601152,0
9732,7,29,3309.63007744,2
9733,2,3,559.960022,1
9734,2,8,1169.90002824,1
9735,6,30,2114.75003808,2
9736,7,44,4003.5301093999997,0
9737,9,79,7539.04014972,0
9738,3,21,2919.78005988,2
9739,5,36,4689.49007431,0
9740,11,73,6089.2300873799995,0
9741,5,32,3126.70008088,2
9742,5,31,2871.76005168,2
9743,10,67,6828.29014586,0
9744,4,40,2344.63004302,2
9745,1,8,549.8500061,1
9746,5,40,4436.59012417,0
9747,5,47,3269.40005876,0
9748,5,36,3469.570076,2
9749,7,41,3179.60007484,0
9750,7,41,4094.4300918999998,0
9751,3,24,2199.7700423799997,2
9752,4,14,2039.78004844,2
9753,4,25,1799.83002084,2
9754,7,51,4434.41009144,0
9755,4,26,2269.74003984,2
9756,5,38,3303.65006258,2
9757,4,26,2339.73005672,2
9758,2,21,1519.7400284999999,2
9759,3,15,1199.92002106,2
9760,8,80,6474.24007802,0
9761,6,44,5509.6101227399995,0
9762,3,25,2149.60001376,2
9763,5,28,2173.66004956,2
9764,6,24,2219.77006153,2
9765,5,25,2285.73001283,2
9766,2,14,1099.800026,1
9767,5,21,2009.80005648,2
9768,2,10,919.8500289599999,1
9769,5,49,4070.4701042,0
9770,5,27,2519.7800406799997,2
9771,4,20,1729.9000397,2
9772,7,30,2224.73005294,2
9773,7,29,2859.6700515,2
9774,4,38,3269.59006118,2
9775,5,32,2294.6900254,2
9776,4,39,3279.63009258,2
9777,3,20,2281.81004533,2
9778,5,28,3109.72006608,2
9779,7,37,3947.6200943999997,0
9780,3,12,1239.8400268,1
9781,5,30,2369.7400436,2
9782,1,6,919.9400254,1
9783,4,31,3206.62007717,2
9784,4,19,1809.7800331600001,2
9785,9,68,5249.35006328,0
9786,5,50,3159.58003235,0
9787,1,3,319.97001267999997,1
9788,2,12,1209.8600159,1
9789,8,49,5139.37010956,0
9790,3,13,1919.83005144,2
9791,6,33,2125.5900002,2
9792,4,22,2719.82007228,2
9793,5,23,2079.72005462,2
9794,2,12,937.9000129799999,1
9795,3,17,1539.8600349399999,2
9796,3,11,1519.8400422,1
9797,2,9,609.91001508,1
9798,4,19,1815.75004584,2
9799,4,24,2359.69005395,2
9800,3,14,1653.83002478,2
9801,4,25,2559.7400665,2
9802,5,31,3129.5700683,2
9803,1,9,739.9100189000001,1
9804,4,30,2669.80005264,2
9805,6,36,3613.61005782,0
9806,4,33,2845.65005492,2
9807,4,26,3676.7500916,2
9808,7,45,2771.56004322,0
9809,3,12,1413.8700409,1
9810,5,17,1629.82003408,2
9811,3,14,774.8900069800001,1
9812,3,25,1587.70002738,2
9813,9,53,4408.35006529,0
9814,3,41,2943.53004456,2
9815,2,11,859.89001078,1
9816,6,28,3019.64007576,2
9817,5,30,3529.65008172,2
9818,2,19,1354.82003403,1
9819,9,62,5225.50010491,0
9820,5,32,2344.6100502,2
9821,10,85,7328.200142,0
9822,5,28,2414.7000427,2
9823,6,55,4751.60011296,0
9824,6,35,2909.68004992,2
9825,7,51,3179.52002334,0
9826,4,36,3521.61009033,2
9827,2,17,919.7600097,1
9828,1,8,649.94001008,1
9829,3,27,1607.720028,2
9830,7,51,4519.48009868,0
9831,5,46,4369.43004997,0
9832,3,22,1649.7699775400001,2
9833,7,48,6059.38014608,0
9834,4,21,1359.74002064,2
9835,2,22,1799.7100371,2
9836,3,33,2479.6700591999997,2
9837,5,38,3269.72007756,2
9838,6,44,3011.62004469,0
9839,5,26,2139.7200432,2
9840,3,12,1649.87004096,2
9841,6,17,2269.84005748,2
9842,6,35,3629.53006744,2
9843,3,19,1429.79003902,2
9844,3,19,2044.81006057,2
9845,5,41,2567.64004134,2
9846,4,27,2589.76004796,2
9847,8,39,5115.62008875,0
9848,4,26,2139.67002878,2
9849,5,26,2571.67007452,2
9850,1,3,729.9500275,1
9851,2,5,979.9500275,1
9852,2,11,754.94001772,1
9853,2,19,1989.79003142,2
9854,2,17,1297.81000514,1
9855,3,23,2495.66006476,2
9856,4,27,3109.72005468,2
9857,2,8,1539.86004258,1
9858,7,33,3004.67005148,2
9859,3,18,1215.79000088,2
9860,5,21,3328.76008614,2
9861,2,2,399.980011,1
9862,7,55,4739.3200416,0
9863,4,17,2129.7800523,2
9864,4,31,2239.6800384,2
9865,1,8,319.97000504,1
9866,3,14,2119.85004812,2
9867,3,16,1807.8200532,2
9868,2,14,949.84000398,1
9869,5,42,2896.65004732,2
9870,1,7,469.91001128,1
9871,9,50,5890.43012068,0
9872,10,59,5160.33012774,0
9873,2,23,2079.74005504,2
9874,4,35,2719.74003594,2
9875,7,66,5384.26009764,0
9876,8,50,5759.38011944,0
9877,3,21,1899.8600464,2
9878,3,8,1909.89005668,2
9879,8,46,4929.5000650599995,0
9880,5,40,3104.67005912,2
9881,5,30,2792.63007549,2
9882,2,11,629.8899994,1
9883,10,88,7499.0901183999995,0
9884,4,21,1459.7800254200001,2
9885,5,44,4299.56008154,0
9886,7,35,3704.6300584,0
9887,7,59,4870.44009018,0
9888,2,7,589.9200096,1
9889,2,5,699.95002368,1
9890,7,38,4119.6201134,0
9891,4,25,1919.7200508,2
9892,6,28,2047.64004142,2
9893,3,20,2239.72006425,2
9894,4,26,2329.60004804,2
9895,4,32,3164.6400605,2
9896,4,21,1243.79002004,2
9897,8,62,6619.40014666,0
9898,7,48,5209.48009124,0
9899,4,19,1899.76005556,2
9900,1,4,999.9400253599999,1
9901,7,39,2867.63005249,0
9902,5,40,2859.73005672,2
9903,3,22,2509.7500458,2
9904,3,9,1509.920044,1
9905,5,25,2239.7100602,2
9906,4,33,2485.79004668,2
9907,3,17,2099.80004118,2
9908,5,39,2914.61006162,2
9909,6,30,2945.6800766,2
9910,4,43,3329.59006116,2
9911,3,14,1101.87003714,1
9912,6,56,4599.3500557,0
9913,6,27,2939.81007774,2
9914,2,23,1869.7100372999998,2
9915,5,25,1879.780037,2
9916,3,13,1889.81003948,2
9917,3,13,1229.85002132,1
9918,5,37,3449.62007134,2
9919,4,34,3649.64006442,2
9920,3,27,2042.7400361,2
9921,2,16,1689.8600388,1
9922,1,3,150.0,1
9923,4,28,2889.69005968,2
9924,7,46,4753.49010084,0
9925,3,25,2054.75004954,2
9926,3,33,2359.66002648,2
9927,1,4,429.96001436,1
9928,8,80,6241.1001204799995,0
9929,1,4,321.96000097,1
9930,7,43,5379.59011472,0
9931,3,18,839.8600082,1
9932,6,36,4389.58009549,0
9933,5,37,3256.65006256,2
9934,2,9,969.9100323099999,1
9935,4,12,889.840017291,2
9936,3,27,2505.73005292,2
9937,5,19,1679.7200318,2
9938,3,23,2349.67004018,2
9939,5,35,2999.6400604,2
9940,6,48,4209.34008981,0
9941,5,48,3304.50004762,0
9942,4,39,3869.53009802,2
9943,3,7,599.9200134,1
9944,6,39,3454.59008032,0
9945,5,35,4231.56007004,2
9946,7,59,5395.42011658,0
9947,4,30,3479.68007656,2
9948,3,16,1767.77004246,2
9949,7,48,4339.39004512,0
9950,3,15,1605.88004308,2
9951,3,23,1879.77005768,2
9952,5,34,2659.57001886,2
9953,5,32,3049.5800439,2
9954,6,20,2724.70006576,2
9955,4,18,1779.8200531,2
9956,3,20,1989.79004288,2
9957,5,39,3986.55009462,0
9959,3,14,1639.86004258,2
9960,3,28,2267.66003038,2
9961,3,17,1269.89003384,2
9962,9,77,7419.2301484399995,0
9963,3,19,2159.74004366,2
9964,5,41,3929.60009203,0
9965,4,27,2034.69000242,2
9966,1,4,200.0,1
9967,5,40,5129.55010238,0
9968,4,21,2399.7800446,2
9969,7,60,5109.28009424,0
9970,5,18,2801.75006876,2
9971,8,56,5624.38013454,0
9972,7,60,4449.5500908,0
9973,6,29,3044.7100926499998,2
9974,7,55,4731.4500732,0
9975,4,35,2729.60007468,2
9976,5,46,4009.48006442,0
9977,3,14,1069.8800163,1
9978,6,32,2799.85004044,2
9979,3,25,2409.8000488,2
9980,4,37,2534.76004028,2
9981,4,27,2309.73006818,2
9982,4,13,1159.8400115,2
9983,1,6,799.9300232,1
9984,3,16,1734.8700256,2
9985,1,15,784.91999812,1
9986,3,23,1579.8300324,2
9987,2,15,1719.83005158,1
9988,7,47,3447.51003656,0
9989,4,33,1988.6500473,2
9990,6,35,4939.58012774,0
9991,3,19,2475.76003467,2
9992,7,53,5069.51009002,0
9993,7,46,3649.40007792,0
9994,1,2,119.9800034,1
9995,6,48,3723.49002844,0
9996,7,37,2699.5200232,2
9997,2,7,789.9100227399999,1
9998,5,32,3009.49005136,2
9999,4,20,1829.67002108,2
10000,2,8,659.87000658,1
10001,5,38,3013.54006773,2
10002,2,17,1459.81002046,1
10003,5,30,3089.68006138,2
10004,4,14,1349.8000297199999,2
10005,3,20,1954.75003434,2
10006,4,26,2674.79003906,2
10007,3,15,1119.9000320999999,1
10008,8,62,6066.35012062,0
10009,6,43,4159.39007582,0
10010,6,41,3801.56009674,0
10011,4,26,1685.72001644,2
10012,8,55,4539.49005894,0
10013,10,65,5969.42009366,0
10014,3,16,765.8000107400001,1
10015,3,13,1334.84003457,1
10016,2,8,1039.9000244,1
10017,7,47,4629.67008216,0
10018,6,45,4389.52009198,0
10019,6,28,2401.71004669,2
10020,4,25,2369.71005242,2
10021,4,32,2429.73002622,2
10022,6,54,4664.65009308,0
10023,6,27,3199.69010166,2
10024,3,29,2869.63005828,2
10025,6,17,1989.80006034,2
10026,3,16,1319.74002838,2
10027,4,23,2119.67004018,2
10028,2,16,1089.80001068,1
10029,6,33,3799.59006892,2
10030,2,18,1729.85002514,2
10031,7,52,3429.48003768,0
10032,7,40,3688.55005656,0
10033,5,29,2514.70004653,2
10034,5,13,1779.8500365999998,2
10035,4,20,2161.79003144,2
10036,5,35,3650.56007384,2
10037,3,10,899.89003374,1
10038,4,32,2959.79006198,2
10039,8,50,4559.51008612,0
10040,4,29,2519.72005464,2
10041,4,25,2763.71007538,2
10042,8,41,4491.56011771,0
10043,6,64,3859.22003552,0
10044,6,59,4079.68008042,0
10045,4,8,1744.8600407499998,2
10046,7,48,3427.670063,0
10047,3,21,1799.7900238,2
10048,6,30,2599.69006358,2
10049,5,24,2603.69005212,2
10050,3,21,1421.79003136,2
10051,9,66,5587.34011084,0
10052,6,35,3404.47004696,2
10053,5,36,3069.64007184,2
10054,1,1,59.99000168,1
10055,4,43,2904.62003706,2
10056,5,30,2939.6300601499997,2
10057,1,4,429.980011,1
10058,4,34,2679.58001333,2
10059,5,30,2309.7800293,2
10061,4,21,1544.73002232,2
10062,8,50,4539.51009772,0
10063,3,10,1079.91003038,1
10064,3,9,1159.88003162,1
10065,1,7,719.93000418,1
10066,2,19,1839.8200227,2
10067,6,46,3739.52005587,0
10068,4,30,3229.70004666,2
10069,3,28,2139.8000412,2
10070,2,15,1629.86004642,1
10071,10,65,5536.42008976,0
10072,7,43,4884.55012132,0
10073,2,5,969.9400177,1
10074,4,42,3734.6400605,2
10075,3,19,1898.7800293,2
10076,5,31,3023.63006214,2
10077,7,55,5309.32010248,0
10078,5,27,2409.62004085,2
10079,5,43,2729.66003416,2
10080,5,25,3199.72006996,2
10081,7,44,5689.52011878,0
10082,6,24,2751.77005963,2
10083,5,30,3249.7300511099997,2
10084,4,15,1949.7500458,2
10085,5,37,3579.6400757,2
10086,4,22,1975.76004034,2
10087,4,23,2187.82005704,2
10088,2,14,1258.710022,1
10089,5,26,3049.6900557999998,2
10090,4,33,2379.66004182,2
10091,5,24,2379.78006368,2
10092,2,19,2004.7700270599998,2
10093,6,49,2903.58005138,0
10094,4,23,2119.8100395,2
10095,7,47,5399.40010464,0
10096,8,23,2211.76005176,2
10097,2,12,813.93001174,1
10098,5,32,2279.6200332,2
10099,6,35,3417.62008294,2
10100,4,18,1613.8700371,2
10101,4,17,1930.8300515199999,2
10102,4,27,2339.66003044,2
10103,2,7,369.94000626,1
10104,6,35,3189.5900574,2
10105,6,29,1999.620018,2
10106,2,11,1049.9100266,1
10107,1,3,119.9700012,1
10108,8,87,6199.02007676,0
10109,7,51,4319.54006946,0
10110,3,28,2799.75007256,2
10111,12,86,6585.23015213,0
10112,4,23,1859.78004463,2
10113,3,17,1884.82001504,2
10114,8,45,3979.45007338,0
10115,5,24,2364.60006332,2
10116,5,31,2809.69006346,2
10117,3,21,1739.87003328,2
10118,8,55,5098.50006882,0
10119,4,19,1369.89002226,2
10120,5,25,2161.70005603,2
10121,5,23,2269.77005016,2
10122,6,44,3684.63007356,0
10123,2,18,1861.76004414,2
10124,4,13,1348.89002417,2
10125,5,19,2805.69006352,2
10126,6,37,3319.46005258,2
10127,5,29,2463.79005241,2
10128,3,36,2799.70003884,2
10129,10,83,6535.28010562,0
10130,2,15,1579.87002944,1
10131,2,24,1291.7800064799999,2
10132,4,30,2653.63006592,2
10133,6,41,3219.48006814,0
10134,6,59,4384.5300825799995,0
10135,4,16,1779.8300437799999,2
10136,6,36,3799.6400947399998,0
10137,8,56,4139.3200455,0
10138,6,46,4407.5500757,0
10139,5,36,3969.6400909599997,2
10140,6,48,3928.52007298,0
10141,3,25,2048.6600265399998,2
10142,7,54,4689.40009696,0
10143,4,20,1321.8199997,2
10144,9,45,4129.45006946,0
10145,5,28,2474.65004734,2
10146,8,39,3574.61007883,0
10147,7,46,3319.58004004,0
10148,6,41,4064.46005433,0
10149,7,49,3854.42006299,0
10150,2,10,949.9300155999999,1
10151,3,20,2159.75005734,2
10152,3,18,1259.74000934,2
10153,5,26,2029.81004716,2
10154,3,15,2039.8200532,2
10155,6,26,3289.69010172,2
10156,6,40,3959.50008004,0
10157,6,37,3649.71007538,0
10158,2,22,1729.8700409,2
10159,4,32,2749.72003564,2
10160,6,55,4839.46006024,0
10161,2,19,1649.8000488799998,2
10162,7,58,4589.5001031,0
10163,7,40,3479.58003632,0
10164,8,44,4169.4600907,0
10165,8,63,4589.3800774,0
10166,3,26,2289.72002804,2
10167,4,18,1659.80003354,2
10168,4,37,2949.60003282,2
10169,3,15,1659.85004808,2
10170,5,50,4923.52011121,0
10171,3,8,1179.8500214,1
10172,6,39,4804.55013851,0
10173,4,20,1077.78000636,2
10174,2,7,1089.91003038,1
10175,11,70,6799.160141,0
10176,3,27,2319.7200623,2
10177,4,16,1637.83004762,2
10178,5,33,2744.6400567,2
10179,2,14,904.85000795,1
10180,6,39,3307.45004274,0
10181,3,17,979.8300018,1
10182,4,22,2259.6900216,2
10183,4,31,2319.60000992,2
10184,5,34,2979.6100654,2
10185,8,59,6023.45015344,0
10186,1,11,639.8800086599999,1
10187,2,12,1148.86003118,1
10188,6,28,2103.7200279,2
10189,1,5,1239.920038271,1
10190,5,33,2239.63004302,2
10191,4,29,2144.6600265,2
10192,4,28,2259.71004484,2
10193,4,24,1773.88002394,2
10194,7,59,4625.36007314,0
10195,4,24,2279.75004964,2
10196,4,17,1939.8200531,2
10197,4,34,1744.7000197500001,2
10198,6,44,6199.4601669799995,0
10199,4,19,2089.7600555,2
10200,6,27,2553.64006048,2
10201,6,48,4014.65006833,0
10202,1,12,599.8399962999999,1
10203,1,8,769.9600144,1
10204,2,16,1329.8600159,1
10205,3,22,2349.7100373,2
10206,3,12,1579.86004258,2
10207,2,23,2159.72005462,2
10208,4,19,1084.7900085200001,2
10209,5,28,2017.7500228000001,2
10210,4,32,3295.66006474,2
10211,10,65,5752.4201127,0
10212,5,30,1949.7600555,2
10213,8,53,5294.49011618,0
10214,8,40,3601.5901109,0
10215,3,13,1379.85002898,2
10216,5,36,3187.51007639,2
10217,2,13,1709.8100434,1
10218,2,7,801.92002108,1
10219,5,31,2139.67003248,2
10220,6,58,4449.4500618,0
10221,6,36,2809.50006122,2
10222,4,45,2960.56003749,2
10223,3,23,2039.7700273,2
10224,4,31,3184.67007062,2
10225,7,51,3779.43006122,0
10226,8,56,4235.50007614,0
10227,3,21,1637.82001884,2
10228,2,17,1229.75,1
10229,5,37,4099.39009094,2
10230,2,14,1319.86002728,1
10231,6,45,3429.56002808,0
10232,4,25,2024.7400512,2
10233,3,29,1894.76002884,2
10234,1,1,199.9900055,1
10235,12,78,8404.22018075,0
10236,5,17,1619.77004248,2
10237,5,27,2749.7600594,2
10239,4,26,1574.70001968,2
10240,5,41,2889.61001974,2
10241,5,34,3247.6900826,2
10242,4,29,3149.6200295999997,2
10243,1,2,329.980011,1
10244,4,17,1489.86003498,2
10245,8,43,3023.5300407199998,0
10246,4,23,2619.66006092,2
10247,3,22,1779.7500190599999,2
10248,8,51,4164.5900802,0
10249,3,14,1474.86004837,2
10250,7,31,3239.7500534,2
10251,4,21,1409.90000158,2
10252,6,39,3839.6200943999997,0
10253,7,63,5588.31006634,0
10254,4,39,2679.59007256,2
10255,4,13,2219.85006338,2
10256,6,42,3429.47005088,0
10257,7,44,4474.6500932,0
10258,8,47,5519.50011844,0
10259,3,25,2209.63005832,2
10260,3,30,1889.50002658,2
10261,4,46,3634.54000456,2
10262,5,47,3594.5600625,0
10263,11,73,7189.34016048,0
10264,6,36,3349.67007826,2
10265,6,38,3338.5600549,2
10266,2,18,1873.8400382999998,2
10267,2,10,654.9200134499999,1
10268,6,43,2729.60002508,2
10269,10,70,4927.25009154,0
10270,3,20,2274.8200531,2
10271,3,12,1729.9000397,2
10272,4,29,3079.68004618,2
10273,6,44,4874.60009764,0
10274,4,21,1701.84003828,2
10275,6,46,3909.35007104,0
10276,3,16,1349.83001704,2
10277,8,48,4551.4401055,0
10278,6,50,5213.47009278,0
10279,2,18,1409.78003688,1
10280,3,25,2659.7600403,2
10281,4,25,1772.77002724,2
10282,4,38,3649.56005488,2
10283,3,20,1735.78004653,2
10284,8,51,3493.46006209,0
10285,4,22,2139.78003304,2
10286,3,21,1369.8200378000001,2
10287,3,32,1909.59001924,2
10288,5,41,2984.46003738,2
10289,6,39,4379.65007028,0
10290,5,37,2669.72006041,2
10291,10,63,7195.46019374,0
10292,5,29,1619.72000116,2
10293,3,15,2479.8100587,2
10294,5,55,4009.43008038,0
10295,6,32,2409.58003431,2
10296,5,51,4649.3900871,0
10297,2,13,1539.81001674,1
10298,6,25,2854.73007216,2
10299,8,48,3549.55006042,0
10300,4,36,3499.72004706,2
10301,5,24,2929.78005996,2
10302,3,26,2139.72003934,2
10303,6,29,2369.62005612,2
10304,4,36,3589.5800705,2
10305,6,23,2079.74003218,2
10306,6,29,3879.6900864,2
10307,9,63,5716.32010843,0
10308,7,54,4784.3700504299995,0
10309,3,32,2559.66003428,2
10310,4,16,1409.8600121,2
10311,4,37,2659.66005696,2
10312,7,58,4609.41005322,0
10313,4,33,2674.78004462,2
10314,2,17,1139.91001126,1
10315,3,9,1379.8700409799999,1
10316,3,24,2809.7100602,2
10317,3,29,2461.71004482,2
10318,5,28,2774.67005925,2
10319,5,27,2939.64004142,2
10320,6,32,3694.590065,2
10321,6,27,2259.72005466,2
10322,5,17,2419.82007224,2
10323,8,44,4284.53009042,0
10324,2,14,829.9200211,1
10325,2,9,779.90002824,1
10326,6,24,2627.70006194,2
10327,7,39,5559.48013324,0
10328,2,18,1169.7600136199999,1
10329,4,28,2089.6700516,2
10331,8,47,5294.45012105,0
10332,2,8,999.94002154,1
10333,5,30,2369.67003455,2
10334,6,30,2955.56007,2
10335,2,8,1479.9300385,1
10336,3,25,2459.7300492,2
10337,3,5,409.94000242,1
10338,2,18,1219.8500366,1
10339,5,35,2426.67005543,2
10340,8,53,4839.39010614,0
10341,3,24,2241.7300567,2
10342,2,9,649.8599854,1
10343,6,18,2159.8300553,2
10344,8,62,4763.50010304,0
10345,2,21,2159.75004204,2
10346,5,43,3349.67004018,2
10347,1,9,1759.8900146,1
10348,8,48,4964.46009446,0
10349,3,20,1809.7200508399999,2
10350,3,21,1431.91001128,2
10351,7,69,8339.26016608,0
10352,3,17,2269.8100739,2
10353,5,19,2329.8200684,2
10354,3,18,1711.8400422,2
10355,6,49,4079.4900666,0
10356,1,16,1499.8400421000001,1
10357,6,38,2929.52005768,2
10358,5,30,3314.6800519099997,2
10359,6,28,3231.67006314,2
10360,3,22,1449.7500343,2
10361,4,31,2479.73004156,2
10362,5,27,3389.7200889799997,2
10363,5,30,2935.66006464,2
10364,4,21,1777.7300338,2
10365,5,21,1689.79002754,2
10366,6,42,4039.6100311,0
10367,6,48,3079.4800415,0
10368,2,12,879.8800125,1
10369,2,3,629.960022,1
10370,5,30,3179.56007386,2
10371,10,88,7518.13011936,0
10372,7,25,2427.78004454,2
10373,3,15,1629.86004642,2
10374,4,15,1649.8200379,2
10375,9,70,6299.14010246,0
10376,5,21,2649.76008234,2
10377,6,48,3729.58005904,0
10378,4,26,2049.73001868,2
10379,5,27,3139.76004414,2
10380,5,24,2619.7700462,2
10381,2,13,549.89000509,1
10382,4,48,2993.37005604,2
10383,4,26,1855.73003782,2
10384,2,23,1451.79001043,2
10385,4,24,2464.79004865,2
10386,9,49,4014.3000565,0
10387,4,20,2609.6900712,2
10388,2,3,599.9700164999999,1
10389,2,12,1189.8800277999999,1
10390,6,34,4279.61008836,0
10391,8,50,4054.52008814,0
10392,3,28,2573.65004738,2
10393,1,7,729.93001556,1
10394,3,19,1139.86001964,2
10395,2,11,829.9200134,1
10396,3,29,2794.66005326,2
10397,1,2,699.960022,1
10398,8,62,5404.30014054,0
10399,2,14,1239.80000698,1
10400,5,32,3204.7100678799998,2
10401,5,53,4043.44005212,0
10402,2,13,719.8200073,1
10403,4,30,2109.7900200599997,2
10404,2,9,684.9000206,1
10405,6,47,3583.49006656,0
10406,7,41,4668.60013208,0
10407,9,66,5714.1800842600005,0
10408,7,48,3954.46004876,0
10409,3,6,469.91000752,1
10410,4,34,2939.6700210999998,2
10411,2,10,1029.94002154,1
10412,5,33,3321.6300926,2
10413,6,30,3249.72008516,2
10414,4,40,3309.4300386,2
10415,3,12,993.82001114,1
10416,6,33,3669.68008438,2
10417,4,25,1844.7600364999998,2
10418,6,29,3709.65008172,2
10419,3,28,1869.72001642,2
10420,6,24,2099.72005466,2
10421,4,34,2641.64004898,2
10422,2,14,1499.8600311,1
10423,3,22,2599.7700423799997,2
10424,6,62,4439.44007874,0
10425,4,26,1914.6100120400001,2
10426,5,38,4017.4800683599997,2
10427,3,28,2299.6000367,2
10428,8,46,4053.51007854,0
10429,7,23,2809.72006606,2
10430,4,26,1889.77004246,2
10431,4,19,1629.9000359,2
10432,6,29,3569.69009024,2
10433,1,5,599.9499969999999,1
10434,3,10,1029.8900146,1
10435,2,5,1189.93003468,1
10436,6,30,2484.63004692,2
10437,5,39,4409.67009736,0
10438,9,68,5733.27005386,0
10440,3,21,1836.85002898,2
10441,7,40,4219.57006448,0
10442,5,42,4689.62011348,0
10443,6,41,3514.6100656,0
10444,4,27,1964.7600479,2
10445,6,31,2689.68006514,2
10446,3,22,1479.87002184,2
10447,9,66,5969.54011938,0
10448,4,22,2307.73005674,2
10449,3,7,869.93002704,1
10450,5,36,3824.6600649,2
10451,3,16,1109.870018,2
10452,7,33,3864.70011528,0
10453,7,44,4742.48011784,0
10454,6,48,4546.48009878,0
10455,2,19,1411.7600098799999,1
10456,6,28,3139.7100565,2
10457,7,57,4971.21008117,0
10458,4,34,3004.57002847,2
10459,7,48,3789.44003684,0
10460,3,19,1159.81001274,2
10461,4,27,3594.70010764,2
10462,5,53,4076.35007464,0
10463,2,14,1019.90000538,1
10464,3,22,1429.85004044,2
10465,1,3,249.9799957,1
10466,2,19,1239.8700256,1
10467,5,36,2729.56004724,2
10468,3,17,1847.81003958,2
10469,2,15,767.8400116,1
10470,4,22,2339.81005864,2
10471,2,15,1854.87005248,1
10472,8,50,4087.46006784,0
10473,7,36,2539.69001,2
10474,2,13,1409.8600311999999,1
10475,5,25,2839.60006332,2
10477,3,20,2159.77007302,2
10478,3,10,1584.90004163,1
10479,6,40,3594.73006824,0
10480,5,44,3949.48007976,0
10481,7,51,4086.36003683,0
10482,5,36,2639.75004576,2
10483,4,22,1969.78005216,2
10484,5,46,3674.48004158,0
10485,1,10,1099.8600159,1
10486,4,21,2469.8300667599997,2
10487,5,41,3114.49004179,2
10488,1,9,1159.8900299,1
10489,3,18,1539.8500328,2
10490,9,79,5589.30008694,0
10491,4,21,1551.82003977,2
10492,4,38,4059.41007622,2
10493,9,52,5503.3100950299995,0
10494,3,19,2169.69004448,2
10495,6,38,4419.52009602,0
10496,3,12,1987.9000397,2
10497,5,35,3965.51008618,2
10498,4,17,3039.7800828199997,2
10499,3,11,1493.9300385,1
10500,8,51,5567.50010879,0
10501,9,65,5796.09009184,0
10502,4,32,2536.60006704,2
10503,7,46,3443.57006448,0
10504,3,15,1191.8500366,1
10505,5,53,3599.45005794,0
10506,7,61,4657.44010148,0
10507,3,16,1689.7900238,2
10508,8,50,4119.48007779,0
10509,6,37,3349.6800422799997,2
10510,4,27,2259.72004324,2
10511,7,48,4471.42008216,0
10512,5,36,2509.56003944,2
10513,3,15,1119.77000806,1
10514,6,50,4839.5000878,0
10515,5,44,4149.53007888,0
10516,4,29,3309.6600494,2
10517,7,39,3689.57008358,0
10518,6,43,4569.41011048,0
10519,6,41,3149.60005003,0
10520,1,9,479.9100036,1
10521,8,52,5249.52005408,0
10522,2,6,619.92002108,1
10523,4,26,1899.68002316,2
10524,1,5,489.949997,1
10525,2,9,1299.9100419,1
10526,6,19,1859.80002606,2
10527,2,14,1429.84003828,1
10528,5,34,2883.74007229,2
10529,5,39,3789.5901031,2
10530,5,30,2814.70007133,2
10531,4,32,2973.6600495000002,2
10532,3,7,984.9500275,1
10533,8,61,5419.39009303,0
10534,6,31,3959.7301027,2
10536,3,25,2059.78004454,2
10538,5,51,4103.46007156,0
10539,4,27,2549.80004886,2
10540,4,21,2539.74005136,2
10541,5,26,2659.75006868,2
10542,1,2,599.9700164999999,1
10543,7,60,5311.43009578,0
10544,5,24,2535.6600494599998,2
10545,6,59,4955.45010368,0
10546,3,16,1939.90002824,2
10547,3,17,1759.86004642,2
10548,3,18,1389.8700179799998,2
10549,9,79,6881.18015298,0
10550,5,35,2874.64003943,2
10551,3,13,1314.77001761,1
10552,7,55,4813.5201302899995,0
10553,5,27,2711.68004992,2
10554,7,55,5081.49009129,0
10555,8,73,5728.19005586,0
10556,5,24,2122.8000469099998,2
10557,3,10,829.8900299,1
10558,6,34,3887.62004492,0
10559,8,68,5654.27009966,0
10560,3,21,1444.75002473,2
10561,3,12,1059.93001556,1
10562,3,14,1599.84003458,2
10563,8,60,4869.3900567,0
10564,6,29,3389.76006322,2
10565,5,28,3009.71005626,2
10566,3,21,1483.81004533,2
10567,5,37,4969.53010574,0
10568,1,2,459.9700165,1
10569,2,11,1149.8700104,1
10570,8,67,4249.3000374700005,0
10571,2,10,1199.9200286999999,1
10572,6,52,5259.46012118,0
10573,4,20,1505.83002476,2
10574,4,33,3539.5700226999998,2
10575,4,14,1289.88003938,2
10576,3,14,1259.9100342,1
10577,3,22,1679.8500366,2
10578,3,35,2762.74005128,2
10579,4,18,1708.87004287,2
10580,5,24,2724.79008492,2
10581,1,8,529.9600067,1
10582,5,36,3461.62007526,2
10583,5,39,3715.48002642,2
10584,6,33,4679.6601258,0
10585,4,48,3302.390068,2
10586,4,16,1379.76002884,2
10587,4,32,2229.63003914,2
10588,6,41,4504.6101342599995,0
10589,8,27,3139.8200722399997,0
10590,2,15,949.8600196900001,1
10591,14,99,7889.05015184,0
10592,5,30,3701.68006526,2
10593,4,39,3449.59007067,2
10594,5,37,2799.75002672,2
10595,6,33,3479.56005482,2
10596,5,53,3647.5900573999998,0
10597,4,24,2089.6800346,2
10598,5,35,3549.55006418,2
10599,2,24,2279.66006088,2
10600,2,11,1579.8300401,1
10601,8,76,6574.1201173,0
10602,6,25,3439.67008604,2
10603,3,21,3139.8000794,2
10604,5,40,3599.61009594,2
10605,1,8,549.91000744,1
10606,2,18,1259.850029,1
10607,3,16,1439.82001878,2
10608,2,17,1217.88001628,1
10609,5,24,1694.67004786,2
10610,8,55,6243.48012164,0
10611,4,17,2909.7400896,2
10612,10,75,5804.1001055,0
10613,3,32,1744.67999654,2
10614,1,6,739.93001556,1
10615,4,34,2279.70004272,2
10616,5,18,2406.76006507,2
10617,7,36,4879.59011084,0
10618,3,15,2529.77005006,2
10619,3,25,1884.72002796,2
10620,7,53,4860.46008694,0
10621,2,18,1539.71001436,1
10622,2,10,989.9000321,1
10623,8,34,3679.51007474,0
10624,3,13,1009.8400115,1
10625,6,39,3514.62005799,0
10626,7,27,2170.8400383,2
10627,5,41,2423.72002418,2
10628,4,31,3209.58007428,2
10629,1,14,913.76000218,1
10630,4,22,1499.7600402,2
10631,7,48,4752.68011104,0
10632,2,10,829.8900299,1
10633,3,13,1629.8100281,2
10634,9,72,5986.39012532,0
10635,8,64,5975.36013802,0
10636,6,42,3895.620102,0
10637,5,26,4444.73003951,2
10638,9,44,3774.52006154,0
10639,5,26,3029.81007778,2
10641,5,30,3315.68009572,2
10642,8,50,4475.54007734,0
10643,5,34,2904.74006272,2
10644,4,36,2303.7300415,2
10645,2,12,919.78000646,1
10646,2,17,1089.79001606,1
10647,3,23,2639.78003324,2
10648,4,43,3634.38005838,2
10649,5,50,3762.49009318,0
10650,8,56,5630.52011693,0
10651,4,24,2426.69005017,2
10652,2,6,389.92000958,1
10653,8,59,5739.46012124,0
10654,1,8,989.9100303800001,1
10655,4,27,2409.810051,2
10656,4,43,2801.50006848,2
10657,6,35,3339.60005968,2
10658,5,43,2913.55006796,2
10659,3,25,1829.76004414,2
10660,1,6,664.93002513,1
10661,3,12,789.8400154,1
10662,6,41,3926.59007654,0
10663,4,21,1841.71002204,2
10664,5,25,3319.79008492,2
10665,6,17,2443.83005908,2
10666,6,44,2869.69003682,2
10667,6,42,3879.50009542,0
10668,9,53,4499.44010174,0
10669,6,30,2345.6300316,2
10670,3,25,1849.76003648,2
10671,3,14,1659.8000336,2
10672,9,73,6149.0901452,0
10673,5,34,3143.57006836,2
10674,5,25,1779.7800369,2
10675,3,18,1659.75003052,2
10676,4,22,1825.77003482,2
10677,3,13,1689.8900452,2
10678,5,40,4429.49010096,0
10679,6,25,2529.78006746,2
10681,9,68,5312.9800834,0
10682,5,43,3034.56005098,2
10683,6,38,3017.62005628,2
10684,4,29,2309.6500434600002,2
10685,8,51,4809.42007826,0
10686,2,11,1439.86004642,1
10687,8,54,4872.510099571,0
10688,5,26,3149.7800828,2
10689,5,34,3617.68006522,2
10690,2,17,1439.84000778,1
10691,6,27,3195.73007393,2
10692,4,21,2229.7100601800003,2
10693,4,26,2139.77005002,2
10694,1,7,749.980011,1
10695,3,10,1989.89005286,2
10696,4,31,3103.65004358,2
10697,4,30,2939.68006134,2
10698,8,35,3269.66007823,0
10699,9,61,6474.44012846,0
10700,4,24,3089.65006642,2
10701,7,47,4684.520096,0
10702,4,27,1869.7300682,2
10703,5,43,4109.52006908,0
10704,2,19,1079.76000596,1
10705,6,42,3376.63005636,0
10706,4,18,1793.74001314,2
10707,8,59,6143.4401589399995,0
10708,3,19,1849.84004594,2
10709,2,8,839.90001296,1
10710,1,3,859.95002368,1
10711,7,49,4129.510086,0
10712,2,12,824.83001712,1
10713,6,35,2189.67002478,2
10714,3,14,1471.82003207,2
10715,7,42,3219.61007313,0
10716,1,12,889.80001452,1
10717,5,43,3684.6300697,0
10718,7,49,3353.50005722,0
10719,5,29,2484.69004438,2
10720,6,30,3509.72008902,2
10721,5,56,4415.51006316,0
10722,4,29,2869.5400353,2
10723,2,2,164.98000718,1
10724,3,15,1501.8600388,2
10725,4,35,3179.68005756,2
10726,4,18,1689.84002298,2
10727,2,28,1929.61002348,2
10728,5,25,1599.85002908,2
10729,3,23,2149.85004808,2
10730,4,18,1605.82004552,2
10731,7,39,3877.53009802,0
10732,4,24,1589.75002658,2
10733,2,22,1679.8000336,2
10734,2,18,1403.78003316,1
10735,8,66,5695.43012618,0
10736,4,6,1269.91003804,1
10737,1,13,1049.8100128,1
10738,4,19,1589.73004142,2
10739,7,53,4133.48007962,0
10740,4,34,3189.6800537,2
10741,3,18,1359.81001654,2
10742,5,37,3039.5800362,2
10743,4,16,1169.92002488,2
10744,7,55,7284.4001043,0
10745,2,13,1233.90002824,1
10746,6,28,3333.73009122,2
10747,6,44,4089.56008158,0
10748,4,17,2289.80004886,2
10749,2,15,1329.86000253,1
10750,5,16,1789.87003718,2
10751,1,8,909.9100189000001,1
10752,5,19,2389.80005274,2
10753,4,30,1869.77001952,2
10754,2,10,1409.8200454799999,1
10756,2,24,1383.71002578,2
10757,7,32,2494.6600571999998,2
10758,6,43,4139.65008552,0
10759,7,43,4411.43009572,0
10760,7,45,4114.45007688,0
10761,9,47,6134.51011863,0
10762,4,50,3824.3700792,0
10763,4,21,2659.74007036,2
10764,3,11,649.8700028000001,1
10765,8,46,4939.45009813,0
10766,7,46,4789.51010902,0
10767,1,8,613.88001248,1
10768,1,10,859.9400177,1
10769,8,50,4337.47008522,0
10770,7,48,4399.53009421,0
10771,4,25,2135.79003138,2
10772,3,19,1939.8200493,2
10773,2,9,929.9300079,1
10774,4,9,1279.91003422,2
10775,2,16,1699.83003614,1
10776,2,10,1949.8600541,1
10777,9,82,7644.25015266,0
10778,9,56,4989.61008844,0
10779,5,35,3074.61005783,2
10780,4,27,2159.82004934,2
10781,3,10,799.90002058,1
10782,3,24,2181.74005888,2
10783,6,45,4119.41006862,0
10784,5,36,2809.76004024,2
10785,7,25,3764.76008238,2
10786,2,20,1729.7500457,2
10787,5,33,3079.63008116,2
10788,3,16,2449.7900696,2
10789,3,9,669.91001514,1
10790,3,23,2184.81003184,2
10791,6,28,3169.78007894,2
10792,5,38,3568.60004808,2
10793,3,10,964.8900222999999,1
10794,3,13,1329.8700333,1
10795,2,18,1179.8100128,1
10796,9,49,4819.39009094,0
10797,2,14,1011.8800201,1
10798,3,7,1349.91003426,1
10799,8,42,4544.60009197,0
10800,4,33,3429.6500931,2
10801,7,46,4499.43010334,0
10802,7,50,4085.53006372,0
10803,6,56,5214.54010778,0
10804,5,36,3009.6600609399998,2
10805,4,29,2759.64003382,2
10806,4,28,1739.71003731,2
10807,7,55,4535.62009048,0
10808,2,18,1217.8100205,1
10809,6,44,4118.55008893,0
10810,6,38,2719.5600434,2
10811,3,34,2149.6400261,2
10812,5,22,1949.7800445,2
10813,4,14,1819.88003168,2
10814,6,35,2969.73004534,2
10815,7,56,5293.5201225,0
10816,3,17,1388.85004044,2
10817,4,10,829.8500137999999,1
10818,8,35,4159.40008942,0
10819,3,19,1154.85002325,2
10820,7,36,3121.56006433,0
10821,6,52,4339.45006954,0
10822,3,11,1077.91003038,1
10823,7,37,4309.73009884,0
10824,4,26,2631.69005972,2
10825,4,31,3359.7400512599997,2
10826,6,21,3059.74008184,2
10827,5,25,2193.79003148,2
10828,3,13,1279.82002636,1
10829,10,68,6749.26016616,0
10830,4,20,3334.73008167,2
10831,7,70,5912.56012159,0
10832,3,35,2383.72004694,2
10833,4,38,2278.57002638,2
10834,8,61,5510.30012896,0
10835,5,26,2199.80004882,2
10836,7,38,3989.57011229,0
10837,4,9,1759.8800507,2
10838,6,28,2873.730053,2
10839,6,41,4479.67010122,0
10840,3,17,1149.73002228,2
10841,5,21,1919.7600326,2
10842,6,56,3969.54007718,0
10843,6,42,4239.57012178,0
10844,4,40,3429.66006478,2
10845,9,69,5801.22008898,0
10846,6,29,3555.62010011,2
10847,4,22,2201.82002258,2
10849,8,61,5524.38008126,0
10850,7,43,3343.74006284,0
10851,5,27,2649.7400475,2
10852,4,37,1989.68004598,2
10853,4,38,2689.4800567,2
10854,7,46,5164.53012858,0
10855,2,6,1154.93003277,1
10856,3,28,2769.6100617,2
10857,6,26,2245.79005243,2
10858,5,24,2049.8100433,2
10859,4,36,3159.6300583,2
10860,6,26,1869.8400268799999,2
10861,4,26,2309.73005674,2
10862,6,55,3503.4300499,0
10863,5,36,2939.7200394,2
10864,6,32,3219.62006378,2
10865,4,29,3655.67008598,2
10866,4,34,2753.72005846,2
10867,3,20,1484.740024561,2
10868,2,13,919.81999594,1
10869,5,39,3079.53006374,2
10870,6,33,2399.62004844,2
10871,3,9,649.91001508,1
10872,7,36,3189.50006858,0
10873,4,14,1999.8400593709998,2
10874,2,13,1079.9300232199998,1
10875,4,29,3639.60007086,2
10876,7,50,3799.52009578,0
10877,3,20,2134.66003615,2
10878,2,19,1599.8700256,2
10879,3,4,1149.92003254,1
10880,7,34,3889.6400948,0
10881,5,33,3108.66006671,2
10882,6,32,3768.4400711,2
10883,6,42,4417.44010932,0
10884,5,52,4654.46003903,0
10885,8,53,4299.37007914,0
10886,8,50,5519.36011897,0
10887,6,36,3487.62003907,2
10888,7,43,4899.58009726,0
10889,1,8,1029.9100342,1
10890,4,34,3245.65006632,2
10891,7,34,4944.65011602,0
10892,4,15,1769.7900314600001,2
10893,7,45,3883.55009092,0
10894,2,18,1949.8300322999999,2
10895,2,31,2566.64003374,2
10896,5,42,3503.64006416,2
10897,5,32,3154.74007038,2
10898,6,46,4621.53009788,0
10899,6,47,4774.4100762,0
10900,3,13,817.8799973,1
10901,4,33,1774.58002466,2
10902,3,19,2289.7100374,2
10903,5,35,3139.56005098,2
10904,2,7,1299.9100342,1
10905,7,57,4779.49003228,0
10906,7,41,3214.54003731,0
10907,5,23,2049.7500381,2
10908,5,26,3079.59005358,2
10909,3,22,1757.77005012,2
10910,5,22,2364.78005218,2
10911,2,17,989.8800163000001,1
10912,6,34,3469.6200981,2
10914,1,1,50.0,1
10915,3,12,1799.8700562,2
10916,8,43,5413.57013899,0
10917,4,25,2759.67005156,2
10918,4,23,2054.79003522,2
10919,2,11,1019.9300232,1
10920,4,22,2609.78005423,2
10921,4,20,2205.79005436,2
10922,5,38,3713.55006418,2
10923,6,19,2339.78004842,2
10924,2,10,1349.8500366,1
10925,6,58,4669.27007291,0
10926,4,28,3409.59007654,2
10927,4,30,2829.68006906,2
10928,8,57,4859.35007088,0
10929,5,40,3259.57003774,2
10930,4,36,3734.61005792,2
10931,3,10,1329.93003086,1
10932,7,61,4282.36003694,0
10933,7,48,3714.55007557,0
10934,7,66,4959.4000778399995,0
10935,5,40,3085.60005564,2
10936,3,11,1779.86004258,2
10937,1,8,607.9100075,1
10938,3,20,2229.77005388,2
10939,4,5,849.94002918,1
10940,5,46,3289.5200424,2
10941,1,5,399.9900055,1
10942,5,43,4559.57012568,0
10943,2,19,1709.720028,2
10944,4,25,2020.74006077,2
10945,3,22,1772.8300285,2
10946,5,22,2199.82004546,2
10947,3,15,1969.8500480799999,2
10948,6,37,3764.58005908,0
10949,5,20,1784.77004624,2
10950,4,17,1949.81006248,2
10951,4,41,4604.4900817,0
10952,7,47,4418.6100883399995,0
10953,2,13,1019.80999762,1
10954,7,47,4649.52008812,0
10955,4,26,3269.77007296,2
10956,4,21,2546.74006656,2
10957,6,44,3609.52003492,0
10959,5,43,4039.650055,0
10960,7,64,4164.32008716,0
10961,8,38,3375.58007247,0
10962,3,31,2135.69003664,2
10963,3,6,799.92002108,1
10964,5,27,2299.7300681799998,2
10965,8,63,5514.46010986,0
10966,6,44,4009.45007334,0
10967,8,64,5734.41014106,0
10968,5,30,2439.60003668,2
10969,6,43,4229.40004724,0
10970,2,11,1629.8800202,1
10971,4,15,1109.8100282,2
10972,4,25,1709.80001834,2
10973,6,45,3201.48006631,0
10974,5,34,2783.66003412,2
10975,7,29,3558.68007286,0
10976,5,37,2794.5600357,2
10977,6,42,3209.6500397600003,0
10978,2,11,1219.89002992,1
10979,2,7,999.92002108,1
10980,4,20,2094.8300553,2
10981,5,23,2319.80005264,2
10982,8,74,5946.25013746,0
10983,2,13,1324.89003378,1
10984,4,6,1009.93003277,1
10985,1,10,929.9400215799999,1
10986,6,31,3175.64007763,2
10987,4,31,3544.6600342,2
10988,4,22,2295.6700477599998,2
10989,1,2,294.98000336,1
10990,5,39,3199.55005274,2
10991,1,5,389.9900055,1
10992,9,59,5218.38007746,0
10993,5,33,3469.65007024,2
10994,6,27,2984.6000787,2
10995,6,12,1489.91004186,2
10996,4,31,3231.6800767,2
10997,2,6,949.9000244,1
10998,2,4,1129.9400329999999,1
10999,4,24,2522.73006054,2
11000,7,46,4159.4701043,0
11001,5,29,2449.81005484,2
11002,2,16,2119.8300476,2
11003,4,21,2845.78007896,2
11004,5,37,2589.69003091,2
11005,10,73,4684.15008916,0
11006,4,20,1099.9100152,2
11007,3,25,1449.8400383399999,2
11008,2,12,1076.88002203,1
11009,4,15,2699.81008156,2
11010,2,8,669.92001724,1
11011,3,32,1924.75002664,2
11012,4,22,2384.7600442,2
11013,6,38,3439.67006698,0
11014,6,52,4093.6100845,0
11015,4,36,3449.66006848,2
11016,4,11,1559.9000474,2
11017,11,88,7692.17016985,0
11018,5,25,2314.73006444,2
11019,4,26,2763.74005122,2
11020,6,31,3799.6200943599997,2
11021,5,24,2804.81005293,2
11022,2,18,1319.91001898,1
11023,1,8,999.8699951,1
11024,3,25,1725.7800407,2
11025,4,25,2769.77007298,2
11026,4,24,2857.7300721,2
11027,2,12,1089.7900239,1
11028,3,28,2309.7400704,2
11029,1,11,849.8300171000001,1
11030,2,9,1579.9300385,1
11031,3,23,2314.70003898,2
11032,9,71,4587.21007331,0
11033,2,12,1214.8700256,1
11034,3,23,2147.75004198,2
11035,1,7,699.9600144,1
11036,4,30,2509.58003612,2
11037,6,55,3465.47004681,0
11038,3,17,1079.89000698,2
11039,6,53,4698.3801041,0
11040,5,29,3119.6400604,2
11041,2,3,729.960022,1
11042,2,16,1694.8200226,1
11043,4,30,3109.7600632,2
11044,6,42,2311.73003951,2
11045,6,26,2501.73005865,2
11046,5,44,2983.55004122,2
11047,5,23,1669.69001398,2
11048,10,84,7239.14011004,0
11049,2,14,1353.88001248,1
11050,2,22,1529.85002518,2
11051,4,18,1309.73002628,2
11052,7,37,3364.67005156,0
11053,6,38,2529.64005658,2
11054,6,39,2884.71006012,2
11055,6,42,3539.65007217,0
11056,7,49,5525.4701271799995,0
11057,1,9,729.88001248,1
11058,7,69,4959.34009168,0
11059,7,31,2599.66005328,2
11060,4,27,2909.75007632,2
11061,10,52,5119.44013222,0
11062,4,34,2647.65006628,2
11063,5,16,981.84999846,2
11064,3,14,1179.84001928,1
11065,10,101,7450.050111771,0
11066,3,18,1009.8300017,2
11067,5,26,2529.74005132,2
11068,7,56,5513.27013412,0
11069,4,25,2989.73007976,2
11070,2,16,1313.83002478,1
11071,4,29,2859.61005408,2
11072,3,14,1389.90002824,2
11073,5,50,4564.41011046,0
11074,6,32,3319.69009023,2
11075,7,54,3404.57005691,0
11076,5,34,2444.6300506400003,2
11077,7,37,4904.62010769,0
11078,3,11,919.9000244,1
11079,6,26,2379.76005178,2
11080,3,25,1469.74001507,2
11081,7,39,4089.52008824,0
11082,2,10,1099.86002356,1
11083,5,30,3399.69007877,2
11084,3,8,1294.9000397,1
11085,2,19,1349.8700256,1
11086,4,26,2779.68006139,2
11087,6,32,3499.69007496,2
11088,2,15,1199.7700157200002,1
11089,7,41,5119.46015558,0
11090,9,34,3713.47007,0
11091,3,22,1439.71002202,2
11092,3,16,1879.84006124,2
11093,6,44,2964.62002757,0
11094,4,29,3781.73005867,2
11095,3,10,1264.9300309,1
11096,2,18,2089.82004164,2
11097,6,36,3704.550077451,0
11098,3,17,1309.8600311,2
11099,6,34,3859.7400856599997,0
11100,3,20,1999.78005218,2
11101,5,16,2209.7400513,2
11102,5,40,3339.54005804,2
11103,5,27,2997.60006726,2
11104,2,16,1219.85001366,1
11105,1,12,959.88000864,1
11106,5,36,4739.6101227,0
11107,5,22,2474.74006654,2
11108,2,18,1149.82000738,1
11109,6,60,5289.44012064,0
11110,8,37,3246.66006486,0
11111,2,10,1079.9000244,1
11112,8,70,6154.26014732,0
11113,3,13,1589.86004258,2
11114,6,42,2194.57004918,2
11115,7,45,4879.43012246,0
11116,6,61,4799.44011316,0
11117,3,25,1827.58000759,2
11118,4,27,3379.74008574,2
11119,2,13,729.79999546,1
11120,7,53,5594.31006063,0
11121,1,9,639.8900069800001,1
11122,5,28,3224.84007467,2
11123,2,11,1919.86004646,1
11124,8,61,5584.36013046,0
11125,4,34,3369.6100693999997,2
11126,4,24,2379.82005696,2
11127,11,58,5034.31009475,0
11128,6,55,5499.3401069599995,0
11129,8,47,3722.46006012,0
11130,2,14,1339.86003118,1
11131,4,27,2139.73001084,2
11132,9,77,6533.0901031,0
11133,7,68,5173.34007654,0
11134,10,71,6249.1101418,0
11135,4,38,3629.5400696,2
11136,6,28,3129.82006458,2
11137,4,31,2591.6300508,2
11138,3,17,2409.80005266,2
11139,6,25,2534.70006186,2
11140,1,4,329.9500084,1
11141,6,20,1999.8500519,2
11142,5,40,2949.55002978,2
11143,5,33,2109.74003606,2
11144,5,30,2959.67005158,2
11145,3,16,1199.90002442,2
11146,4,22,1979.71003728,2
11147,4,31,3119.63005446,2
11148,6,38,4979.60011871,0
11149,6,34,3474.64006991,2
11150,5,40,2219.46001815,2
11151,4,32,3679.72008518,2
11152,2,25,1325.70000068,2
11153,7,44,3753.6600838599998,0
11154,7,53,4654.34008033,0
11156,8,68,6267.36016086,0
11157,2,10,1029.89003378,1
11158,4,18,1759.7700425,2
11159,3,21,3499.69009028,2
11160,5,34,3199.68007288,2
11161,5,32,2947.6500664,2
11162,5,35,3104.65007404,2
11163,6,41,4751.56006809,0
11164,4,33,3019.6900482,2
11165,3,12,1279.8400154400001,1
11166,4,34,3269.5600929800003,2
11167,8,43,3869.60008234,0
11168,1,8,599.87001414,1
11169,5,42,3975.52005772,0
11170,6,42,3619.48007604,0
11171,4,29,3419.6800767,2
11172,2,13,1559.86002738,1
11173,3,28,2079.6600571,2
11174,5,25,2689.7300529999998,2
11175,5,29,2285.7300337799998,2
11176,2,13,1309.8500214,1
11177,6,50,3359.38005444,0
11178,6,21,2779.75007634,2
11179,4,25,2259.69000624,2
11180,7,35,3408.6200751799997,0
11181,3,9,1504.9100342,1
11182,5,24,2139.8700486,2
11183,4,21,1229.77000038,2
11184,3,17,1059.7800064,2
11185,3,32,2179.7800445000003,2
11186,5,33,3155.67006105,2
11187,4,21,1945.8800354,2
11188,3,28,1935.75003042,2
11189,8,42,4589.55013278,0
11190,4,26,2217.76002325,2
11191,1,4,64.96000099,1
11192,5,29,2049.74003224,2
11193,4,19,2189.8000106,2
11194,2,5,679.9400177,1
11195,6,37,3009.68003848,2
11196,5,22,2539.74005514,2
11197,5,37,2419.63003918,2
11198,5,35,3159.82006076,2
11199,6,38,2705.5500487,2
11200,3,12,849.92001342,1
11201,4,18,2099.83005914,2
11202,4,23,2019.8000488,2
11203,4,23,2027.66005324,2
11204,6,35,4176.59009375,0
11205,3,17,1731.89003947,2
11206,2,18,2149.7800446,2
11207,2,4,619.95001986,1
11208,5,38,3095.57005316,2
11209,4,20,2489.72006236,2
11210,4,37,2919.55007548,2
11211,4,11,1079.86002348,2
11212,4,21,2549.71005634,2
11213,5,31,2619.67002876,2
11214,5,42,3124.4800224,2
11215,3,15,1879.8700486,2
11216,2,16,1379.8400421000001,1
11217,2,10,1059.90002824,1
11218,8,57,6277.31014254,0
11219,4,21,1384.81002804,2
11220,4,10,1589.91003038,2
11221,3,12,891.91001514,1
11222,3,14,2209.7600555999998,2
11223,4,33,3369.72004716,2
11224,8,66,5418.14007393,0
11225,5,38,3259.67007824,2
11226,4,17,2169.78004844,2
11227,5,43,3129.59004202,2
11228,4,20,2039.79006196,2
11229,3,26,2361.73005294,2
11230,3,20,1962.78005222,2
11231,2,18,1899.8000336,2
11232,5,30,2394.66004562,2
11233,6,31,3299.63009642,2
11234,2,11,719.8700179800001,1
11235,7,44,4859.5301209,0
11236,6,23,1849.70003124,2
11237,3,13,1849.8900452,2
11238,5,50,3704.4400406199998,0
11239,3,17,1874.79003526,2
11240,4,27,1834.6100274,2
11241,2,7,819.92002488,1
11242,4,27,2436.75003436,2
11243,3,19,2049.81004714,2
11244,2,13,829.9000168,1
11245,4,45,3609.55004126,2
11246,6,29,3672.67008224,2
11247,2,9,609.9000092,1
11248,5,33,2999.50006868,2
11249,4,27,2389.64007184,2
11250,7,30,2509.77003866,2
11251,5,33,2234.7800369,2
11252,5,37,3769.57007608,2
11253,2,7,433.95000838,1
11254,7,46,3499.44006342,0
11255,5,21,1084.81000892,2
11256,5,34,3079.6500741,2
11257,5,19,3449.76009764,2
11258,4,15,2279.7900391,2
11259,1,7,369.9600067,1
11260,3,12,1109.89003374,1
11261,3,22,2405.76005558,2
11262,7,60,5011.23009312,0
11263,9,63,5187.21009454,0
11264,6,31,3444.6100579,2
11265,3,17,1749.78005222,2
11266,2,11,2469.8400727,2
11267,2,21,1939.790062,2
11268,7,29,3359.66007622,2
11269,3,22,1951.77000819,2
11270,2,16,1129.88001256,1
11271,3,20,1819.780014,2
11272,4,22,2569.8200722799997,2
11273,4,31,1719.7000236200001,2
11274,4,26,2784.79005436,2
11275,8,50,5099.55011752,0
11276,1,3,150.0,1
11277,6,36,3754.53008654,0
11278,6,35,3549.7500572999998,2
11279,1,11,1060.88002012,1
11280,1,4,279.9900055,1
11281,4,15,2139.7900696,2
11282,4,27,1769.71002956,2
11283,2,8,1059.93003086,1
11284,5,45,4500.63010406,0
11285,8,54,4809.44011682,0
11286,4,16,1534.83004006,2
11287,5,32,3339.53009424,2
11288,3,15,1293.85003662,2
11289,5,38,3739.67007068,2
11290,3,26,3179.68007284,2
11291,1,5,679.9100189,1
11292,4,23,1699.74003212,2
11293,4,32,2499.65004726,2
11294,4,27,2679.69005964,2
11295,8,57,6231.3401681,0
11296,3,17,2039.90005118,2
11297,5,24,2589.71005264,2
11298,2,13,1329.88002776,1
11299,4,21,2909.78007514,2
11300,5,39,3537.65005883,2
11301,5,17,3104.77009783,2
11302,6,36,2987.60006328,2
11303,6,37,3513.590065,0
11304,2,18,1699.8200531,2
11305,8,67,6089.3800697,0
11306,5,57,4917.41011816,0
11307,6,36,3569.73007588,0
11308,2,13,1324.80002787,1
11309,4,19,2309.81005482,2
11310,6,36,2939.59003072,2
11311,7,63,4617.31008528,0
11312,2,16,1254.83001139,1
11313,9,51,5254.2201157,0
11314,5,37,3939.54006586,2
11315,5,30,2759.6700591,2
11316,8,39,3149.63005068,0
11317,5,25,2624.77007111,2
11318,4,37,4493.55012514,2
11319,5,27,3088.8200722799997,2
11320,1,9,969.9400254,1
11321,2,10,807.8900184400001,1
11322,2,19,2109.8400421,2
11323,6,22,2529.7800561,2
11324,3,20,1639.77002338,2
11325,4,33,2420.67005164,2
11326,6,36,2820.65008164,2
11327,2,12,1119.8700256,1
11328,3,29,2529.8300553199997,2
11329,4,28,2439.7300414,2
11330,9,59,4254.36006924,0
11331,1,6,499.9400177,1
11332,7,42,3295.64007568,0
11333,4,26,2529.78005984,2
11334,4,19,2105.8300247,2
11335,1,7,419.88000108,1
11336,2,8,1029.89000708,1
11337,8,59,6525.33008596,0
11338,7,50,3468.44005966,0
11339,4,20,2359.7300378,2
11340,4,24,1874.70003516,2
11341,8,54,4689.3200799,0
11342,5,35,2829.55004882,2
11343,6,25,2339.6000443,2
11344,9,75,7027.06012911,0
11345,2,9,939.8900146999999,1
11346,7,54,4149.44002542,0
11347,2,2,189.98000718,1
11348,4,32,2719.73004908,2
11349,2,14,719.86000434,1
11350,7,43,3761.5300713,0
11351,5,22,2175.78004663,2
11352,8,49,4575.67005174,0
11353,1,3,699.9600143600001,1
11354,3,23,2201.81004141,2
11355,6,44,3708.60007856,0
11356,4,19,2439.84005742,2
11357,5,27,2724.7400666,2
11358,6,44,3564.45004845,0
11359,3,18,1789.84003828,2
11360,2,12,1829.8400497799998,1
11361,5,40,3869.64006802,0
11362,6,49,4776.48006816,0
11363,2,9,1009.9000244199999,1
11364,1,1,129.9900055,1
11365,3,26,1949.7800216599999,2
11366,6,35,3580.55009848,2
11367,2,5,829.94002154,1
11368,2,11,1249.960022,1
11369,2,14,1129.8700332600001,1
11370,3,25,2719.82006842,2
11371,4,16,1449.79003528,2
11372,4,21,3039.76008612,2
11373,6,38,3169.49006654,2
11374,3,18,1399.80002588,2
11375,3,27,3049.7500687,2
11376,6,45,3469.6200637,0
11377,7,44,4044.51007084,0
11378,10,83,7034.16014092,0
11379,7,40,3979.62007134,0
11380,8,48,3994.53004657,0
11381,5,33,3509.61007686,2
11382,8,41,3660.48005875,0
11383,3,23,1522.78003308,2
11384,4,18,2929.8100891999998,2
11385,5,30,2167.85002898,2
11386,5,25,1973.68003472,2
11387,9,50,4579.4300842,0
11388,8,56,5005.5300827,0
11389,5,47,3287.5500603,0
11390,4,33,3194.60005576,2
11391,4,22,2279.8000489,2
11392,3,14,765.84001162,1
11393,2,18,1619.6900329,1
11394,4,28,2209.64003378,2
11395,1,3,409.97001267999997,1
11396,4,33,2479.6200256,2
11397,8,71,5341.0700379,0
11398,5,37,3429.43005766,2
11399,6,40,2714.58005711,2
11400,5,52,3344.5300675,0
11401,4,21,2377.75006297,2
11402,4,26,2499.7700692,2
11403,8,56,5619.35009963,0
11404,6,50,4017.41005352,0
11405,7,44,3205.5500526,0
11406,1,1,299.980011,1
11407,5,51,4859.3601075,0
11408,4,22,2819.8500366,2
11409,3,16,2399.87006768,2
11410,4,29,2067.75003629,2
11411,5,44,4232.51005576,0
11412,3,21,1777.75003058,2
11413,7,35,3561.63007372,0
11414,4,28,1779.7700385800001,2
11415,4,30,2089.7500343399997,2
11416,4,25,2989.76005952,2
11417,8,59,5459.36008076,0
11418,7,33,3114.62003702,2
11419,5,27,3309.68008426,2
11420,7,38,3749.57009886,0
11421,10,55,5650.31008542,0
11422,11,86,5993.96009806,0
11423,4,41,3224.67007637,2
11424,6,40,2850.65002442,2
11425,4,17,1739.80005264,2
11426,11,82,6814.28014378,0
11427,5,34,4259.6400796,2
11428,4,14,1179.8800201,2
11429,7,39,3839.48007208,0
11430,7,72,5417.37008669,0
11431,10,66,7384.19014368,0
11432,8,36,2539.72005086,0
11433,4,43,3453.5000802199997,2
11434,3,13,1699.85004426,2
11435,3,32,4009.60008624,2
11436,4,11,2159.8900605,2
11437,4,22,1859.65002452,2
11438,6,35,2916.69007681,2
11439,3,22,2209.77005,2
11440,2,7,1089.9200172399999,1
11441,4,18,1839.8800431,2
11442,6,21,1769.74003604,2
11443,6,61,4591.29005625,0
11444,4,37,2939.6700706,2
11445,1,6,409.9600067,1
11446,6,19,3699.7801056999997,2
11447,2,17,1504.90003588,1
11448,6,52,5055.3301392,0
11449,3,26,1299.75000374,2
11450,5,38,3191.60006525,2
11451,4,24,2009.77002334,2
11452,5,45,4329.4200897,0
11453,5,37,2944.58005146,2
11454,6,46,3529.51004404,0
11455,5,29,3407.63008882,2
11456,6,35,3789.54007161,0
11457,8,47,5364.48006828,0
11458,5,32,3709.67008974,2
11459,3,15,1259.8300093799999,2
11460,6,41,3559.5600739,0
11461,4,13,1134.92002108,2
11462,6,37,3875.53007141,0
11463,5,27,2303.8100166599997,2
11464,2,7,349.92000194,1
11465,5,29,2899.67004778,2
11466,3,18,1609.79003148,2
11467,2,8,579.8800049,1
11468,7,33,2357.69005214,2
11469,4,27,2749.84005746,2
11470,5,23,2461.67005349,2
11471,4,45,3115.58003976,2
11472,5,19,2629.77005394,2
11473,7,51,4543.33009342,0
11474,1,7,579.980011,1
11475,8,79,6498.3001404,0
11476,3,31,2219.80004118,2
11477,2,12,849.9500122,1
11478,4,23,2229.69006726,2
11479,5,34,2781.60004999,2
11480,4,27,1839.7600365399999,2
11481,7,22,2489.8000641,2
11482,4,26,1907.69002725,2
11483,2,10,817.89002041,1
11484,2,33,1714.5999908,2
11485,5,39,3579.56007384,2
11486,4,17,1709.82005312,2
11487,4,29,1859.80002984,2
11488,4,26,2029.75005157,2
11489,6,43,4014.46002759,0
11490,4,27,2479.6900635,2
11491,6,42,4454.66009522,0
11492,9,53,5304.37012108,0
11493,3,16,1889.78004078,2
11494,4,25,3239.7100906799997,2
11495,2,8,2199.8900605,1
11496,4,20,2819.8000718,2
11497,3,17,1784.8200492800001,2
11498,2,21,2189.7700424,2
11499,4,35,2234.54003142,2
11500,5,27,2659.7100563,2
11501,7,49,4029.47006978,0
11502,1,6,879.960022,1
11503,9,65,6686.380140329999,0
11504,7,55,4524.5800896,0
11505,6,44,2811.65004527,2
11506,3,17,1979.8300284799998,2
11507,2,5,1089.9300385,1
11508,5,31,3709.72010046,2
11509,8,61,4274.38006403,0
11510,5,33,2929.60005948,2
11511,4,37,3085.63005828,2
11512,9,55,4809.53008276,0
11513,8,60,5671.3501015599995,0
11514,4,35,2679.60002518,2
11515,5,49,3859.36007704,0
11516,8,74,5494.23010262,0
11517,6,32,3381.62008471,2
11518,3,15,1399.85004426,2
11519,4,18,2429.8500519,2
11520,5,48,3599.55003738,0
11521,2,15,1439.79003902,1
11522,9,40,4287.56007591,0
11523,8,73,5594.21009062,0
11524,5,37,3167.66006468,2
11525,5,35,2577.57005322,2
11526,6,45,4224.35009003,0
11527,5,44,3864.68006902,0
11528,3,7,749.9300232,1
11529,5,31,3237.5900936099997,2
11530,4,39,2221.57006449,2
11531,7,39,2904.6700133599998,0
11532,2,27,1769.76002122,2
11533,1,11,999.8400269,1
11534,8,56,6509.44013218,0
11535,6,48,3623.33007434,0
11536,5,44,2909.5400390600003,2
11537,3,17,2319.87005622,2
11538,1,1,39.99000168,1
11539,4,9,1209.9000435399998,2
11540,4,18,1379.83003622,2
11541,2,8,874.9500217699999,1
11542,8,66,5297.32008368,0
11543,3,16,1099.9300079,1
11544,4,34,3399.59007654,2
11545,5,23,3225.720089,2
11546,3,29,2699.720047,2
11547,3,20,2349.82005696,2
11548,4,22,1939.7600402799999,2
11549,3,16,1217.8100205,2
11550,5,26,2429.7600403799997,2
11551,6,34,2799.71005821,2
11552,3,12,1869.8500596,2
11553,4,41,3164.66005696,2
11554,8,46,5454.46009838,0
11555,6,27,2539.61005398,2
11556,2,30,2209.7200165,2
11557,4,23,2469.82004932,2
11558,3,12,1539.87004096,2
11559,3,31,2017.5499955,2
11560,6,50,4489.49009705,0
11561,3,22,1659.78004068,2
11562,3,34,2344.71004671,2
11563,4,31,2619.7100525,2
11564,4,21,1297.77000816,2
11565,4,43,2964.53003694,2
11566,3,18,1949.8200473699999,2
11567,4,33,2629.8000412,2
11568,4,15,1099.81003566,2
11569,4,29,3279.7200661,2
11570,8,62,4090.35005955,0
11571,3,21,1993.88002408,2
11572,5,27,2373.6700325799998,2
11573,6,22,2451.83004762,2
11574,8,56,4444.50006484,0
11575,6,41,3899.5200805599998,0
11576,9,54,5525.46013282,0
11577,2,32,2344.63004296,2
11578,4,22,1929.7500535,2
11579,6,38,2859.55004882,2
11580,1,8,1129.90003208,1
11581,3,12,1439.86005024,1
11582,4,30,2324.63004696,2
11583,5,45,4049.48009492,0
11584,7,49,4858.5100937199995,0
11585,4,24,1589.68001932,2
11586,9,50,3339.5600661,0
11587,4,27,2399.64005276,2
11588,5,31,3433.61007688,2
11589,9,55,3754.40005856,0
11590,2,21,1959.8000642,2
11591,6,21,2274.83005154,2
11592,2,13,859.9200095799999,1
11593,4,30,1807.6600303999999,2
11594,2,21,1259.85003278,1
11595,5,48,3389.45006934,0
11596,2,17,1379.8600159,1
11597,4,27,1604.6900272100002,2
11598,4,30,1899.67003626,2
11599,3,11,1244.94002918,1
11600,4,23,2599.76007846,2
11601,5,25,2824.68006323,2
11602,6,42,3485.56008152,0
11603,6,33,2759.4700432600002,2
11604,5,34,2748.6800613,2
11605,7,43,3909.50008016,0
11606,8,53,5176.41009711,0
11607,6,42,2789.6600323000002,2
11608,1,8,609.8900032399999,1
11609,3,24,2324.74005886,2
11610,3,29,2619.68002712,2
11611,3,13,1839.7700501,2
11612,3,22,2639.80004894,2
11613,5,38,3164.64008517,2
11614,3,12,1769.8800354,2
11615,5,31,3487.7099876400002,2
11616,4,25,1197.83001135,2
11617,2,7,1499.89004144,1
11618,6,32,4479.6001015599995,0
11619,5,32,2689.68005374,2
11620,3,12,954.91001892,1
11621,2,8,1329.88002778,1
11622,6,22,1859.7000275799999,2
11623,5,41,2889.56002052,2
11624,4,28,2329.6400376,2
11625,3,21,2549.8400651,2
11626,3,20,1899.73004916,2
11627,6,42,2639.59006498,2
11628,4,10,1289.9100418599999,2
11629,2,30,2229.66003038,2
11630,8,54,5052.47011003,0
11631,7,49,4286.470100439999,0
11632,3,18,2099.7800751,2
11633,6,44,3634.58005138,0
11634,2,17,941.8800009800001,1
11635,4,15,1279.84001154,2
11636,3,22,2119.73004534,2
11637,8,62,4363.3000528,0
11638,1,11,749.84001544,1
11639,5,15,2509.81007396,2
11640,3,19,1289.74000926,2
11641,3,30,2679.65006256,2
11642,4,22,1829.75003818,2
11643,4,25,2223.75004576,2
11644,3,18,2184.85005192,2
11645,13,65,7062.3001558,0
11646,5,34,2724.67005166,2
11647,6,34,2993.6900483199997,2
11648,5,22,1664.69002916,2
11649,3,16,1589.8300324,2
11650,5,31,2359.61003494,2
11651,4,13,1219.83001704,2
11652,4,6,694.9300098299999,1
11653,5,31,3969.68011106,2
11654,9,70,7021.20015346,0
11655,1,6,809.9300232,1
11656,8,87,6937.13010792,0
11657,4,20,2969.75008786,2
11658,3,12,789.9200095799999,1
11659,8,50,4839.41012586,0
11660,3,32,2222.65004161,2
11661,4,19,1899.82006076,2
11662,8,53,5066.45012288,0
11663,3,29,2089.67005538,2
11664,3,28,2989.6900597,2
11665,6,49,4279.58007058,0
11666,2,16,2159.81005482,2
11667,8,56,4712.37011543,0
11668,7,53,4999.3501282,0
11669,4,8,555.9400139,1
11670,4,13,664.83000377,2
11671,3,12,1259.8400268999999,1
11672,8,44,4239.58003626,0
11673,5,34,1939.67001731,2
11674,5,39,3469.62004092,2
11675,4,27,2479.75006486,2
11676,4,27,2989.67007074,2
11677,6,42,4919.5401459,0
11678,9,51,5119.4801101,0
11679,4,30,3549.61006548,2
11680,3,15,1774.8300266699998,2
11681,7,56,4269.36006556,0
11682,4,30,3597.58007438,2
11683,4,28,2609.8400573999998,2
11684,2,4,859.9500122,1
11685,4,32,2559.61003495,2
11686,3,26,2345.72006222,2
11687,5,33,2145.55001247,2
11688,4,17,2129.89003,2
11689,11,48,4804.40010079,0
11690,3,13,894.94001197,1
11691,2,3,799.9500275,1
11692,7,46,3497.40007394,0
11693,3,3,659.9600181799999,1
11694,7,71,5064.16005684,0
11695,6,30,2579.6500663799998,2
11696,3,13,1274.82002266,1
11697,4,30,2704.70007324,2
11698,5,30,3129.6800881199997,2
11699,2,12,1539.9400329999999,1
11700,6,66,5277.3501128200005,0
11701,3,17,1449.8900299,2
11702,5,43,4089.4300689399997,0
11703,6,34,3504.6600724,2
11704,2,21,1299.7100143,1
11705,7,40,3585.66006856,0
11706,4,22,2174.7500534,2
11707,4,42,2039.60000794,2
11708,4,38,2047.50004956,2
11709,2,19,1599.78003306,2
11710,5,32,3419.61008084,2
11711,5,47,4295.55007558,0
11712,3,15,1379.8300476,2
11713,5,59,3999.25006099,0
11714,2,18,1709.77004618,2
11715,5,29,2495.75007057,2
11716,5,40,3062.6899987,2
11717,5,32,2493.69004816,2
11718,4,25,2704.6100617,2
11719,5,48,3609.42005156,0
11720,4,33,3029.71007918,2
11721,5,25,3104.65008174,2
11722,4,25,1529.81003188,2
11723,5,30,2897.6800613,2
11724,2,8,509.9600067,1
11725,6,38,4059.55007558,0
11726,2,10,899.9100189799999,1
11727,4,26,1532.73001292,2
11728,6,31,4384.61011134,0
11729,1,9,759.92000578,1
11730,5,45,3865.69004816,0
11731,8,54,4144.39005274,0
11732,3,18,1459.760025,2
11733,8,57,6420.4301263,0
11734,3,36,2464.68003452,2
11735,3,19,1879.8600464,2
11736,6,38,3935.6800957,0
11737,2,14,1419.8500365999998,1
11738,7,68,6269.25008778,0
11739,3,26,1887.8100357,2
11740,4,25,1399.71002194,2
11741,8,73,5746.28009038,0
11742,2,22,1954.75002668,2
11743,4,28,2379.69005972,2
11744,5,21,2753.69005588,2
11745,2,17,935.82001874,1
11746,2,12,1179.8800202,1
11747,6,35,2720.63005261,2
11748,5,29,3939.68008044,2
11749,6,29,3649.59009562,2
11750,4,26,2339.76003457,2
11751,4,18,1719.85003666,2
11752,4,18,1659.82003016,2
11753,5,25,2629.84004594,2
11754,2,18,2319.77006532,2
11755,10,71,5779.39012154,0
11756,6,35,2619.6600457,2
11757,7,45,4438.56008349,0
11758,3,21,1889.74003602,2
11759,3,23,2539.8700562,2
11760,6,49,4221.57007606,0
11761,8,53,5049.35009774,0
11762,4,26,1858.7200279200001,2
11763,3,25,2608.69004832,2
11764,8,44,2735.4400368,0
11765,6,50,4849.51012426,0
11766,7,71,5289.35008242,0
11767,8,55,4809.39009476,0
11768,8,79,7237.06010826,0
11769,4,30,2594.7900696,2
11770,4,24,1889.79004676,2
11771,4,28,3469.6600877,2
11772,5,53,4759.46014408,0
11773,2,19,988.89001084,1
11774,4,17,1201.83002283,2
11775,2,14,1449.8200226,1
11776,5,42,3564.68006518,2
11777,7,50,5309.41012958,0
11778,4,29,2369.59003828,2
11779,3,11,969.930008,1
11780,4,29,2239.76003652,2
11781,6,39,3689.7100564,0
11782,4,7,2089.88006218,2
11783,4,39,3344.62002575,2
11784,11,64,5269.1900749,0
11785,4,37,3609.54010388,2
11786,7,51,3769.55006026,0
11787,2,17,1639.84004598,1
11788,4,23,1933.69005206,2
11789,9,44,4443.49008576,0
11790,4,28,2454.73005296,2
11791,6,38,3896.65005876,0
11792,3,26,2289.76004032,2
11793,7,71,5674.32008342,0
11794,7,51,3919.33004376,0
11795,2,15,1369.83004384,1
11796,3,23,1504.7800216,2
11797,5,29,2210.67004391,2
11798,5,36,3810.76008043,2
11799,5,46,3657.50006486,0
11800,6,31,2334.7900658,2
11801,8,47,4614.4801217799995,0
11802,2,6,473.94000624,1
11803,2,14,1374.90001682,1
11804,4,25,2221.76004032,2
11805,4,24,2094.78002548,2
11806,6,36,5019.50010698,0
11807,5,37,2969.6600266,2
11808,3,28,2109.6900483,2
11809,3,7,1199.9000359,1
11810,1,5,399.9100037,1
11811,3,31,2379.78004263,2
11812,1,2,399.980011,1
11813,2,10,939.9000244,1
11814,6,35,2549.69001768,2
11815,1,3,119.9700012,1
11816,6,46,4764.38010398,0
11817,7,57,5104.36010557,0
11818,3,23,1669.8100280200001,2
11819,5,30,3185.5600853,2
11820,2,20,1539.6500243599999,2
11821,3,25,1799.79004674,2
11822,7,47,4549.5300751,0
11823,6,43,4145.59009936,0
11824,3,14,1929.7900543199999,2
11825,5,27,3119.7400628,2
11826,3,27,2519.6800460599998,2
11827,3,25,2109.82004556,2
11828,7,46,3991.5300789000003,0
11829,6,45,3719.48007584,0
11830,4,21,1689.83003614,2
11831,1,10,1059.86002346,1
11832,4,24,2199.720047,2
11833,9,70,6264.24011224,0
11834,3,15,1569.7800331600001,2
11835,7,60,5398.43008046,0
11836,8,43,4409.6001054,0
11837,4,26,2139.77004238,2
11838,1,5,509.97001267999997,1
11839,2,10,1029.9500198599999,1
11840,3,28,2309.58003994,2
11841,2,21,1189.85001761,1
11842,2,16,949.73000728,1
11843,2,13,1539.81004332,1
11844,4,31,2339.6900444000003,2
11845,2,8,1059.8700257,1
11846,6,39,3484.62004086,0
11847,4,31,2979.640054751,2
11848,6,39,3975.5400735,0
11849,4,28,1899.59000388,2
11850,2,11,1673.86004266,1
11851,4,34,2754.5700588,2
11852,5,34,3344.69009024,2
11853,6,32,3569.61006371,2
11854,1,8,439.9600068,1
11855,3,9,1107.960022,1
11856,9,40,4269.58010868,0
11857,7,47,3759.52006918,0
11858,4,32,3459.67006688,2
11859,3,35,2213.5900230400002,2
11860,2,15,1775.8600426,1
11861,8,55,4995.3800699,0
11862,7,46,4754.440099851,0
11863,2,11,1019.8500214,1
11864,4,16,1629.75002286,2
11865,5,19,2129.79003908,2
11866,5,42,4239.74008182,0
11867,1,2,79.98000336,1
11868,3,28,2284.81004716,2
11869,2,10,1119.84001544,1
11870,2,7,679.9700164999999,1
11871,3,34,2681.68005756,2
11872,5,41,3859.4100762,0
11873,4,22,2249.73006436,2
11874,6,32,2729.69004816,2
11875,7,30,4545.6301271,0
11876,4,20,2009.8000374599999,2
11877,7,51,3332.60004616,0
11878,4,39,3734.50007823,2
11879,1,1,25.0,1
11880,5,38,2984.6900673,2
11881,6,27,2700.72007945,2
11882,6,48,3949.5100859599997,0
11883,5,38,1753.77000617,2
11884,9,62,6054.27011508,0
11885,1,12,1129.8300324,1
11886,5,35,2919.55004126,2
11887,9,51,6453.44018198,0
11888,12,81,7344.14011378,0
11889,5,45,3471.55006794,0
11890,7,49,3889.61006932,0
11891,2,21,1144.75003052,1
11892,3,26,3039.7500611,2
11893,1,6,699.9400024,1
11894,4,30,1807.78003308,2
11895,8,67,4611.26010315,0
11897,6,42,4677.44010926,0
11898,4,27,2629.76004027,2
11899,5,36,3227.53007522,2
11900,5,25,2365.770031,2
11901,8,60,5999.53007902,0
11902,7,44,4174.56007384,0
11903,6,35,3205.51005757,2
11904,5,27,3089.68005754,2
11905,4,32,2773.7400437,2
11906,4,14,2429.80006418,2
11907,6,28,3349.55006414,2
11908,5,38,2544.8500252,2
11909,4,26,2089.8400498,2
11910,3,19,1669.8200532,2
11912,4,26,3119.75007248,2
11913,5,35,3509.4900589999997,2
11914,5,40,3677.60008248,2
11915,4,29,1579.74002068,2
11917,4,22,2371.84003838,2
11918,3,24,1659.74999811,2
11919,5,23,2959.79008492,2
11920,4,31,3039.6600571,2
11921,6,46,3857.45008078,0
11922,7,51,3784.55006409,0
11923,7,45,3029.490036,0
11924,6,34,4589.47011387,0
11925,2,10,859.860010171,1
11926,4,19,1924.7400417499998,2
11927,4,22,1287.8500137,2
11928,7,41,3094.62005612,0
11929,7,43,4599.6301118,0
11930,8,47,3894.57005316,0
11931,10,74,6218.20010951,0
11932,1,6,499.90001294,1
11933,4,23,2929.7800636399998,2
11934,5,37,3079.630066,2
11935,2,6,389.96000672,1
11936,5,43,5339.30011388,0
11937,4,27,2899.66004186,2
11938,5,17,1139.80003738,2
11939,3,13,1439.8700371,2
11940,4,19,2219.78005216,2
11941,4,30,3659.6600914,2
11942,5,35,2739.58003623,2
11943,3,41,2664.61005014,2
11944,1,10,1039.8900299,1
11945,4,33,4129.62007534,2
11946,5,26,2869.63006986,2
11947,7,64,6389.41014496,0
11948,3,20,1574.78000644,2
11949,3,17,1724.8300248,2
11950,7,52,4394.42010697,0
11951,4,17,1759.77004248,2
11952,7,42,3989.4400865,0
11953,3,13,1194.8300112699999,1
11954,5,37,4289.6301042,0
11955,4,25,3409.6901093,2
11956,7,47,4119.5300979,0
11957,4,57,4449.31008534,0
11958,4,26,2379.7200317799998,2
11959,6,27,2717.65003982,2
11960,9,59,5725.31012929,0
11961,6,33,3295.71006967,2
11962,8,55,4259.36007694,0
11963,4,30,2480.6800308399997,2
11964,4,27,1929.65002834,2
11965,4,23,2199.7600097,2
11966,3,22,2174.7000276,2
11967,3,18,1459.89003378,2
11968,7,50,4539.41008768,0
11969,4,32,3284.74002263,2
11970,4,17,1629.74000944,2
11971,5,21,2799.7200623,2
11972,4,44,2979.57002819,2
11973,4,18,1919.88004688,2
11974,5,31,3039.71006016,2
11975,2,18,1239.8100128199999,1
11976,3,15,1729.8600464,2
11977,3,22,2183.7200585,2
11978,6,56,4129.40004738,0
11979,6,36,2799.60007104,2
11981,5,24,2281.82004361,2
11982,4,30,1839.73001852,2
11983,9,73,6801.16011058,0
11984,7,58,4859.43007656,0
11985,10,67,6464.41012398,0
11986,2,14,1209.84001546,1
11987,4,15,2444.8000718,2
11988,6,38,3449.58007064,0
11989,6,45,3509.5600777,0
11990,3,25,2549.71006398,2
11991,7,55,3861.50006468,0
11992,4,26,2304.82005317,2
11993,4,27,3529.76007277,2
11994,2,5,899.9300232,1
11995,7,41,3939.48005879,0
11996,3,11,1645.82004552,2
11997,7,47,4259.5900918,0
11998,3,25,1949.8200379,2
11999,6,41,3513.590046,0
12000,6,39,3949.62008674,0
12001,5,47,3563.68006327,0
12002,3,12,1529.8800354,2
12003,2,12,949.9500122,1
12004,6,50,3649.53005222,0
12005,3,22,2169.80002978,2
12006,2,19,1709.810011011,2
12007,4,23,1551.74003024,2
12008,5,35,3069.6600686,2
12009,4,7,1579.9000474,2
12010,5,29,2939.74007428,2
12011,3,17,1619.82002262,2
12012,6,41,3099.55003366,2
12013,7,70,5239.25011237,0
12014,6,39,3906.69009595,0
12015,4,24,3329.72008518,2
12016,1,3,929.9500275,1
12017,2,13,1399.85002898,1
12018,8,46,4422.46006762,0
12019,9,63,5412.24008369,0
12020,4,26,2411.74006654,2
12021,3,20,2199.8000641999997,2
12022,6,32,3249.75007252,2
12023,3,22,1689.79004666,2
12024,5,28,3989.6301079,2
12025,2,17,1849.85003278,2
12026,6,56,4454.45008471,0
12027,3,15,1379.7900315,2
12028,7,43,3399.58008186,0
12029,3,8,1125.8800277999999,1
12030,4,14,695.86001778,2
12031,7,43,4493.54009273,0
12032,4,34,3599.6300889599997,2
12033,4,22,1729.78004068,2
12034,7,58,4149.49003598,0
12035,7,47,3564.5900573999998,0
12036,3,11,1309.8700410000001,1
12037,4,23,2309.79005826,2
12038,6,52,4954.49011049,0
12039,9,67,6823.15015822,0
12040,5,33,2249.67004777,2
12041,7,40,4019.6200905,0
12042,3,14,1579.8500366199999,2
12043,3,12,719.8800201,1
12044,5,36,2966.63006584,2
12045,6,45,4243.53007502,0
12046,3,13,1199.9300232,1
12047,5,36,3513.6000787,2
12048,4,27,1814.74002838,2
12049,6,41,4383.56010824,0
12050,6,48,3054.57001114,0
12051,7,31,3809.69009406,0
12052,5,36,3109.67004392,2
12053,5,31,2455.73000332,2
12054,2,16,1219.8799859,1
12055,2,16,1029.8400192,1
12056,6,41,4170.58008774,0
12057,5,34,2569.73004532,2
12058,8,42,3384.64007568,0
12059,2,19,1699.89002992,2
12060,3,28,1579.81001272,2
12061,4,44,4659.48007972,0
12062,6,24,2159.82004934,2
12063,6,22,2394.71004872,2
12064,9,48,5515.4200859,0
12065,5,40,3889.5800781,0
12066,4,29,3579.74008568,2
12067,4,21,3099.72009282,2
12068,6,44,3609.52007672,0
12069,7,45,4435.5400811399995,0
12070,2,7,479.93000792,1
12071,7,37,3024.6700745499998,0
12072,7,42,3379.58002104,0
12073,2,16,1174.8000183,1
12074,2,12,999.87002188,1
12075,8,71,5409.2300835,0
12076,7,54,5361.41011444,0
12077,4,35,2745.51004415,2
12078,3,17,1349.880005,2
12079,4,20,1659.79000474,2
12080,4,22,1689.78002168,2
12081,4,26,2494.69006344,2
12082,4,16,1306.76002504,2
12084,5,50,3381.44006747,0
12085,5,33,2859.4700395,2
12086,1,8,829.87001414,1
12087,4,16,1709.81003186,2
12088,6,41,3787.64005292,0
12089,5,33,2729.64002037,2
12090,3,20,1509.7300261999999,2
12091,4,24,2309.76006318,2
12092,2,11,1164.8900299,1
12093,2,24,1443.72003556,2
12094,10,58,6159.41013728,0
12095,3,30,2074.72003164,2
12096,4,22,2237.67004014,2
12097,5,24,2719.7700692,2
12098,3,15,909.9000245,1
12099,6,17,2519.83006678,2
12100,6,23,2679.68004236,2
12101,6,50,4759.4000969,0
12102,6,52,4491.49009903,0
12103,4,30,2585.6800537,2
12104,5,30,2269.67004782,2
12105,3,21,1024.83001322,2
12106,7,60,5924.32011788,0
12107,9,74,5662.10008251,0
12108,7,27,2809.66006468,2
12109,2,12,1109.8800202,1
12110,4,15,1339.84002698,2
12111,5,39,3519.590065,2
12112,6,52,3134.3500365200002,0
12113,4,37,2934.5900955,2
12114,5,41,2967.56004709,2
12115,7,39,4269.57008762,0
12116,3,19,1789.80002968,2
12117,7,52,4883.52007694,0
12118,7,29,3219.75006886,2
12119,6,41,4094.54008864,0
12120,3,25,2524.68005372,2
12121,5,27,2539.77005782,2
12122,5,23,1965.72002408,2
12123,8,72,5419.32007214,0
12125,5,33,3247.61002742,2
12126,5,30,2639.71002206,2
12127,5,39,2524.6000329,2
12128,5,39,2629.43999878,2
12129,4,35,4251.56012163,2
12130,4,30,3189.73008157,2
12131,7,40,3849.51006714,0
12132,5,42,4839.4900971,0
12133,5,12,1309.83003234,2
12134,6,31,3589.70007716,2
12135,4,28,1379.79999548,2
12136,5,31,2725.71006975,2
12137,5,27,3089.72006608,2
12138,4,23,2589.74005122,2
12139,3,27,2079.83004768,2
12140,4,12,1539.8100281,2
12141,4,16,1819.8300476,2
12142,7,38,3577.68006136,0
12143,7,29,2898.8000679799998,2
12144,3,15,1479.8800354,2
12145,3,17,2077.8200493,2
12146,5,33,4138.71010602,2
12147,3,15,1889.8300476,2
12148,2,29,1469.73999778,2
12149,3,24,1863.77005006,2
12150,3,16,1579.78002548,2
12151,4,17,2759.7800751,2
12152,2,7,1599.88004308,1
12153,6,56,3489.52005761,0
12154,6,31,2734.6000480000002,2
12155,3,17,1564.86003112,2
12156,6,34,3109.5500565,2
12157,4,16,2279.85005574,2
12158,1,2,259.98000718,1
12159,4,29,2829.64006428,2
12160,4,35,2401.62002184,2
12161,6,33,3376.64007391,2
12162,7,41,4099.45010006,0
12163,2,13,914.9300232,1
12164,5,38,2016.67002868,2
12165,3,18,1979.87004096,2
12166,5,21,1844.79004668,2
12167,7,33,3459.60010912,0
12168,7,37,3149.63005062,0
12169,6,30,2569.8200530999998,2
12170,5,32,2879.72006604,2
12171,5,9,1939.8700562,2
12172,5,35,3679.67009366,2
12173,4,21,1859.73004152,2
12174,4,23,2739.8500366,2
12176,5,44,2784.55002596,2
12177,7,47,2871.6000327799998,0
12178,7,58,4447.37007922,0
12179,4,24,2254.67005542,2
12180,7,66,6924.48015606,0
12181,1,11,899.9200134,1
12183,5,31,2243.59001544,2
12184,6,29,2794.61005782,2
12185,3,20,1601.82003402,2
12186,3,22,2159.79003906,2
12187,7,46,4549.56008918,0
12188,2,14,869.7700195,1
12189,8,66,5469.4000931,0
12191,4,40,3699.4700623,2
12192,8,48,5193.39010435,0
12193,4,34,2349.55002598,2
12194,2,13,879.87002178,1
12195,7,54,4509.39007184,0
12196,3,18,1149.88002396,2
12197,5,26,1829.8000260200001,2
12198,5,24,2274.7000388799997,2
12199,2,10,1149.94002918,1
12200,4,38,2589.78004454,2
12201,8,49,5184.39011009,0
12202,4,43,3009.53005592,2
12203,4,29,2399.74002836,2
12204,7,18,3019.84007654,2
12205,7,59,6001.26015104,0
12206,4,20,2149.77004626,2
12207,7,43,5144.57013328,0
12208,3,17,2619.77005394,2
12209,4,32,1800.76003258,2
12210,7,73,5219.38009825,0
12211,7,29,2894.79007537,2
12212,5,26,2116.78003314,2
12213,5,44,5074.46010604,0
12214,5,36,2899.6700706,2
12215,7,31,2659.67004788,2
12216,4,16,1939.82006076,2
12217,4,29,2539.6000595,2
12218,4,25,1759.81999976,2
12219,5,33,3669.62009426,2
12220,6,19,1839.78004464,2
12221,9,79,6429.0300866,0
12222,4,38,3369.56009296,2
12223,7,52,3824.59006498,0
12224,3,26,2139.82003788,2
12225,4,39,3073.54006964,2
12226,12,76,7032.28013604,0
12227,3,13,1679.8600465,2
12228,4,15,1739.83005908,2
12229,3,20,1875.73003396,2
12230,3,21,1533.720028,2
12231,4,11,1219.92002488,2
12232,6,42,2491.69002543,2
12233,6,31,3389.6000863199997,2
12234,5,26,2659.68005756,2
12235,8,54,5979.56010834,0
12236,4,30,2709.75003816,2
12237,3,8,1059.89002608,1
12238,9,53,5430.35013029,0
12239,5,29,2017.6900444,2
12240,5,43,3849.55007928,0
12241,4,32,2183.64003376,2
12242,9,49,4066.54009258,0
12243,1,3,299.9700012,1
12244,2,4,1039.94002918,1
12245,6,39,3259.61004632,2
12246,6,33,3141.66005706,2
12247,1,1,129.9900055,1
12248,6,43,3609.60007473,0
12249,7,41,4075.58008204,0
12250,2,12,1379.88002014,1
12251,4,14,1529.80003734,2
12252,1,7,1139.9000397,1
12253,7,47,4994.3900987199995,0
12254,4,34,3479.6200867,2
12255,3,21,1889.7500306,2
12256,8,33,4219.62008678,0
12257,2,7,999.9100341999999,1
12258,5,18,2139.8000564599997,2
12259,1,2,599.9700164999999,1
12260,4,23,2449.74005508,2
12261,6,53,4429.32005304,0
12262,6,44,2999.6400566,0
12263,4,28,2479.7300415199998,2
12264,4,17,2157.7700425,2
12265,7,38,3259.61006737,0
12266,6,41,4009.48009122,0
12267,5,38,3529.57007212,2
12268,4,28,2864.7300682,2
12269,5,41,2889.540039,2
12270,3,13,1539.86003878,2
12271,7,49,4399.5200844,0
12272,1,10,709.9400177,1
12273,5,41,3059.46005063,2
12274,3,29,2517.62005234,2
12275,1,8,419.9200058,1
12276,5,30,2479.79005823,2
12277,2,12,1199.7800216800001,1
12278,5,34,3409.56006246,2
12279,5,45,3072.57004158,2
12280,4,19,2739.8600617,2
12281,2,8,729.95001604,1
12282,2,10,1869.8700524399999,1
12283,3,23,3079.77005776,2
12284,14,110,8258.6201707,0
12285,7,69,7659.12017826,0
12286,2,20,1714.78002932,2
12287,3,14,1359.8900147,2
12288,6,50,4274.57009138,0
12289,5,37,2941.64005668,2
12290,2,22,1299.78001408,2
12291,6,43,5189.58012774,0
12292,4,38,2294.63003538,2
12293,8,45,4042.56007013,0
12294,5,26,3509.68009198,2
12295,3,19,2559.7400704399997,2
12296,5,50,3822.53004072,0
12297,2,14,879.8699951,1
12298,4,33,2449.61004264,2
12299,3,26,1949.6800346,2
12300,4,22,2099.82003788,2
12301,8,44,5119.60013586,0
12302,7,25,2409.79005436,2
12303,1,6,549.94001008,1
12304,1,2,429.9700165,1
12305,5,38,3114.7100677,2
12306,4,18,2399.81005488,2
12307,5,28,2831.64003573,2
12308,6,41,3054.56004905,2
12309,7,32,3739.56007969,0
12310,3,23,1733.82004164,2
12311,4,19,2029.84004216,2
12312,4,26,1769.73003767,2
12313,4,30,2219.73003403,2
12314,4,31,3089.70005796,2
12316,2,8,989.9200191499999,1
12317,6,46,3929.46006213,0
12318,7,56,4014.37007902,0
12319,5,47,3273.590046,0
12320,2,10,1207.8800277999999,1
12321,7,62,4739.34006888,0
12322,6,38,4749.53006362,0
12323,2,13,1219.8100205,1
12324,6,34,3899.70010386,0
12325,5,33,2719.5300713,2
12326,5,33,2969.64005662,2
12327,3,20,1455.7700271200001,2
12328,7,20,2802.8200722799997,2
12329,11,47,5959.42015474,0
12330,4,31,2449.7600403,2
12331,1,4,429.94001008,1
12332,5,54,4369.43006146,0
12333,6,48,3619.44005783,0
12334,7,35,3958.75006309,0
12335,10,50,4239.53007524,0
12336,6,35,3629.58008204,2
12337,2,14,979.8500061,1
12338,5,32,3269.65006648,2
12339,2,24,1219.7599945,2
12340,7,36,3893.59007262,0
12341,10,56,5242.36013428,0
12342,3,26,1443.87001414,2
12343,1,1,299.980011,1
12344,6,44,4139.43010334,0
12345,8,28,2443.65003972,2
12346,3,5,729.9500122,1
12347,7,53,5229.40013126,0
12348,4,30,2419.63005066,2
12349,5,24,2157.70002376,2
12350,5,52,4009.6300889,0
12351,3,22,2169.7800598999997,2
12352,2,19,1215.81001668,1
12353,1,12,853.92001724,1
12354,5,30,3129.6900826,2
12355,4,27,2297.88003924,2
12356,2,8,1149.9500198599999,1
12357,7,48,3933.4200668,0
12358,7,30,3514.67008984,0
12359,7,54,4434.37008658,0
12360,5,52,3195.44004054,0
12361,3,25,3289.70010004,2
12362,9,72,5033.1600531,0
12363,7,54,3775.40008169,0
12364,5,22,2669.8100511,2
12365,6,39,4679.55009468,0
12366,7,44,3849.49005129,0
12368,5,56,4149.43007275,0
12369,2,18,1683.79003534,2
12370,6,34,3089.65007399,2
12371,5,40,3614.53007884,2
12372,3,22,2574.71005067,2
12373,7,53,5009.4900666,0
12374,2,12,1759.86005406,1
12375,2,14,1639.8700409,1
12376,5,31,2717.6600685,2
12377,6,44,3949.60010152,0
12378,4,24,2332.7799989,2
12379,6,34,4177.52008637,0
12380,6,44,4205.51010894,0
12381,4,9,1225.89003189,2
12382,7,51,4869.38012322,0
12383,4,30,2619.64004896,2
12384,7,59,4937.3500653,0
12385,6,24,2589.81006055,2
12386,3,15,1339.85004426,2
12387,2,10,1233.87003901,1
12388,2,6,709.960022,1
12389,5,37,2679.74003214,2
12390,3,33,2219.60999678,2
12391,3,14,1899.7900544,2
12393,4,25,3019.6600533,2
12394,6,40,3882.520096,0
12395,1,4,309.9600067,1
12396,5,27,2654.66007226,2
12397,5,31,3594.6400909,2
12398,5,37,3409.67007828,2
12399,5,30,2139.71002958,2
12400,6,41,2959.51001738,2
12401,5,24,3379.67009736,2
12402,3,29,1959.7200126,2
12403,4,35,2089.77003472,2
12404,1,5,124.9499969,1
12405,1,5,439.9500122,1
12406,9,62,6507.3901635,0
12407,4,31,3169.65005508,2
12408,2,4,999.9500275,1
12409,4,48,3799.5600585,2
12410,5,21,1839.85002516,2
12411,7,43,3313.5400505,0
12412,4,25,2239.67003256,2
12413,8,37,3711.6001092,0
12414,5,31,3141.65007784,2
12415,4,35,2429.62002954,2
12416,3,20,2763.78006366,2
12417,2,6,979.8900299,1
12418,2,18,2567.7700348,2
12419,6,49,3655.5800743,0
12420,8,56,6674.29014407,0
12421,4,15,1409.8200340600001,2
12422,3,17,1259.82002634,2
12423,6,35,3589.6000671,2
12424,7,37,4659.66010672,0
12425,4,38,3037.67005544,2
12426,4,21,1654.83004002,2
12427,6,48,3851.63007362,0
12428,5,33,2739.61004646,2
12429,6,44,4214.51005546,0
12430,4,26,3279.69008644,2
12431,14,92,8073.15012784,0
12432,9,61,5234.20011908,0
12433,3,18,1409.79002378,2
12434,6,30,3084.78005982,2
12435,2,15,1329.8400421000001,1
12436,1,1,31.07999992,1
12437,1,1,31.07999992,1
12438,1,1,31.07999992,1
12440,1,1,31.07999992,1
12441,1,1,31.07999992,1
12442,1,1,31.07999992,1
12443,1,1,31.07999992,1
12444,1,1,31.07999992,1
12445,1,1,31.07999992,1
12446,1,1,31.07999992,1
12447,1,1,31.07999992,1
12448,1,1,31.07999992,1
12449,1,1,31.07999992,1
12450,1,1,31.07999992,1
12451,1,1,31.07999992,1
12452,1,1,31.07999992,1
12453,1,1,31.07999992,1
12454,1,1,31.07999992,1
12455,1,1,31.07999992,1
12456,1,1,31.07999992,1
12457,1,1,31.07999992,1
12458,1,1,31.07999992,1
12459,1,1,31.07999992,1
12460,1,1,31.07999992,1
12461,1,1,31.07999992,1
12462,1,1,31.07999992,1
12463,1,1,31.07999992,1
12464,1,1,31.07999992,1
12465,1,1,31.07999992,1
12466,1,1,31.07999992,1
12467,1,1,31.07999992,1
12468,1,1,31.07999992,1
12469,1,1,31.07999992,1
12470,1,1,31.07999992,1
12471,1,1,31.07999992,1
12472,1,1,31.07999992,1
12473,1,1,31.07999992,1
12474,1,1,31.07999992,1
12475,1,1,31.07999992,1
12476,1,1,31.07999992,1
12477,1,1,31.07999992,1
12478,1,1,31.07999992,1
12479,1,1,31.07999992,1
12480,1,1,31.07999992,1
12481,1,1,31.07999992,1
12482,1,1,31.07999992,1
12483,1,1,31.07999992,1
12484,1,1,31.07999992,1
12485,1,1,31.07999992,1
12486,1,1,31.07999992,1
12487,1,1,31.07999992,1
12488,1,1,31.07999992,1
12489,1,1,31.07999992,1
12490,1,1,31.07999992,1
12491,1,1,31.07999992,1
12492,1,1,31.07999992,1
12493,1,1,31.07999992,1
12494,1,1,31.07999992,1
12495,1,1,31.07999992,1
12496,1,1,31.07999992,1
12497,1,1,31.07999992,1
12498,1,1,31.07999992,1
12499,1,1,31.07999992,1
12500,1,1,31.07999992,1
12501,1,1,31.07999992,1
12502,1,1,31.07999992,1
12503,1,1,31.07999992,1
12504,1,1,31.07999992,1
12505,1,1,31.07999992,1
12506,1,1,31.07999992,1
12507,1,1,31.07999992,1
12508,1,1,31.07999992,1
12509,1,1,31.07999992,1
12510,1,1,31.07999992,1
12511,1,1,31.07999992,1
12512,1,1,31.07999992,1
12513,1,1,31.07999992,1
12514,1,1,31.07999992,1
12515,1,1,31.07999992,1
12516,1,1,31.07999992,1
12517,1,1,31.07999992,1
12518,1,1,31.07999992,1
12519,1,1,31.07999992,1
12520,1,1,31.07999992,1
12521,1,1,31.07999992,1
12522,1,1,31.07999992,1
12523,1,1,31.07999992,1
12524,1,1,31.07999992,1
12525,1,1,31.07999992,1
12526,1,1,31.07999992,1
12527,1,1,31.07999992,1
12528,1,1,31.07999992,1
12529,1,1,31.07999992,1
12530,1,1,31.07999992,1
12531,1,1,31.07999992,1
12532,1,1,31.07999992,1
12533,1,1,31.07999992,1
12534,1,1,31.07999992,1
12535,1,1,31.07999992,1
12536,1,1,31.07999992,1
12537,1,1,31.07999992,1
12538,1,1,31.07999992,1
12539,1,1,31.07999992,1
12540,1,1,31.07999992,1
12541,1,1,31.07999992,1
12542,1,1,31.07999992,1
12543,1,1,31.07999992,1
12544,1,1,31.07999992,1
12545,1,1,31.07999992,1
12546,1,1,31.07999992,1
12547,1,1,31.07999992,1
12548,1,1,31.07999992,1
12549,1,1,31.07999992,1
12550,1,1,31.07999992,1
12551,1,1,31.07999992,1
12552,1,1,31.07999992,1
12553,1,1,31.07999992,1
12554,1,1,31.07999992,1
12555,1,1,31.07999992,1
12556,1,1,31.07999992,1
12557,1,1,31.07999992,1
12558,1,1,31.07999992,1
12559,1,1,31.07999992,1
12560,1,1,31.07999992,1
12561,1,1,31.07999992,1
12562,1,1,31.07999992,1
12563,1,1,31.07999992,1
12564,1,1,31.07999992,1
12565,1,1,31.07999992,1
12566,1,1,31.07999992,1
12567,1,1,31.07999992,1
12568,1,1,31.07999992,1
12569,1,1,31.07999992,1
12570,1,1,31.07999992,1
12571,1,1,31.07999992,1
12572,1,1,31.07999992,1
12573,1,1,31.07999992,1
12574,1,1,31.07999992,1
12575,1,1,31.07999992,1
12576,1,1,31.07999992,1
12577,1,1,31.07999992,1
12578,1,1,31.07999992,1
12579,1,1,31.07999992,1
12580,1,1,31.07999992,1
12581,1,1,31.07999992,1
12582,1,1,31.07999992,1
12583,1,1,31.07999992,1
12584,1,1,31.07999992,1
12585,1,1,31.07999992,1
12586,1,1,31.07999992,1
12587,1,1,31.07999992,1
12588,1,1,31.07999992,1
12589,1,1,31.07999992,1
12590,1,1,31.07999992,1
12591,1,1,31.07999992,1
12592,1,1,31.07999992,1
12593,1,1,31.07999992,1
12594,1,1,31.07999992,1
12595,1,1,31.07999992,1
12596,1,1,31.07999992,1
12597,1,1,31.07999992,1
12598,1,1,31.07999992,1
12599,1,1,31.07999992,1
12600,1,1,31.07999992,1
12601,1,1,31.07999992,1
12602,1,1,31.07999992,1
12603,1,1,31.07999992,1
12604,1,1,31.07999992,1
12605,1,1,31.07999992,1
12606,1,1,31.07999992,1
12607,1,1,31.07999992,1
12608,1,1,31.07999992,1
12609,1,1,31.07999992,1
12610,1,1,31.07999992,1
12611,1,1,31.07999992,1
12612,1,1,31.07999992,1
12613,1,1,31.07999992,1
12614,1,1,31.07999992,1
12615,1,1,31.07999992,1
12616,1,1,31.07999992,1
12617,1,1,31.07999992,1
12618,1,1,31.07999992,1
12619,1,1,31.07999992,1
12620,1,1,31.07999992,1
12621,1,1,31.07999992,1
12622,1,1,31.07999992,1
12623,1,1,31.07999992,1
12624,1,1,31.07999992,1
12625,1,1,31.07999992,1
12626,1,1,31.07999992,1
12627,1,1,31.07999992,1
12628,1,1,31.07999992,1
12629,1,1,31.07999992,1
12630,1,1,31.07999992,1
12631,1,1,31.07999992,1
12632,1,1,31.07999992,1
12633,1,1,31.07999992,1
12634,1,1,31.07999992,1
12635,1,1,31.07999992,1
12636,1,1,31.07999992,1
12637,1,1,31.07999992,1
12638,1,1,31.07999992,1
12639,1,1,31.07999992,1
12640,1,1,31.07999992,1
12641,1,1,31.07999992,1
12642,1,1,31.07999992,1
12643,1,1,31.07999992,1
12644,1,1,31.07999992,1
12645,1,1,31.07999992,1
12646,1,1,31.07999992,1
12647,1,1,31.07999992,1
12648,1,1,31.07999992,1
12649,1,1,31.07999992,1
12650,1,1,31.07999992,1
12651,1,1,31.07999992,1
12652,1,1,31.07999992,1
12653,1,1,31.07999992,1
12654,1,1,31.07999992,1
12655,1,1,31.07999992,1
12656,1,1,31.07999992,1
12657,1,1,31.07999992,1
12658,1,1,31.07999992,1
12659,1,1,31.07999992,1
12660,1,1,31.07999992,1
12661,1,1,31.07999992,1
12662,1,1,31.07999992,1
12663,1,1,31.07999992,1
12664,1,1,31.07999992,1
12665,1,1,31.07999992,1
12666,1,1,31.07999992,1
12667,1,1,31.07999992,1
12668,1,1,31.07999992,1
12669,1,1,31.07999992,1
12670,1,1,31.07999992,1
12671,1,1,31.07999992,1
12672,1,1,31.07999992,1
12673,1,1,31.07999992,1
12674,1,1,31.07999992,1
12675,1,1,31.07999992,1
12676,1,1,31.07999992,1
12677,1,1,31.07999992,1
12678,1,1,31.07999992,1
12679,1,1,31.07999992,1
12680,1,1,31.07999992,1
12681,1,1,31.07999992,1
12682,1,1,31.07999992,1
12683,1,1,31.07999992,1
12684,1,1,31.07999992,1
12685,1,1,31.07999992,1
12686,1,1,31.07999992,1
12687,1,1,31.07999992,1
12688,1,1,31.07999992,1
12689,1,1,31.07999992,1
12690,1,1,31.07999992,1
12691,1,1,31.07999992,1
12692,1,1,31.07999992,1
12693,1,1,31.07999992,1
12694,1,1,31.07999992,1
12695,1,1,31.07999992,1
12696,1,1,31.07999992,1
12697,1,1,31.07999992,1
12698,1,1,31.07999992,1
12699,1,1,31.07999992,1
12700,1,1,31.07999992,1
12701,1,1,31.07999992,1
12702,1,1,31.07999992,1
12703,1,1,31.07999992,1
12704,1,1,31.07999992,1
12705,1,1,31.07999992,1
12706,1,1,31.07999992,1
12707,1,1,31.07999992,1
12708,1,1,31.07999992,1
12709,1,1,31.07999992,1
12710,1,1,31.07999992,1
12711,1,1,31.07999992,1
12712,1,1,31.07999992,1
12713,1,1,31.07999992,1
12714,1,1,31.07999992,1
12715,1,1,31.07999992,1
12716,1,1,31.07999992,1
12717,1,1,31.07999992,1
12718,1,1,31.07999992,1
12719,1,1,31.07999992,1
12720,1,1,31.07999992,1
12721,1,1,31.07999992,1
12722,1,1,31.07999992,1
12723,1,1,31.07999992,1
12724,1,1,31.07999992,1
12725,1,1,31.07999992,1
12726,1,1,31.07999992,1
12727,1,1,31.07999992,1
12728,1,1,31.07999992,1
12729,1,1,31.07999992,1
12730,1,1,31.07999992,1
12731,1,1,31.07999992,1
12732,1,1,31.07999992,1
12733,1,1,31.07999992,1
12734,1,1,31.07999992,1
12735,1,1,31.07999992,1
12736,1,1,31.07999992,1
12737,1,1,31.07999992,1
12738,1,1,31.07999992,1
12739,1,1,31.07999992,1
12740,1,1,31.07999992,1
12741,1,1,31.07999992,1
12742,1,1,31.07999992,1
12743,1,1,31.07999992,1
12744,1,1,31.07999992,1
12745,1,1,59.08000183,1
12746,1,1,59.08000183,1
12747,1,1,59.08000183,1
12748,1,1,59.08000183,1
12749,1,1,59.08000183,1
12750,1,1,59.08000183,1
12751,1,1,59.08000183,1
12752,1,1,59.08000183,1
12753,1,1,59.08000183,1
12754,1,1,59.08000183,1
12755,1,1,59.08000183,1
12756,1,1,59.08000183,1
12757,1,1,59.08000183,1
12758,1,1,59.08000183,1
12759,1,1,59.08000183,1
12760,1,1,59.08000183,1
12761,1,1,59.08000183,1
12762,1,1,59.08000183,1
12763,1,1,59.08000183,1
12764,1,1,59.08000183,1
12765,1,1,59.08000183,1
12766,1,1,59.08000183,1
12767,1,1,59.08000183,1
12768,1,1,59.08000183,1
12769,1,1,59.08000183,1
12770,1,1,59.08000183,1
12771,1,1,59.08000183,1
12772,1,1,59.08000183,1
12773,1,1,59.08000183,1
12774,1,1,59.08000183,1
12775,1,1,59.08000183,1
12776,1,1,59.08000183,1
12777,1,1,59.08000183,1
12778,1,1,59.08000183,1
12779,1,1,59.08000183,1
12780,1,1,59.08000183,1
12781,1,1,59.08000183,1
12782,1,1,59.08000183,1
12783,1,1,59.08000183,1
12784,1,1,59.08000183,1
12785,1,1,59.08000183,1
12786,1,1,59.08000183,1
12787,1,1,59.08000183,1
12788,1,1,59.08000183,1
12789,1,1,59.08000183,1
12790,1,1,59.08000183,1
12791,1,1,59.08000183,1
12792,1,1,59.08000183,1
12793,1,1,59.08000183,1
12794,1,1,59.08000183,1
12795,1,1,59.08000183,1
12796,1,1,59.08000183,1
12797,1,1,59.08000183,1
12798,1,1,59.08000183,1
12799,1,1,59.08000183,1
12800,1,1,59.08000183,1
12801,1,1,59.08000183,1
12802,1,1,59.08000183,1
12803,1,1,59.08000183,1
12804,1,1,59.08000183,1
12805,1,1,59.08000183,1
12806,1,1,59.08000183,1
12807,1,1,59.08000183,1
12808,1,1,59.08000183,1
12809,1,1,59.08000183,1
12810,1,1,59.08000183,1
12811,1,1,59.08000183,1
12812,1,1,59.08000183,1
12813,1,1,59.08000183,1
12814,1,1,59.08000183,1
12815,1,1,59.08000183,1
12816,1,1,59.08000183,1
12817,1,1,59.08000183,1
12818,1,1,59.08000183,1
12819,1,1,59.08000183,1
12820,1,1,59.08000183,1
12821,1,1,59.08000183,1
12822,1,1,59.08000183,1
12823,1,1,59.08000183,1
12824,1,1,59.08000183,1
12825,1,1,59.08000183,1
12826,1,1,59.08000183,1
12827,1,1,11.28999996,1
12828,1,1,11.28999996,1
12829,1,1,11.28999996,1
12830,1,1,11.28999996,1
12831,1,1,11.28999996,1
12832,1,1,11.28999996,1
12833,1,1,11.28999996,1
12834,1,1,11.28999996,1
12835,1,1,11.28999996,1
12836,1,1,11.28999996,1
12837,1,1,11.28999996,1
12838,1,1,11.28999996,1
12839,1,1,11.28999996,1
12840,1,1,11.28999996,1
12841,1,1,11.28999996,1
12842,1,1,11.28999996,1
12843,1,1,11.28999996,1
12844,1,1,11.28999996,1
12845,1,1,11.28999996,1
12846,1,1,11.28999996,1
12847,1,1,11.28999996,1
12848,1,1,11.28999996,1
12849,1,1,11.28999996,1
12850,1,1,11.28999996,1
12851,1,1,11.28999996,1
12852,1,1,11.28999996,1
12853,1,1,11.28999996,1
12854,1,1,11.28999996,1
12855,1,1,11.28999996,1
12856,1,1,11.28999996,1
12857,1,1,11.28999996,1
12858,1,1,11.28999996,1
12859,1,1,11.28999996,1
12860,1,1,11.28999996,1
12861,1,1,11.28999996,1
12862,1,1,11.28999996,1
12863,1,1,11.28999996,1
12864,1,1,11.28999996,1
12865,1,1,11.28999996,1
12866,1,1,11.28999996,1
12867,1,1,11.28999996,1
12868,1,1,11.28999996,1
12869,1,1,11.28999996,1
12870,1,1,11.28999996,1
12871,1,1,11.28999996,1
12872,1,1,11.28999996,1
12873,1,1,11.28999996,1
12874,1,1,11.28999996,1
12875,1,1,11.28999996,1
12876,1,1,11.28999996,1
12877,1,1,11.28999996,1
12878,1,1,11.28999996,1
12879,1,1,11.28999996,1
12880,1,1,11.28999996,1
12881,1,1,11.28999996,1
12882,1,1,11.28999996,1
12883,1,1,11.28999996,1
12884,1,1,11.28999996,1
12885,1,1,11.28999996,1
12886,1,1,11.28999996,1
12887,1,1,11.28999996,1
12888,1,1,11.28999996,1
12889,1,1,11.28999996,1
12890,1,1,11.28999996,1
12891,1,1,11.28999996,1
12892,1,1,11.28999996,1
12893,1,1,11.28999996,1
12894,1,1,11.28999996,1
12895,1,1,11.28999996,1
12896,1,1,11.28999996,1
12897,1,1,11.28999996,1
12898,1,1,11.28999996,1
12899,1,1,11.28999996,1
12900,1,1,11.28999996,1
12901,1,1,11.28999996,1
12902,1,1,11.28999996,1
12903,1,1,11.28999996,1
12904,1,1,11.28999996,1
12905,1,1,11.28999996,1
12906,1,1,11.28999996,1
12907,1,1,11.28999996,1
12908,1,1,11.28999996,1
12909,1,1,11.28999996,1
12910,1,1,11.28999996,1
12911,1,1,11.28999996,1
12912,1,1,11.28999996,1
12913,1,1,11.28999996,1
12914,1,1,11.28999996,1
12915,1,1,11.28999996,1
12916,1,1,11.28999996,1
12917,1,1,11.28999996,1
12918,1,1,11.28999996,1
12919,1,1,11.28999996,1
12920,1,1,11.28999996,1
12921,1,1,11.28999996,1
12922,1,1,11.28999996,1
12923,1,1,11.28999996,1
12924,1,1,11.28999996,1
12925,1,1,11.28999996,1
12926,1,1,11.28999996,1
12927,1,1,11.28999996,1
12928,1,1,11.28999996,1
12929,1,1,11.28999996,1
12930,1,1,11.28999996,1
12931,1,1,11.28999996,1
12932,1,1,11.28999996,1
12933,1,1,11.28999996,1
12934,1,1,11.28999996,1
12935,1,1,11.28999996,1
12936,1,1,11.28999996,1
12937,1,1,11.28999996,1
12938,1,1,11.28999996,1
12939,1,1,11.28999996,1
12940,1,1,11.28999996,1
12941,1,1,11.28999996,1
12942,1,1,11.28999996,1
12943,1,1,11.28999996,1
12944,1,1,11.28999996,1
12945,1,1,11.28999996,1
12946,1,1,11.28999996,1
12947,1,1,11.28999996,1
12948,1,1,11.28999996,1
12949,1,1,11.28999996,1
12950,1,1,11.28999996,1
12951,1,1,11.28999996,1
12952,1,1,11.28999996,1
12953,1,1,11.28999996,1
12954,1,1,11.28999996,1
12955,1,1,11.28999996,1
12956,1,1,11.28999996,1
12957,1,1,11.28999996,1
12958,1,1,11.28999996,1
12959,1,1,11.28999996,1
12960,1,1,452.0400085,1
12961,1,1,452.0400085,1
12962,1,1,452.0400085,1
12963,1,1,452.0400085,1
12964,1,1,452.0400085,1
12965,1,1,452.0400085,1
12966,1,1,452.0400085,1
12967,1,1,452.0400085,1
12968,1,1,452.0400085,1
12969,1,1,452.0400085,1
12970,1,1,452.0400085,1
12971,1,1,452.0400085,1
12972,1,1,452.0400085,1
12973,1,1,452.0400085,1
12974,1,1,452.0400085,1
12975,1,1,452.0400085,1
12976,1,1,452.0400085,1
12977,1,1,452.0400085,1
12978,1,1,452.0400085,1
12979,1,1,452.0400085,1
12980,1,1,452.0400085,1
12981,1,1,452.0400085,1
12982,1,1,452.0400085,1
12983,1,1,452.0400085,1
12984,1,1,452.0400085,1
12985,1,1,452.0400085,1
12986,1,1,452.0400085,1
12987,1,1,452.0400085,1
12988,1,1,452.0400085,1
12989,1,1,452.0400085,1
12990,1,1,452.0400085,1
12991,1,1,452.0400085,1
12992,1,1,452.0400085,1
12993,1,1,452.0400085,1
12994,1,1,452.0400085,1
12995,1,1,452.0400085,1
12996,1,1,452.0400085,1
12997,1,1,452.0400085,1
12998,1,1,452.0400085,1
12999,1,1,452.0400085,1
13000,1,1,452.0400085,1
13001,1,1,452.0400085,1
13002,1,1,452.0400085,1
13003,1,1,452.0400085,1
13004,1,1,452.0400085,1
13005,1,1,452.0400085,1
13006,1,1,452.0400085,1
13007,1,1,452.0400085,1
13008,1,1,452.0400085,1
13009,1,1,452.0400085,1
13010,1,1,452.0400085,1
13011,1,1,452.0400085,1
13012,1,1,452.0400085,1
13013,1,1,452.0400085,1
13014,1,1,452.0400085,1
13015,1,1,452.0400085,1
13016,1,1,452.0400085,1
13017,1,1,452.0400085,1
13018,1,1,452.0400085,1
13019,1,1,452.0400085,1
13020,1,1,452.0400085,1
13021,1,1,452.0400085,1
13022,1,1,452.0400085,1
13023,1,1,452.0400085,1
13024,1,1,452.0400085,1
13025,1,1,452.0400085,1
13026,1,1,452.0400085,1
13027,1,1,452.0400085,1
13028,1,1,452.0400085,1
13029,1,1,452.0400085,1
13030,1,1,452.0400085,1
13031,1,1,452.0400085,1
13032,1,1,452.0400085,1
13033,1,1,452.0400085,1
13034,1,1,452.0400085,1
13035,1,1,452.0400085,1
13036,1,1,452.0400085,1
13037,1,1,452.0400085,1
13038,1,1,452.0400085,1
13039,1,1,452.0400085,1
13040,1,1,452.0400085,1
13041,1,1,452.0400085,1
13042,1,1,452.0400085,1
13043,1,1,452.0400085,1
13044,1,1,452.0400085,1
13045,1,1,452.0400085,1
13046,1,1,452.0400085,1
13047,1,1,452.0400085,1
13048,1,1,452.0400085,1
13049,1,1,452.0400085,1
13050,1,1,452.0400085,1
13051,1,1,452.0400085,1
13052,1,1,452.0400085,1
13053,1,1,452.0400085,1
13054,1,1,452.0400085,1
13055,1,1,452.0400085,1
13056,1,1,452.0400085,1
13057,1,1,452.0400085,1
13058,1,1,452.0400085,1
13059,1,1,452.0400085,1
13060,1,1,452.0400085,1
13061,1,1,452.0400085,1
13062,1,1,452.0400085,1
13063,1,1,452.0400085,1
13064,1,1,452.0400085,1
13065,1,1,452.0400085,1
13066,1,1,452.0400085,1
13067,1,1,452.0400085,1
13068,1,1,452.0400085,1
13069,1,1,452.0400085,1
13070,1,1,452.0400085,1
13071,1,1,452.0400085,1
13072,1,1,452.0400085,1
13073,1,1,452.0400085,1
13074,1,1,452.0400085,1
13075,1,1,452.0400085,1
13076,1,1,452.0400085,1
13077,1,1,452.0400085,1
13078,1,1,452.0400085,1
13079,1,1,452.0400085,1
13080,1,1,452.0400085,1
13081,1,1,452.0400085,1
13082,1,1,452.0400085,1
13083,1,1,452.0400085,1
13084,1,1,452.0400085,1
13085,1,1,452.0400085,1
13086,1,1,452.0400085,1
13087,1,1,452.0400085,1
13088,1,1,452.0400085,1
13089,1,1,452.0400085,1
13090,1,1,452.0400085,1
13091,1,1,452.0400085,1
13092,1,1,452.0400085,1
13093,1,1,452.0400085,1
13094,1,1,452.0400085,1
13095,1,1,452.0400085,1
13096,1,1,452.0400085,1
13097,1,1,452.0400085,1
13098,1,1,452.0400085,1
13099,1,1,452.0400085,1
13100,1,1,452.0400085,1
13101,1,1,452.0400085,1
13102,1,1,452.0400085,1
13103,1,1,452.0400085,1
13104,1,1,452.0400085,1
13105,1,1,452.0400085,1
13106,1,1,452.0400085,1
13107,1,1,452.0400085,1
13108,1,1,452.0400085,1
13109,1,1,452.0400085,1
13110,1,1,452.0400085,1
13111,1,1,452.0400085,1
13112,1,1,452.0400085,1
13113,1,1,452.0400085,1
13114,1,1,452.0400085,1
13115,1,1,452.0400085,1
13116,1,1,452.0400085,1
13117,1,1,452.0400085,1
13118,1,1,452.0400085,1
13119,1,1,452.0400085,1
13120,1,1,452.0400085,1
13121,1,1,452.0400085,1
13122,1,1,452.0400085,1
13123,1,1,452.0400085,1
13124,1,1,452.0400085,1
13125,1,1,452.0400085,1
13126,1,1,452.0400085,1
13127,1,1,452.0400085,1
13128,1,1,452.0400085,1
13129,1,1,452.0400085,1
13130,1,1,452.0400085,1
13131,1,1,452.0400085,1
13132,1,1,452.0400085,1
13133,1,1,452.0400085,1
13134,1,1,452.0400085,1
13135,1,1,452.0400085,1
13136,1,1,452.0400085,1
13137,1,1,452.0400085,1
13138,1,1,452.0400085,1
13139,1,1,452.0400085,1
13140,1,1,452.0400085,1
13141,1,1,452.0400085,1
13142,1,1,452.0400085,1
13143,1,1,452.0400085,1
13144,1,1,452.0400085,1
13145,1,1,452.0400085,1
13146,1,1,452.0400085,1
13147,1,1,452.0400085,1
13148,1,1,452.0400085,1
13149,1,1,452.0400085,1
13150,1,1,452.0400085,1
13151,1,1,452.0400085,1
13152,1,1,452.0400085,1
13153,1,1,452.0400085,1
13154,1,1,452.0400085,1
13155,1,1,452.0400085,1
13156,1,1,452.0400085,1
13157,1,1,452.0400085,1
13158,1,1,452.0400085,1
13159,1,1,452.0400085,1
13160,1,1,452.0400085,1
13161,1,1,452.0400085,1
13162,1,1,452.0400085,1
13163,1,1,452.0400085,1
13164,1,1,452.0400085,1
13165,1,1,452.0400085,1
13166,1,1,452.0400085,1
13167,1,1,452.0400085,1
13168,1,1,452.0400085,1
13169,1,1,452.0400085,1
13170,1,1,452.0400085,1
13171,1,1,452.0400085,1
13172,1,1,452.0400085,1
13173,1,1,452.0400085,1
13174,1,1,452.0400085,1
13175,1,1,452.0400085,1
13176,1,1,452.0400085,1
13177,1,1,452.0400085,1
13178,1,1,452.0400085,1
13179,1,1,452.0400085,1
13180,1,1,452.0400085,1
13181,1,1,452.0400085,1
13182,1,1,452.0400085,1
13183,1,1,452.0400085,1
13184,1,1,452.0400085,1
13185,1,1,452.0400085,1
13186,1,1,452.0400085,1
13187,1,1,452.0400085,1
13188,1,1,452.0400085,1
13189,1,1,452.0400085,1
13190,1,1,452.0400085,1
13191,1,1,452.0400085,1
13192,1,1,452.0400085,1
13193,1,1,452.0400085,1
13194,1,1,452.0400085,1
13195,1,1,452.0400085,1
13196,1,1,452.0400085,1
13197,1,1,452.0400085,1
13198,1,1,452.0400085,1
13199,1,1,452.0400085,1
13200,1,1,452.0400085,1
13201,1,1,452.0400085,1
13202,1,1,452.0400085,1
13203,1,1,452.0400085,1
13204,1,1,452.0400085,1
13205,1,1,452.0400085,1
13206,1,1,452.0400085,1
13207,1,1,452.0400085,1
13208,1,1,452.0400085,1
13209,1,1,452.0400085,1
13210,1,1,452.0400085,1
13211,1,1,452.0400085,1
13212,1,1,452.0400085,1
13213,1,1,452.0400085,1
13214,1,1,452.0400085,1
13215,1,1,452.0400085,1
13216,1,1,452.0400085,1
13217,1,1,452.0400085,1
13218,1,1,452.0400085,1
13219,1,1,452.0400085,1
13220,1,1,452.0400085,1
13221,1,1,452.0400085,1
13222,1,1,452.0400085,1
13223,1,1,452.0400085,1
13224,1,1,452.0400085,1
13225,1,1,452.0400085,1
13226,1,1,452.0400085,1
13227,1,1,452.0400085,1
13228,1,1,452.0400085,1
13229,1,1,452.0400085,1
13230,1,1,452.0400085,1
13231,1,1,452.0400085,1
13232,1,1,452.0400085,1
13233,1,1,452.0400085,1
13234,1,1,452.0400085,1
13235,1,1,452.0400085,1
13236,1,1,452.0400085,1
13237,1,1,452.0400085,1
13238,1,1,452.0400085,1
13239,1,1,452.0400085,1
13240,1,1,452.0400085,1
13241,1,1,452.0400085,1
13242,1,1,452.0400085,1
13243,1,1,452.0400085,1
13244,1,1,452.0400085,1
13245,1,1,452.0400085,1
13246,1,1,452.0400085,1
13247,1,1,452.0400085,1
13248,1,1,452.0400085,1
13249,1,1,452.0400085,1
13250,1,1,452.0400085,1
13251,1,1,452.0400085,1
13252,1,1,452.0400085,1
13253,1,1,452.0400085,1
13254,1,1,452.0400085,1
13255,1,1,452.0400085,1
13256,1,1,452.0400085,1
13257,1,1,452.0400085,1
13258,1,1,452.0400085,1
13259,1,1,452.0400085,1
13260,1,1,452.0400085,1
13261,1,1,452.0400085,1
13262,1,1,452.0400085,1
13263,1,1,452.0400085,1
13264,1,1,452.0400085,1
13265,1,1,452.0400085,1
13266,1,1,452.0400085,1
13267,1,1,452.0400085,1
13268,1,1,452.0400085,1
13269,1,1,452.0400085,1
13270,1,1,452.0400085,1
13271,1,1,452.0400085,1
13272,1,1,452.0400085,1
13273,1,1,452.0400085,1
13274,1,1,452.0400085,1
13275,1,1,452.0400085,1
13276,1,1,452.0400085,1
13277,1,1,452.0400085,1
13278,1,1,452.0400085,1
13279,1,1,452.0400085,1
13280,1,1,452.0400085,1
13281,1,1,452.0400085,1
13282,1,1,452.0400085,1
13283,1,1,452.0400085,1
13284,1,1,452.0400085,1
13285,1,1,452.0400085,1
13286,1,1,452.0400085,1
13287,1,1,452.0400085,1
13288,1,1,452.0400085,1
13289,1,1,452.0400085,1
13290,1,1,452.0400085,1
13291,1,1,452.0400085,1
13292,1,1,452.0400085,1
13293,1,1,452.0400085,1
13294,1,1,452.0400085,1
13295,1,1,452.0400085,1
13296,1,1,452.0400085,1
13297,1,1,452.0400085,1
13298,1,1,452.0400085,1
13299,1,1,452.0400085,1
13300,1,1,452.0400085,1
13301,1,1,452.0400085,1
13302,1,1,452.0400085,1
13303,1,1,452.0400085,1
13304,1,1,452.0400085,1
13305,1,1,452.0400085,1
13306,1,1,452.0400085,1
13307,1,1,452.0400085,1
13308,1,1,452.0400085,1
13309,1,1,452.0400085,1
13310,1,1,452.0400085,1
13311,1,1,452.0400085,1
13312,1,1,452.0400085,1
13313,1,1,452.0400085,1
13314,1,1,452.0400085,1
13315,1,1,452.0400085,1
13316,1,1,452.0400085,1
13317,1,1,452.0400085,1
13318,1,1,452.0400085,1
13319,1,1,452.0400085,1
13320,1,1,452.0400085,1
13321,1,1,452.0400085,1
13322,1,1,452.0400085,1
13323,1,1,452.0400085,1
13324,1,1,452.0400085,1
13325,1,1,452.0400085,1
13326,1,1,452.0400085,1
13327,1,1,452.0400085,1
13328,1,1,452.0400085,1
13329,1,1,452.0400085,1
13330,1,1,452.0400085,1
13331,1,1,452.0400085,1
13332,1,1,452.0400085,1
13333,1,1,452.0400085,1
13334,1,1,452.0400085,1
13335,1,1,452.0400085,1
13336,1,1,452.0400085,1
13337,1,1,452.0400085,1
13338,1,1,452.0400085,1
13339,1,1,452.0400085,1
13340,1,1,452.0400085,1
13341,1,1,452.0400085,1
13342,1,1,452.0400085,1
13343,1,1,452.0400085,1
13344,1,1,452.0400085,1
13345,1,1,452.0400085,1
13346,1,1,452.0400085,1
13347,1,1,452.0400085,1
13348,1,1,452.0400085,1
13349,1,1,452.0400085,1
13350,1,1,452.0400085,1
13351,1,1,452.0400085,1
13352,1,1,452.0400085,1
13353,1,1,452.0400085,1
13354,1,1,452.0400085,1
13355,1,1,452.0400085,1
13356,1,1,452.0400085,1
13357,1,1,452.0400085,1
13358,1,1,452.0400085,1
13359,1,1,452.0400085,1
13360,1,1,452.0400085,1
13361,1,1,452.0400085,1
13362,1,1,452.0400085,1
13363,1,1,452.0400085,1
13364,1,1,452.0400085,1
13365,1,1,452.0400085,1
13366,1,1,452.0400085,1
13367,1,1,452.0400085,1
13368,1,1,452.0400085,1
13369,1,1,452.0400085,1
13370,1,1,452.0400085,1
13371,1,1,452.0400085,1
13372,1,1,452.0400085,1
13373,1,1,452.0400085,1
13374,1,1,452.0400085,1
13375,1,1,452.0400085,1
13376,1,1,452.0400085,1
13377,1,1,452.0400085,1
13378,1,1,452.0400085,1
13379,1,1,452.0400085,1
13380,1,1,452.0400085,1
13381,1,1,452.0400085,1
13382,1,1,452.0400085,1
13383,1,1,452.0400085,1
13384,1,1,452.0400085,1
13385,1,1,452.0400085,1
13386,1,1,452.0400085,1
13387,1,1,452.0400085,1
13388,1,1,452.0400085,1
13389,1,1,452.0400085,1
13390,1,1,452.0400085,1
13391,1,1,452.0400085,1
13392,1,1,452.0400085,1
13393,1,1,452.0400085,1
13394,1,1,452.0400085,1
13395,1,1,452.0400085,1
13396,1,1,452.0400085,1
13397,1,1,452.0400085,1
13398,1,1,452.0400085,1
13399,1,1,452.0400085,1
13400,1,1,452.0400085,1
13401,1,1,452.0400085,1
13402,1,1,452.0400085,1
13403,1,1,452.0400085,1
13404,1,1,452.0400085,1
13405,1,1,452.0400085,1
13406,1,1,452.0400085,1
13407,1,1,452.0400085,1
13408,1,1,452.0400085,1
13409,1,1,452.0400085,1
13410,1,1,452.0400085,1
13411,1,1,452.0400085,1
13412,1,1,452.0400085,1
13413,1,1,452.0400085,1
13414,1,1,452.0400085,1
13415,1,1,452.0400085,1
13416,1,1,452.0400085,1
13417,1,1,452.0400085,1
13418,1,1,452.0400085,1
13419,1,1,452.0400085,1
13420,1,1,452.0400085,1
13421,1,1,452.0400085,1
13422,1,1,452.0400085,1
13423,1,1,452.0400085,1
13424,1,1,452.0400085,1
13425,1,1,452.0400085,1
13426,1,1,452.0400085,1
13427,1,1,452.0400085,1
13428,1,1,452.0400085,1
13429,1,1,452.0400085,1
13430,1,1,452.0400085,1
13431,1,1,452.0400085,1
13432,1,1,452.0400085,1
13433,1,1,452.0400085,1
13434,1,1,452.0400085,1
13435,1,1,452.0400085,1
13436,1,1,452.0400085,1
13437,1,1,452.0400085,1
13438,1,1,452.0400085,1
13439,1,1,452.0400085,1
13440,1,1,452.0400085,1
13441,1,1,452.0400085,1
13442,1,1,452.0400085,1
13443,1,1,452.0400085,1
13444,1,1,452.0400085,1
13445,1,1,452.0400085,1
13446,1,1,452.0400085,1
13447,1,1,452.0400085,1
13448,1,1,452.0400085,1
13449,1,1,452.0400085,1
13450,1,1,452.0400085,1
13451,1,1,452.0400085,1
13452,1,1,452.0400085,1
13453,1,1,452.0400085,1
13454,1,1,452.0400085,1
13455,1,1,452.0400085,1
13456,1,1,452.0400085,1
13457,1,1,452.0400085,1
13458,1,1,452.0400085,1
13459,1,1,452.0400085,1
13460,1,1,452.0400085,1
13461,1,1,452.0400085,1
13462,1,1,452.0400085,1
13463,1,1,452.0400085,1
13464,1,1,452.0400085,1
13465,1,1,452.0400085,1
13466,1,1,452.0400085,1
13467,1,1,452.0400085,1
13468,1,1,452.0400085,1
13469,1,1,452.0400085,1
13470,1,1,452.0400085,1
13471,1,1,452.0400085,1
13472,1,1,452.0400085,1
13473,1,1,452.0400085,1
13474,1,1,452.0400085,1
13475,1,1,452.0400085,1
13476,1,1,452.0400085,1
13477,1,1,452.0400085,1
13478,1,1,452.0400085,1
13479,1,1,452.0400085,1
13480,1,1,452.0400085,1
13481,1,1,452.0400085,1
13482,1,1,452.0400085,1
13483,1,1,452.0400085,1
13484,1,1,452.0400085,1
13485,1,1,452.0400085,1
13486,1,1,452.0400085,1
13487,1,1,452.0400085,1
13488,1,1,452.0400085,1
13489,1,1,452.0400085,1
13490,1,1,452.0400085,1
13491,1,1,452.0400085,1
13492,1,1,452.0400085,1
13493,1,1,452.0400085,1
13494,1,1,452.0400085,1
13495,1,1,452.0400085,1
13496,1,1,452.0400085,1
13497,1,1,452.0400085,1
13498,1,1,452.0400085,1
13499,1,1,452.0400085,1
13500,1,1,452.0400085,1
13501,1,1,452.0400085,1
13502,1,1,452.0400085,1
13503,1,1,452.0400085,1
13504,1,1,452.0400085,1
13505,1,1,452.0400085,1
13506,1,1,452.0400085,1
13507,1,1,452.0400085,1
13508,1,1,452.0400085,1
13509,1,1,452.0400085,1
13510,1,1,452.0400085,1
13511,1,1,452.0400085,1
13512,1,1,452.0400085,1
13513,1,1,452.0400085,1
13514,1,1,452.0400085,1
13515,1,1,452.0400085,1
13516,1,1,452.0400085,1
13517,1,1,452.0400085,1
13518,1,1,452.0400085,1
13519,1,1,452.0400085,1
13520,1,1,452.0400085,1
13521,1,1,452.0400085,1
13522,1,1,452.0400085,1
13523,1,1,452.0400085,1
13524,1,1,452.0400085,1
13525,1,1,452.0400085,1
13526,1,1,452.0400085,1
13527,1,1,452.0400085,1
13528,1,1,452.0400085,1
13529,1,1,452.0400085,1
13530,1,1,452.0400085,1
13531,1,1,452.0400085,1
13532,1,1,452.0400085,1
13533,1,1,452.0400085,1
13534,1,1,452.0400085,1
13535,1,1,357.1000061,1
13536,1,1,357.1000061,1
13537,1,1,357.1000061,1
13538,1,1,357.1000061,1
13539,1,1,357.1000061,1
13540,1,1,357.1000061,1
13541,1,1,357.1000061,1
13542,1,1,357.1000061,1
13543,1,1,357.1000061,1
13544,1,1,357.1000061,1
13545,1,1,357.1000061,1
13546,1,1,357.1000061,1
13547,1,1,357.1000061,1
13548,1,1,357.1000061,1
13549,1,1,357.1000061,1
13550,1,1,357.1000061,1
13551,1,1,357.1000061,1
13552,1,1,357.1000061,1
13553,1,1,357.1000061,1
13554,1,1,357.1000061,1
13555,1,1,357.1000061,1
13556,1,1,357.1000061,1
13557,1,1,357.1000061,1
13558,1,1,357.1000061,1
13559,1,1,357.1000061,1
13560,1,1,357.1000061,1
13561,1,1,357.1000061,1
13562,1,1,357.1000061,1
13563,1,1,357.1000061,1
13564,1,1,357.1000061,1
13565,1,1,357.1000061,1
13566,1,1,357.1000061,1
13567,1,1,357.1000061,1
13568,1,1,357.1000061,1
13569,1,1,357.1000061,1
13570,1,1,357.1000061,1
13571,1,1,357.1000061,1
13572,1,1,357.1000061,1
13573,1,1,357.1000061,1
13574,1,1,357.1000061,1
13575,1,1,357.1000061,1
13576,1,1,357.1000061,1
13577,1,1,357.1000061,1
13578,1,1,357.1000061,1
13579,1,1,357.1000061,1
13580,1,1,357.1000061,1
13581,1,1,357.1000061,1
13582,1,1,357.1000061,1
13583,1,1,357.1000061,1
13584,1,1,357.1000061,1
13585,1,1,357.1000061,1
13586,1,1,357.1000061,1
13587,1,1,357.1000061,1
13588,1,1,357.1000061,1
13589,1,1,357.1000061,1
13590,1,1,357.1000061,1
13591,1,1,357.1000061,1
13592,1,1,357.1000061,1
13593,1,1,357.1000061,1
13594,1,1,357.1000061,1
13595,1,1,357.1000061,1
13596,1,1,357.1000061,1
13597,1,1,357.1000061,1
13598,1,1,357.1000061,1
13599,1,1,357.1000061,1
13600,1,1,357.1000061,1
13601,1,1,357.1000061,1
13602,1,1,357.1000061,1
13603,1,1,357.1000061,1
13604,1,1,357.1000061,1
13605,1,1,357.1000061,1
13606,1,1,357.1000061,1
13607,1,1,357.1000061,1
13608,1,1,357.1000061,1
13609,1,1,357.1000061,1
13610,1,1,357.1000061,1
13611,1,1,357.1000061,1
13612,1,1,357.1000061,1
13613,1,1,357.1000061,1
13614,1,1,357.1000061,1
13615,1,1,357.1000061,1
13616,1,1,357.1000061,1
13617,1,1,357.1000061,1
13618,1,1,357.1000061,1
13619,1,1,357.1000061,1
13620,1,1,357.1000061,1
13621,1,1,357.1000061,1
13622,1,1,357.1000061,1
13623,1,1,357.1000061,1
13624,1,1,357.1000061,1
13625,1,1,357.1000061,1
13626,1,1,357.1000061,1
13627,1,1,357.1000061,1
13628,1,1,357.1000061,1
13629,1,1,357.1000061,1
13630,1,1,357.1000061,1
13631,1,1,357.1000061,1
13632,1,1,357.1000061,1
13633,1,1,357.1000061,1
13634,1,1,357.1000061,1
13635,1,1,357.1000061,1
13636,1,1,357.1000061,1
13637,1,1,357.1000061,1
13638,1,1,357.1000061,1
13639,1,1,357.1000061,1
13640,1,1,357.1000061,1
13641,1,1,357.1000061,1
13642,1,1,357.1000061,1
13643,1,1,357.1000061,1
13644,1,1,357.1000061,1
13645,1,1,357.1000061,1
13646,1,1,357.1000061,1
13647,1,1,357.1000061,1
13648,1,1,357.1000061,1
13649,1,1,357.1000061,1
13650,1,1,357.1000061,1
13651,1,1,357.1000061,1
13652,1,1,357.1000061,1
13653,1,1,357.1000061,1
13654,1,1,357.1000061,1
13655,1,1,357.1000061,1
13656,1,1,357.1000061,1
13657,1,1,357.1000061,1
13658,1,1,357.1000061,1
13659,1,1,357.1000061,1
13660,1,1,357.1000061,1
13661,1,1,357.1000061,1
13662,1,1,357.1000061,1
13663,1,1,357.1000061,1
13664,1,1,357.1000061,1
13665,1,1,357.1000061,1
13666,1,1,357.1000061,1
13667,1,1,357.1000061,1
13668,1,1,357.1000061,1
13669,1,1,357.1000061,1
13670,1,1,357.1000061,1
13671,1,1,357.1000061,1
13672,1,1,357.1000061,1
13673,1,1,357.1000061,1
13674,1,1,357.1000061,1
13675,1,1,357.1000061,1
13676,1,1,357.1000061,1
13677,1,1,357.1000061,1
13678,1,1,357.1000061,1
13679,1,1,357.1000061,1
13680,1,1,357.1000061,1
13681,1,1,357.1000061,1
13682,1,1,357.1000061,1
13683,1,1,357.1000061,1
13684,1,1,357.1000061,1
13685,1,1,357.1000061,1
13686,1,1,357.1000061,1
13687,1,1,357.1000061,1
13688,1,1,357.1000061,1
13689,1,1,357.1000061,1
13690,1,1,357.1000061,1
13691,1,1,357.1000061,1
13692,1,1,357.1000061,1
13693,1,1,357.1000061,1
13694,1,1,357.1000061,1
13695,1,1,357.1000061,1
13696,1,1,357.1000061,1
13697,1,1,357.1000061,1
13698,1,1,357.1000061,1
13699,1,1,357.1000061,1
13700,1,1,357.1000061,1
13701,1,1,357.1000061,1
13702,1,1,357.1000061,1
13703,1,1,357.1000061,1
13704,1,1,357.1000061,1
13705,1,1,357.1000061,1
13706,1,1,357.1000061,1
13707,1,1,357.1000061,1
13708,1,1,357.1000061,1
13709,1,1,357.1000061,1
13710,1,1,357.1000061,1
13711,1,1,357.1000061,1
13712,1,1,357.1000061,1
13713,1,1,357.1000061,1
13714,1,1,357.1000061,1
13715,1,1,357.1000061,1
13716,1,1,357.1000061,1
13717,1,1,357.1000061,1
13718,1,1,357.1000061,1
13719,1,1,357.1000061,1
13720,1,1,357.1000061,1
13721,1,1,357.1000061,1
13722,1,1,357.1000061,1
13723,1,1,357.1000061,1
13724,1,1,357.1000061,1
13725,1,1,357.1000061,1
13726,1,1,357.1000061,1
13727,1,1,357.1000061,1
13728,1,1,357.1000061,1
13729,1,1,357.1000061,1
13730,1,1,357.1000061,1
13731,1,1,357.1000061,1
13732,1,1,357.1000061,1
13733,1,1,357.1000061,1
13734,1,1,357.1000061,1
13735,1,1,357.1000061,1
13736,1,1,357.1000061,1
13737,1,1,357.1000061,1
13738,1,1,357.1000061,1
13739,1,1,357.1000061,1
13740,1,1,357.1000061,1
13741,1,1,357.1000061,1
13742,1,1,357.1000061,1
13743,1,1,357.1000061,1
13744,1,1,357.1000061,1
13745,1,1,357.1000061,1
13746,1,1,357.1000061,1
13747,1,1,357.1000061,1
13748,1,1,357.1000061,1
13749,1,1,357.1000061,1
13750,1,1,357.1000061,1
13751,1,1,357.1000061,1
13752,1,1,357.1000061,1
13753,1,1,357.1000061,1
13754,1,1,357.1000061,1
13755,1,1,357.1000061,1
13756,1,1,357.1000061,1
13757,1,1,357.1000061,1
13758,1,1,357.1000061,1
13759,1,1,357.1000061,1
13760,1,1,357.1000061,1
13761,1,1,357.1000061,1
13762,1,1,357.1000061,1
13763,1,1,357.1000061,1
13764,1,1,357.1000061,1
13765,1,1,357.1000061,1
13766,1,1,357.1000061,1
13767,1,1,357.1000061,1
13768,1,1,357.1000061,1
13769,1,1,357.1000061,1
13770,1,1,357.1000061,1
13771,1,1,357.1000061,1
13772,1,1,357.1000061,1
13773,1,1,357.1000061,1
13774,1,1,357.1000061,1
13775,1,1,357.1000061,1
13776,1,1,357.1000061,1
13777,1,1,357.1000061,1
13778,1,1,357.1000061,1
13779,1,1,357.1000061,1
13780,1,1,357.1000061,1
13781,1,1,357.1000061,1
13782,1,1,357.1000061,1
13783,1,1,357.1000061,1
13784,1,1,357.1000061,1
13785,1,1,357.1000061,1
13786,1,1,357.1000061,1
13787,1,1,357.1000061,1
13788,1,1,357.1000061,1
13789,1,1,357.1000061,1
13790,1,1,357.1000061,1
13791,1,1,357.1000061,1
13792,1,1,357.1000061,1
13793,1,1,357.1000061,1
13794,1,1,357.1000061,1
13795,1,1,357.1000061,1
13796,1,1,357.1000061,1
13797,1,1,357.1000061,1
13798,1,1,357.1000061,1
13799,1,1,357.1000061,1
13800,1,1,357.1000061,1
13801,1,1,357.1000061,1
13802,1,1,357.1000061,1
13803,1,1,357.1000061,1
13804,1,1,357.1000061,1
13805,1,1,357.1000061,1
13806,1,1,357.1000061,1
13807,1,1,357.1000061,1
13808,1,1,357.1000061,1
13809,1,1,357.1000061,1
13810,1,1,357.1000061,1
13811,1,1,357.1000061,1
13812,1,1,357.1000061,1
13813,1,1,357.1000061,1
13814,1,1,357.1000061,1
13815,1,1,357.1000061,1
13816,1,1,357.1000061,1
13817,1,1,357.1000061,1
13818,1,1,357.1000061,1
13819,1,1,357.1000061,1
13820,1,1,357.1000061,1
13821,1,1,357.1000061,1
13822,1,1,357.1000061,1
13823,1,1,357.1000061,1
13824,1,1,357.1000061,1
13825,1,1,357.1000061,1
13826,1,1,357.1000061,1
13827,1,1,357.1000061,1
13828,1,1,357.1000061,1
13829,1,1,357.1000061,1
13830,1,1,357.1000061,1
13831,1,1,357.1000061,1
13832,1,1,357.1000061,1
13833,1,1,357.1000061,1
13834,1,1,357.1000061,1
13835,1,1,357.1000061,1
13836,1,1,357.1000061,1
13837,1,1,357.1000061,1
13838,1,1,357.1000061,1
13839,1,1,357.1000061,1
13840,1,1,357.1000061,1
13841,1,1,357.1000061,1
13842,1,1,357.1000061,1
13843,1,1,357.1000061,1
13844,1,1,357.1000061,1
13845,1,1,357.1000061,1
13846,1,1,357.1000061,1
13847,1,1,357.1000061,1
13848,1,1,357.1000061,1
13849,1,1,357.1000061,1
13850,1,1,357.1000061,1
13851,1,1,357.1000061,1
13852,1,1,357.1000061,1
13853,1,1,357.1000061,1
13854,1,1,357.1000061,1
13855,1,1,357.1000061,1
13856,1,1,357.1000061,1
13857,1,1,357.1000061,1
13858,1,1,357.1000061,1
13859,1,1,357.1000061,1
13860,1,1,357.1000061,1
13861,1,1,357.1000061,1
13862,1,1,357.1000061,1
13863,1,1,357.1000061,1
13864,1,1,357.1000061,1
13865,1,1,357.1000061,1
13866,1,1,357.1000061,1
13867,1,1,357.1000061,1
13868,1,1,357.1000061,1
13869,1,1,357.1000061,1
13870,1,1,357.1000061,1
13871,1,1,357.1000061,1
13872,1,1,357.1000061,1
13873,1,1,357.1000061,1
13874,1,1,357.1000061,1
13875,1,1,357.1000061,1
13876,1,1,357.1000061,1
13877,1,1,357.1000061,1
13878,1,1,357.1000061,1
13879,1,1,357.1000061,1
13880,1,1,357.1000061,1
13881,1,1,357.1000061,1
13882,1,1,357.1000061,1
13883,1,1,357.1000061,1
13884,1,1,357.1000061,1
13885,1,1,357.1000061,1
13886,1,1,357.1000061,1
13887,1,1,357.1000061,1
13888,1,1,357.1000061,1
13889,1,1,357.1000061,1
13890,1,1,357.1000061,1
13891,1,1,357.1000061,1
13892,1,1,357.1000061,1
13893,1,1,357.1000061,1
13894,1,1,357.1000061,1
13895,1,1,357.1000061,1
13896,1,1,357.1000061,1
13897,1,1,357.1000061,1
13898,1,1,357.1000061,1
13899,1,1,357.1000061,1
13900,1,1,357.1000061,1
13901,1,1,357.1000061,1
13902,1,1,357.1000061,1
13903,1,1,357.1000061,1
13904,1,1,357.1000061,1
13905,1,1,357.1000061,1
13906,1,1,357.1000061,1
13907,1,1,357.1000061,1
13908,1,1,357.1000061,1
13909,1,1,357.1000061,1
13910,1,1,357.1000061,1
13911,1,1,357.1000061,1
13912,1,1,357.1000061,1
13913,1,1,357.1000061,1
13914,1,1,357.1000061,1
13915,1,1,357.1000061,1
13916,1,1,357.1000061,1
13917,1,1,357.1000061,1
13918,1,1,357.1000061,1
13919,1,1,357.1000061,1
13920,1,1,357.1000061,1
13921,1,1,357.1000061,1
13922,1,1,357.1000061,1
13923,1,1,357.1000061,1
13924,1,1,357.1000061,1
13925,1,1,357.1000061,1
13926,1,1,357.1000061,1
13927,1,1,357.1000061,1
13928,1,1,357.1000061,1
13929,1,1,357.1000061,1
13930,1,1,357.1000061,1
13931,1,1,357.1000061,1
13932,1,1,357.1000061,1
13933,1,1,357.1000061,1
13934,1,1,357.1000061,1
13935,1,1,357.1000061,1
13936,1,1,357.1000061,1
13937,1,1,357.1000061,1
13938,1,1,357.1000061,1
13939,1,1,357.1000061,1
13940,1,1,357.1000061,1
13941,1,1,357.1000061,1
13942,1,1,357.1000061,1
13943,1,1,357.1000061,1
13944,1,1,357.1000061,1
13945,1,1,357.1000061,1
13946,1,1,357.1000061,1
13947,1,1,357.1000061,1
13948,1,1,357.1000061,1
13949,1,1,357.1000061,1
13950,1,1,357.1000061,1
13951,1,1,357.1000061,1
13952,1,1,357.1000061,1
13953,1,1,357.1000061,1
13954,1,1,357.1000061,1
13955,1,1,357.1000061,1
13956,1,1,357.1000061,1
13957,1,1,357.1000061,1
13958,1,1,357.1000061,1
13959,1,1,357.1000061,1
13960,1,1,357.1000061,1
13961,1,1,357.1000061,1
13962,1,1,357.1000061,1
13963,1,1,357.1000061,1
13964,1,1,357.1000061,1
13965,1,1,357.1000061,1
13966,1,1,357.1000061,1
13967,1,1,357.1000061,1
13968,1,1,357.1000061,1
13969,1,1,357.1000061,1
13970,1,1,357.1000061,1
13971,1,1,357.1000061,1
13972,1,1,357.1000061,1
13973,1,1,357.1000061,1
13974,1,1,357.1000061,1
13975,1,1,357.1000061,1
13976,1,1,357.1000061,1
13977,1,1,357.1000061,1
13978,1,1,357.1000061,1
13979,1,1,357.1000061,1
13980,1,1,357.1000061,1
13981,1,1,357.1000061,1
13982,1,1,357.1000061,1
13983,1,1,357.1000061,1
13984,1,1,357.1000061,1
13985,1,1,357.1000061,1
13986,1,1,357.1000061,1
13987,1,1,357.1000061,1
13988,1,1,357.1000061,1
13989,1,1,357.1000061,1
13990,1,1,357.1000061,1
13991,1,1,357.1000061,1
13992,1,1,357.1000061,1
13993,1,1,357.1000061,1
13994,1,1,357.1000061,1
13995,1,1,357.1000061,1
13996,1,1,357.1000061,1
13997,1,1,357.1000061,1
13998,1,1,357.1000061,1
13999,1,1,357.1000061,1
14000,1,1,357.1000061,1
14001,1,1,357.1000061,1
14002,1,1,357.1000061,1
14003,1,1,357.1000061,1
14004,1,1,357.1000061,1
14005,1,1,357.1000061,1
14006,1,1,357.1000061,1
14007,1,1,357.1000061,1
14008,1,1,357.1000061,1
14009,1,1,357.1000061,1
14010,1,1,357.1000061,1
14011,1,1,357.1000061,1
14012,1,1,357.1000061,1
14013,1,1,357.1000061,1
14014,1,1,357.1000061,1
14015,1,1,357.1000061,1
14016,1,1,357.1000061,1
14017,1,1,357.1000061,1
14018,1,1,357.1000061,1
14019,1,1,357.1000061,1
14020,1,1,357.1000061,1
14021,1,1,357.1000061,1
14022,1,1,357.1000061,1
14023,1,1,357.1000061,1
14024,1,1,357.1000061,1
14025,1,1,357.1000061,1
14026,1,1,357.1000061,1
14027,1,1,357.1000061,1
14028,1,1,357.1000061,1
14029,1,1,357.1000061,1
14030,1,1,357.1000061,1
14031,1,1,357.1000061,1
14032,1,1,357.1000061,1
14033,1,1,357.1000061,1
14034,1,1,357.1000061,1
14035,1,1,357.1000061,1
14036,1,1,357.1000061,1
14037,1,1,357.1000061,1
14038,1,1,357.1000061,1
14039,1,1,357.1000061,1
14040,1,1,357.1000061,1
14041,1,1,357.1000061,1
14042,1,1,357.1000061,1
14043,1,1,357.1000061,1
14044,1,1,357.1000061,1
14045,1,1,357.1000061,1
14046,1,1,357.1000061,1
14047,1,1,357.1000061,1
14048,1,1,357.1000061,1
14049,1,1,357.1000061,1
14050,1,1,357.1000061,1
14051,1,1,357.1000061,1
14052,1,1,357.1000061,1
14053,1,1,357.1000061,1
14054,1,1,357.1000061,1
14055,1,1,357.1000061,1
14056,1,1,357.1000061,1
14057,1,1,1500.0,1
14058,1,1,1500.0,1
14059,1,1,1500.0,1
14060,1,1,1500.0,1
14061,1,1,1500.0,1
14062,1,1,1500.0,1
14063,1,1,1500.0,1
14064,1,1,1500.0,1
14065,1,1,1500.0,1
14066,1,1,1500.0,1
14067,1,1,1500.0,1
14068,1,1,1500.0,1
14069,1,1,1500.0,1
14070,1,1,1500.0,1
14071,1,1,1500.0,1
14072,1,1,1500.0,1
14073,1,1,1500.0,1
14074,1,1,1500.0,1
14075,1,1,1500.0,1
14076,1,1,1500.0,1
14077,1,1,1500.0,1
14078,1,1,1500.0,1
14079,1,1,1500.0,1
14080,1,1,1500.0,1
14081,1,1,1500.0,1
14082,1,1,1500.0,1
14083,1,1,1500.0,1
14084,1,1,1500.0,1
14085,1,1,1500.0,1
14086,1,1,1500.0,1
14087,1,1,1500.0,1
14088,1,1,1500.0,1
14089,1,1,1500.0,1
14090,1,1,1500.0,1
14091,1,1,1500.0,1
14092,1,1,1500.0,1
14093,1,1,1500.0,1
14094,1,1,1500.0,1
14095,1,1,1500.0,1
14096,1,1,1500.0,1
14097,1,1,1500.0,1
14098,1,1,1500.0,1
14099,1,1,1500.0,1
14100,1,1,1500.0,1
14101,1,1,1500.0,1
14102,1,1,1500.0,1
14103,1,1,1500.0,1
14104,1,1,1500.0,1
14105,1,1,1500.0,1
14106,1,1,1500.0,1
14107,1,1,1500.0,1
14108,1,1,1500.0,1
14109,1,1,1500.0,1
14110,1,1,1500.0,1
14111,1,1,1500.0,1
14112,1,1,1500.0,1
14113,1,1,1500.0,1
14114,1,1,1500.0,1
14115,1,1,1500.0,1
14116,1,1,1500.0,1
14117,1,1,1500.0,1
14118,1,1,1500.0,1
14119,1,1,1500.0,1
14120,1,1,1500.0,1
14121,1,1,1500.0,1
14122,1,1,1500.0,1
14123,1,1,1500.0,1
14124,1,1,1500.0,1
14125,1,1,1500.0,1
14126,1,1,1500.0,1
14127,1,1,1500.0,1
14128,1,1,1500.0,1
14129,1,1,1500.0,1
14130,1,1,1500.0,1
14131,1,1,1500.0,1
14132,1,1,1500.0,1
14133,1,1,1500.0,1
14134,1,1,1500.0,1
14135,1,1,1500.0,1
14136,1,1,1500.0,1
14137,1,1,1500.0,1
14138,1,1,1500.0,1
14139,1,1,1500.0,1
14140,1,1,1500.0,1
14141,1,1,1500.0,1
14142,1,1,1500.0,1
14143,1,1,1500.0,1
14144,1,1,1500.0,1
14145,1,1,1500.0,1
14146,1,1,1500.0,1
14147,1,1,1500.0,1
14148,1,1,1500.0,1
14149,1,1,1500.0,1
14150,1,1,1500.0,1
14151,1,1,1500.0,1
14152,1,1,1500.0,1
14153,1,1,1500.0,1
14154,1,1,1500.0,1
14155,1,1,1500.0,1
14156,1,1,1500.0,1
14157,1,1,1500.0,1
14158,1,1,1500.0,1
14159,1,1,1500.0,1
14160,1,1,1500.0,1
14161,1,1,1500.0,1
14162,1,1,1500.0,1
14163,1,1,1500.0,1
14164,1,1,1500.0,1
14165,1,1,1500.0,1
14166,1,1,1500.0,1
14167,1,1,1500.0,1
14168,1,1,1500.0,1
14169,1,1,1500.0,1
14170,1,1,1500.0,1
14171,1,1,1500.0,1
14172,1,1,1500.0,1
14173,1,1,1500.0,1
14174,1,1,1500.0,1
14175,1,1,1500.0,1
14176,1,1,1500.0,1
14177,1,1,1500.0,1
14178,1,1,1500.0,1
14179,1,1,1500.0,1
14180,1,1,1500.0,1
14181,1,1,1500.0,1
14182,1,1,1500.0,1
14183,1,1,1500.0,1
14184,1,1,1500.0,1
14185,1,1,1500.0,1
14186,1,1,1500.0,1
14187,1,1,1500.0,1
14188,1,1,1500.0,1
14189,1,1,1500.0,1
14190,1,1,1500.0,1
14191,1,1,1500.0,1
14192,1,1,1500.0,1
14193,1,1,1500.0,1
14194,1,1,1500.0,1
14195,1,1,1500.0,1
14196,1,1,1500.0,1
14197,1,1,1500.0,1
14198,1,1,1500.0,1
14199,1,1,1500.0,1
14200,1,1,1500.0,1
14201,1,1,1500.0,1
14202,1,1,1500.0,1
14203,1,1,1500.0,1
14204,1,1,1500.0,1
14205,1,1,1500.0,1
14206,1,1,1500.0,1
14207,1,1,1500.0,1
14208,1,1,1500.0,1
14209,1,1,1500.0,1
14210,1,1,1500.0,1
14211,1,1,1500.0,1
14212,1,1,1500.0,1
14213,1,1,1500.0,1
14214,1,1,1500.0,1
14215,1,1,1500.0,1
14216,1,1,1500.0,1
14217,1,1,1500.0,1
14218,1,1,1500.0,1
14219,1,1,1500.0,1
14220,1,1,1500.0,1
14221,1,1,1500.0,1
14222,1,1,1500.0,1
14223,1,1,1500.0,1
14224,1,1,1500.0,1
14225,1,1,1500.0,1
14226,1,1,1500.0,1
14227,1,1,1500.0,1
14228,1,1,1500.0,1
14229,1,1,1500.0,1
14230,1,1,1500.0,1
14231,1,1,1500.0,1
14232,1,1,1500.0,1
14233,1,1,1500.0,1
14234,1,1,1500.0,1
14235,1,1,1500.0,1
14236,1,1,1500.0,1
14237,1,1,1500.0,1
14238,1,1,1500.0,1
14239,1,1,1500.0,1
14240,1,1,1500.0,1
14241,1,1,1500.0,1
14242,1,1,1500.0,1
14243,1,1,1500.0,1
14244,1,1,1500.0,1
14245,1,1,1500.0,1
14246,1,1,1500.0,1
14247,1,1,1500.0,1
14248,1,1,1500.0,1
14249,1,1,1500.0,1
14250,1,1,1500.0,1
14251,1,1,1500.0,1
14252,1,1,1500.0,1
14253,1,1,1500.0,1
14254,1,1,1500.0,1
14255,1,1,1500.0,1
14256,1,1,1500.0,1
14257,1,1,1500.0,1
14258,1,1,1500.0,1
14259,1,1,1500.0,1
14260,1,1,1500.0,1
14261,1,1,1500.0,1
14262,1,1,1500.0,1
14263,1,1,1500.0,1
14264,1,1,1500.0,1
14265,1,1,1500.0,1
14266,1,1,1500.0,1
14267,1,1,1500.0,1
14268,1,1,1500.0,1
14269,1,1,1500.0,1
14270,1,1,1500.0,1
14271,1,1,1500.0,1
14272,1,1,1500.0,1
14273,1,1,1500.0,1
14274,1,1,1500.0,1
14275,1,1,1500.0,1
14276,1,1,1500.0,1
14277,1,1,1500.0,1
14278,1,1,1500.0,1
14279,1,1,1500.0,1
14280,1,1,1500.0,1
14281,1,1,1500.0,1
14282,1,1,1500.0,1
14283,1,1,1500.0,1
14284,1,1,1500.0,1
14285,1,1,1500.0,1
14286,1,1,1500.0,1
14287,1,1,1500.0,1
14288,1,1,1500.0,1
14289,1,1,1500.0,1
14290,1,1,1500.0,1
14291,1,1,1500.0,1
14292,1,1,1500.0,1
14293,1,1,1500.0,1
14294,1,1,1500.0,1
14295,1,1,1500.0,1
14296,1,1,1500.0,1
14297,1,1,1500.0,1
14298,1,1,1500.0,1
14299,1,1,1500.0,1
14300,1,1,1500.0,1
14301,1,1,1500.0,1
14302,1,1,1500.0,1
14303,1,1,1500.0,1
14304,1,1,1500.0,1
14305,1,1,1500.0,1
14306,1,1,1500.0,1
14307,1,1,1500.0,1
14308,1,1,1500.0,1
14309,1,1,1500.0,1
14310,1,1,1500.0,1
14311,1,1,1500.0,1
14312,1,1,1500.0,1
14313,1,1,1500.0,1
14314,1,1,1500.0,1
14315,1,1,1500.0,1
14316,1,1,1500.0,1
14317,1,1,1500.0,1
14318,1,1,1500.0,1
14319,1,1,1500.0,1
14320,1,1,1500.0,1
14321,1,1,1500.0,1
14322,1,1,1500.0,1
14323,1,1,1500.0,1
14324,1,1,1500.0,1
14325,1,1,1500.0,1
14326,1,1,1500.0,1
14327,1,1,1500.0,1
14328,1,1,1500.0,1
14329,1,1,1500.0,1
14330,1,1,1500.0,1
14331,1,1,1500.0,1
14332,1,1,1500.0,1
14333,1,1,1500.0,1
14334,1,1,1500.0,1
14335,1,1,1500.0,1
14336,1,1,1500.0,1
14337,1,1,1500.0,1
14338,1,1,1500.0,1
14339,1,1,1500.0,1
14340,1,1,1500.0,1
14341,1,1,1500.0,1
14342,1,1,1500.0,1
14343,1,1,1500.0,1
14344,1,1,1500.0,1
14345,1,1,1500.0,1
14346,1,1,1500.0,1
14347,1,1,1500.0,1
14348,1,1,1500.0,1
14349,1,1,1500.0,1
14350,1,1,1500.0,1
14351,1,1,1500.0,1
14352,1,1,1500.0,1
14353,1,1,1500.0,1
14354,1,1,1500.0,1
14355,1,1,1500.0,1
14356,1,1,1500.0,1
14357,1,1,1500.0,1
14358,1,1,1500.0,1
14359,1,1,1500.0,1
14360,1,1,1500.0,1
14361,1,1,1500.0,1
14362,1,1,1500.0,1
14363,1,1,1500.0,1
14364,1,1,1500.0,1
14365,1,1,1500.0,1
14366,1,1,1500.0,1
14367,1,1,1500.0,1
14368,1,1,1500.0,1
14369,1,1,1500.0,1
14370,1,1,1500.0,1
14371,1,1,1500.0,1
14372,1,1,1500.0,1
14373,1,1,1500.0,1
14374,1,1,1500.0,1
14375,1,1,1500.0,1
14376,1,1,1500.0,1
14377,1,1,1500.0,1
14378,1,1,1500.0,1
14379,1,1,1500.0,1
14380,1,1,1500.0,1
14381,1,1,1500.0,1
14382,1,1,1500.0,1
14383,1,1,1500.0,1
14384,1,1,1500.0,1
14385,1,1,1500.0,1
14386,1,1,1500.0,1
14387,1,1,1500.0,1
14388,1,1,1500.0,1
14389,1,1,1500.0,1
14390,1,1,1500.0,1
14391,1,1,1500.0,1
14392,1,1,1500.0,1
14393,1,1,1500.0,1
14394,1,1,1500.0,1
14395,1,1,1500.0,1
14396,1,1,1500.0,1
14397,1,1,1500.0,1
14398,1,1,1500.0,1
14399,1,1,1500.0,1
14400,1,1,1500.0,1
14401,1,1,1500.0,1
14402,1,1,1500.0,1
14403,1,1,1500.0,1
14404,1,1,1500.0,1
14405,1,1,1500.0,1
14406,1,1,1500.0,1
14407,1,1,252.8800049,1
14408,1,1,252.8800049,1
14409,1,1,252.8800049,1
14410,1,1,252.8800049,1
14411,1,1,252.8800049,1
14412,1,1,252.8800049,1
14413,1,1,252.8800049,1
14414,1,1,252.8800049,1
14415,1,1,252.8800049,1
14416,1,1,252.8800049,1
14417,1,1,252.8800049,1
14418,1,1,252.8800049,1
14419,1,1,252.8800049,1
14420,1,1,252.8800049,1
14421,1,1,252.8800049,1
14422,1,1,252.8800049,1
14423,1,1,252.8800049,1
14424,1,1,252.8800049,1
14425,1,1,252.8800049,1
14426,1,1,252.8800049,1
14427,1,1,252.8800049,1
14428,1,1,252.8800049,1
14429,1,1,252.8800049,1
14430,1,1,252.8800049,1
14431,1,1,252.8800049,1
14432,1,1,252.8800049,1
14433,1,1,252.8800049,1
14434,1,1,252.8800049,1
14435,1,1,252.8800049,1
14436,1,1,252.8800049,1
14437,1,1,252.8800049,1
14438,1,1,252.8800049,1
14439,1,1,252.8800049,1
14440,1,1,252.8800049,1
14441,1,1,252.8800049,1
14442,1,1,252.8800049,1
14443,1,1,252.8800049,1
14444,1,1,252.8800049,1
14445,1,1,252.8800049,1
14446,1,1,252.8800049,1
14447,1,1,252.8800049,1
14448,1,1,252.8800049,1
14449,1,1,252.8800049,1
14450,1,1,252.8800049,1
14451,1,1,252.8800049,1
14452,1,1,252.8800049,1
14453,1,1,252.8800049,1
14454,1,1,252.8800049,1
14455,1,1,252.8800049,1
14456,1,1,252.8800049,1
14457,1,1,252.8800049,1
14458,1,1,252.8800049,1
14459,1,1,252.8800049,1
14460,1,1,252.8800049,1
14461,1,1,252.8800049,1
14462,1,1,252.8800049,1
14463,1,1,252.8800049,1
14464,1,1,252.8800049,1
14465,1,1,252.8800049,1
14466,1,1,252.8800049,1
14467,1,1,252.8800049,1
14468,1,1,252.8800049,1
14469,1,1,252.8800049,1
14470,1,1,252.8800049,1
14471,1,1,252.8800049,1
14472,1,1,252.8800049,1
14473,1,1,252.8800049,1
14474,1,1,252.8800049,1
14475,1,1,252.8800049,1
14476,1,1,252.8800049,1
14477,1,1,252.8800049,1
14478,1,1,252.8800049,1
14479,1,1,252.8800049,1
14480,1,1,252.8800049,1
14481,1,1,252.8800049,1
14482,1,1,252.8800049,1
14483,1,1,252.8800049,1
14484,1,1,252.8800049,1
14485,1,1,252.8800049,1
14486,1,1,252.8800049,1
14487,1,1,252.8800049,1
14488,1,1,252.8800049,1
14489,1,1,252.8800049,1
14490,1,1,252.8800049,1
14491,1,1,252.8800049,1
14492,1,1,252.8800049,1
14493,1,1,252.8800049,1
14494,1,1,252.8800049,1
14495,1,1,252.8800049,1
14496,1,1,252.8800049,1
14497,1,1,252.8800049,1
14498,1,1,252.8800049,1
14499,1,1,252.8800049,1
14500,1,1,252.8800049,1
14501,1,1,252.8800049,1
14502,1,1,252.8800049,1
14503,1,1,252.8800049,1
14504,1,1,252.8800049,1
14505,1,1,252.8800049,1
14506,1,1,252.8800049,1
14507,1,1,252.8800049,1
14508,1,1,252.8800049,1
14509,1,1,252.8800049,1
14510,1,1,252.8800049,1
14511,1,1,252.8800049,1
14512,1,1,252.8800049,1
14513,1,1,252.8800049,1
14514,1,1,252.8800049,1
14515,1,1,252.8800049,1
14516,1,1,252.8800049,1
14517,1,1,252.8800049,1
14518,1,1,252.8800049,1
14519,1,1,252.8800049,1
14520,1,1,252.8800049,1
14521,1,1,252.8800049,1
14522,1,1,252.8800049,1
14523,1,1,252.8800049,1
14524,1,1,252.8800049,1
14525,1,1,252.8800049,1
14526,1,1,252.8800049,1
14527,1,1,252.8800049,1
14528,1,1,252.8800049,1
14529,1,1,252.8800049,1
14530,1,1,252.8800049,1
14531,1,1,252.8800049,1
14532,1,1,252.8800049,1
14533,1,1,252.8800049,1
14534,1,1,252.8800049,1
14535,1,1,252.8800049,1
14536,1,1,252.8800049,1
14537,1,1,252.8800049,1
14538,1,1,252.8800049,1
14539,1,1,252.8800049,1
14540,1,1,252.8800049,1
14541,1,1,252.8800049,1
14542,1,1,252.8800049,1
14543,1,1,252.8800049,1
14544,1,1,252.8800049,1
14545,1,1,252.8800049,1
14546,1,1,252.8800049,1
14547,1,1,252.8800049,1
14548,1,1,252.8800049,1
14549,1,1,252.8800049,1
14550,1,1,252.8800049,1
14551,1,1,252.8800049,1
14552,1,1,252.8800049,1
14553,1,1,252.8800049,1
14554,1,1,252.8800049,1
14555,1,1,252.8800049,1
14556,1,1,252.8800049,1
14557,1,1,252.8800049,1
14558,1,1,252.8800049,1
14559,1,1,252.8800049,1
14560,1,1,252.8800049,1
14561,1,1,252.8800049,1
14562,1,1,252.8800049,1
14563,1,1,252.8800049,1
14564,1,1,252.8800049,1
14565,1,1,252.8800049,1
14566,1,1,252.8800049,1
14567,1,1,252.8800049,1
14568,1,1,252.8800049,1
14569,1,1,252.8800049,1
14570,1,1,252.8800049,1
14571,1,1,252.8800049,1
14572,1,1,252.8800049,1
14573,1,1,252.8800049,1
14574,1,1,252.8800049,1
14575,1,1,252.8800049,1
14576,1,1,252.8800049,1
14577,1,1,252.8800049,1
14578,1,1,252.8800049,1
14579,1,1,252.8800049,1
14580,1,1,252.8800049,1
14581,1,1,252.8800049,1
14582,1,1,252.8800049,1
14583,1,1,252.8800049,1
14584,1,1,252.8800049,1
14585,1,1,252.8800049,1
14586,1,1,252.8800049,1
14587,1,1,252.8800049,1
14588,1,1,252.8800049,1
14589,1,1,252.8800049,1
14590,1,1,252.8800049,1
14591,1,1,252.8800049,1
14592,1,1,252.8800049,1
14593,1,1,252.8800049,1
14594,1,1,252.8800049,1
14595,1,1,252.8800049,1
14596,1,1,252.8800049,1
14597,1,1,252.8800049,1
14598,1,1,252.8800049,1
14599,1,1,252.8800049,1
14600,1,1,252.8800049,1
14601,1,1,252.8800049,1
14602,1,1,252.8800049,1
14603,1,1,252.8800049,1
14604,1,1,252.8800049,1
14605,1,1,252.8800049,1
14606,1,1,252.8800049,1
14607,1,1,252.8800049,1
14608,1,1,252.8800049,1
14609,1,1,252.8800049,1
14610,1,1,252.8800049,1
14611,1,1,252.8800049,1
14612,1,1,252.8800049,1
14613,1,1,252.8800049,1
14614,1,1,252.8800049,1
14615,1,1,252.8800049,1
14616,1,1,252.8800049,1
14617,1,1,252.8800049,1
14618,1,1,252.8800049,1
14619,1,1,252.8800049,1
14620,1,1,252.8800049,1
14621,1,1,252.8800049,1
14622,1,1,252.8800049,1
14623,1,1,252.8800049,1
14624,1,1,252.8800049,1
14625,1,1,252.8800049,1
14626,1,1,252.8800049,1
14627,1,1,252.8800049,1
14628,1,1,252.8800049,1
14629,1,1,252.8800049,1
14630,1,1,252.8800049,1
14631,1,1,252.8800049,1
14632,1,1,252.8800049,1
14633,1,1,252.8800049,1
14634,1,1,252.8800049,1
14635,1,1,252.8800049,1
14636,1,1,252.8800049,1
14637,1,1,252.8800049,1
14638,1,1,252.8800049,1
14639,1,1,252.8800049,1
14640,1,1,252.8800049,1
14641,1,1,252.8800049,1
14642,1,1,252.8800049,1
14643,1,1,252.8800049,1
14644,1,1,252.8800049,1
14645,1,1,252.8800049,1
14646,1,1,252.8800049,1
14647,1,1,252.8800049,1
14648,1,1,252.8800049,1
14649,1,1,252.8800049,1
14650,1,1,252.8800049,1
14651,1,1,252.8800049,1
14652,1,1,252.8800049,1
14653,1,1,252.8800049,1
14654,1,1,252.8800049,1
14655,1,1,252.8800049,1
14656,1,1,252.8800049,1
14657,1,1,252.8800049,1
14658,1,1,252.8800049,1
14659,1,1,252.8800049,1
14660,1,1,252.8800049,1
14661,1,1,252.8800049,1
14662,1,1,252.8800049,1
14663,1,1,252.8800049,1
14664,1,1,252.8800049,1
14665,1,1,252.8800049,1
14666,1,1,252.8800049,1
14667,1,1,252.8800049,1
14668,1,1,252.8800049,1
14669,1,1,252.8800049,1
14670,1,1,252.8800049,1
14671,1,1,252.8800049,1
14672,1,1,252.8800049,1
14673,1,1,252.8800049,1
14674,1,1,252.8800049,1
14675,1,1,252.8800049,1
14676,1,1,252.8800049,1
14677,1,1,252.8800049,1
14678,1,1,252.8800049,1
14679,1,1,252.8800049,1
14680,1,1,252.8800049,1
14681,1,1,252.8800049,1
14682,1,1,252.8800049,1
14683,1,1,252.8800049,1
14684,1,1,252.8800049,1
14685,1,1,252.8800049,1
14686,1,1,252.8800049,1
14687,1,1,252.8800049,1
14688,1,1,252.8800049,1
14689,1,1,252.8800049,1
14690,1,1,252.8800049,1
14691,1,1,252.8800049,1
14692,1,1,461.480011,1
14693,1,1,461.480011,1
14694,1,1,461.480011,1
14695,1,1,461.480011,1
14696,1,1,461.480011,1
14697,1,1,461.480011,1
14698,1,1,461.480011,1
14699,1,1,461.480011,1
14700,1,1,461.480011,1
14701,1,1,461.480011,1
14702,1,1,461.480011,1
14703,1,1,461.480011,1
14704,1,1,461.480011,1
14705,1,1,461.480011,1
14706,1,1,461.480011,1
14707,1,1,461.480011,1
14708,1,1,461.480011,1
14709,1,1,461.480011,1
14710,1,1,461.480011,1
14711,1,1,461.480011,1
14712,1,1,461.480011,1
14713,1,1,461.480011,1
14714,1,1,461.480011,1
14715,1,1,461.480011,1
14716,1,1,461.480011,1
14717,1,1,461.480011,1
14718,1,1,461.480011,1
14719,1,1,461.480011,1
14720,1,1,461.480011,1
14721,1,1,461.480011,1
14722,1,1,461.480011,1
14723,1,1,461.480011,1
14724,1,1,461.480011,1
14725,1,1,461.480011,1
14726,1,1,461.480011,1
14727,1,1,461.480011,1
14728,1,1,461.480011,1
14729,1,1,461.480011,1
14730,1,1,461.480011,1
14731,1,1,461.480011,1
14732,1,1,461.480011,1
14733,1,1,461.480011,1
14734,1,1,461.480011,1
14735,1,1,461.480011,1
14736,1,1,461.480011,1
14737,1,1,461.480011,1
14738,1,1,461.480011,1
14739,1,1,461.480011,1
14740,1,1,461.480011,1
14741,1,1,461.480011,1
14742,1,1,461.480011,1
14743,1,1,461.480011,1
14744,1,1,461.480011,1
14745,1,1,461.480011,1
14746,1,1,461.480011,1
14747,1,1,461.480011,1
14748,1,1,461.480011,1
14749,1,1,461.480011,1
14750,1,1,461.480011,1
14751,1,1,461.480011,1
14752,1,1,461.480011,1
14753,1,1,461.480011,1
14754,1,1,461.480011,1
14755,1,1,461.480011,1
14756,1,1,461.480011,1
14757,1,1,461.480011,1
14758,1,1,461.480011,1
14759,1,1,461.480011,1
14760,1,1,461.480011,1
14761,1,1,461.480011,1
14762,1,1,461.480011,1
14763,1,1,461.480011,1
14764,1,1,461.480011,1
14765,1,1,461.480011,1
14766,1,1,461.480011,1
14767,1,1,461.480011,1
14768,1,1,461.480011,1
14769,1,1,461.480011,1
14770,1,1,461.480011,1
14771,1,1,461.480011,1
14772,1,1,461.480011,1
14773,1,1,461.480011,1
14774,1,1,461.480011,1
14775,1,1,461.480011,1
14776,1,1,461.480011,1
14777,1,1,461.480011,1
14778,1,1,461.480011,1
14779,1,1,461.480011,1
14780,1,1,461.480011,1
14781,1,1,461.480011,1
14782,1,1,461.480011,1
14783,1,1,461.480011,1
14784,1,1,461.480011,1
14785,1,1,461.480011,1
14786,1,1,461.480011,1
14787,1,1,461.480011,1
14788,1,1,461.480011,1
14789,1,1,461.480011,1
14790,1,1,461.480011,1
14791,1,1,461.480011,1
14792,1,1,461.480011,1
14793,1,1,461.480011,1
14794,1,1,461.480011,1
14795,1,1,461.480011,1
14796,1,1,461.480011,1
14797,1,1,461.480011,1
14798,1,1,461.480011,1
14799,1,1,461.480011,1
14800,1,1,461.480011,1
14801,1,1,461.480011,1
14802,1,1,461.480011,1
14803,1,1,461.480011,1
14804,1,1,461.480011,1
14805,1,1,461.480011,1
14806,1,1,461.480011,1
14807,1,1,461.480011,1
14808,1,1,461.480011,1
14809,1,1,461.480011,1
14810,1,1,461.480011,1
14811,1,1,461.480011,1
14812,1,1,461.480011,1
14813,1,1,461.480011,1
14814,1,1,461.480011,1
14815,1,1,461.480011,1
14816,1,1,461.480011,1
14817,1,1,461.480011,1
14818,1,1,461.480011,1
14819,1,1,461.480011,1
14820,1,1,461.480011,1
14821,1,1,461.480011,1
14822,1,1,461.480011,1
14823,1,1,461.480011,1
14824,1,1,461.480011,1
14825,1,1,461.480011,1
14826,1,1,461.480011,1
14827,1,1,461.480011,1
14828,1,1,461.480011,1
14829,1,1,461.480011,1
14830,1,1,461.480011,1
14831,1,1,461.480011,1
14832,1,1,461.480011,1
14833,1,1,461.480011,1
14834,1,1,461.480011,1
14835,1,1,461.480011,1
14836,1,1,461.480011,1
14837,1,1,461.480011,1
14838,1,1,461.480011,1
14839,1,1,461.480011,1
14840,1,1,461.480011,1
14841,1,1,461.480011,1
14842,1,1,461.480011,1
14843,1,1,461.480011,1
14844,1,1,461.480011,1
14845,1,1,461.480011,1
14846,1,1,461.480011,1
14847,1,1,461.480011,1
14848,1,1,461.480011,1
14849,1,1,461.480011,1
14850,1,1,461.480011,1
14851,1,1,461.480011,1
14852,1,1,461.480011,1
14853,1,1,461.480011,1
14854,1,1,461.480011,1
14855,1,1,461.480011,1
14856,1,1,461.480011,1
14857,1,1,461.480011,1
14858,1,1,461.480011,1
14859,1,1,461.480011,1
14860,1,1,461.480011,1
14861,1,1,461.480011,1
14862,1,1,461.480011,1
14863,1,1,461.480011,1
14864,1,1,461.480011,1
14865,1,1,461.480011,1
14866,1,1,461.480011,1
14867,1,1,461.480011,1
14868,1,1,461.480011,1
14869,1,1,461.480011,1
14870,1,1,461.480011,1
14871,1,1,461.480011,1
14872,1,1,461.480011,1
14873,1,1,461.480011,1
14874,1,1,461.480011,1
14875,1,1,461.480011,1
14876,1,1,461.480011,1
14877,1,1,461.480011,1
14878,1,1,461.480011,1
14879,1,1,461.480011,1
14880,1,1,461.480011,1
14881,1,1,461.480011,1
14882,1,1,461.480011,1
14883,1,1,461.480011,1
14884,1,1,461.480011,1
14885,1,1,461.480011,1
14886,1,1,461.480011,1
14887,1,1,461.480011,1
14888,1,1,461.480011,1
14889,1,1,461.480011,1
14890,1,1,461.480011,1
14891,1,1,461.480011,1
14892,1,1,461.480011,1
14893,1,1,461.480011,1
14894,1,1,461.480011,1
14895,1,1,461.480011,1
14896,1,1,461.480011,1
14897,1,1,461.480011,1
14898,1,1,461.480011,1
14899,1,1,461.480011,1
14900,1,1,461.480011,1
14901,1,1,461.480011,1
14902,1,1,461.480011,1
14903,1,1,461.480011,1
14904,1,1,461.480011,1
14905,1,1,461.480011,1
14906,1,1,461.480011,1
14907,1,1,461.480011,1
14908,1,1,461.480011,1
14909,1,1,461.480011,1
14910,1,1,461.480011,1
14911,1,1,461.480011,1
14912,1,1,461.480011,1
14913,1,1,461.480011,1
14914,1,1,461.480011,1
14915,1,1,461.480011,1
14916,1,1,461.480011,1
14917,1,1,461.480011,1
14918,1,1,461.480011,1
14919,1,1,461.480011,1
14920,1,1,461.480011,1
14921,1,1,461.480011,1
14922,1,1,461.480011,1
14923,1,1,164.3800049,1
14924,1,1,164.3800049,1
14925,1,1,164.3800049,1
14926,1,1,164.3800049,1
14927,1,1,164.3800049,1
14928,1,1,164.3800049,1
14929,1,1,164.3800049,1
14930,1,1,164.3800049,1
14931,1,1,164.3800049,1
14932,1,1,164.3800049,1
14933,1,1,164.3800049,1
14934,1,1,164.3800049,1
14935,1,1,164.3800049,1
14936,1,1,164.3800049,1
14937,1,1,164.3800049,1
14938,1,1,164.3800049,1
14939,1,1,164.3800049,1
14940,1,1,164.3800049,1
14941,1,1,164.3800049,1
14942,1,1,164.3800049,1
14943,1,1,164.3800049,1
14944,1,1,164.3800049,1
14945,1,1,164.3800049,1
14946,1,1,164.3800049,1
14947,1,1,164.3800049,1
14948,1,1,164.3800049,1
14949,1,1,164.3800049,1
14950,1,1,164.3800049,1
14951,1,1,164.3800049,1
14952,1,1,164.3800049,1
14953,1,1,164.3800049,1
14954,1,1,164.3800049,1
14955,1,1,164.3800049,1
14956,1,1,164.3800049,1
14957,1,1,164.3800049,1
14958,1,1,164.3800049,1
14959,1,1,164.3800049,1
14960,1,1,164.3800049,1
14961,1,1,164.3800049,1
14962,1,1,164.3800049,1
14963,1,1,164.3800049,1
14964,1,1,164.3800049,1
14965,1,1,164.3800049,1
14966,1,1,164.3800049,1
14967,1,1,164.3800049,1
14968,1,1,164.3800049,1
14969,1,1,164.3800049,1
14970,1,1,164.3800049,1
14971,1,1,164.3800049,1
14972,1,1,164.3800049,1
14973,1,1,164.3800049,1
14974,1,1,164.3800049,1
14975,1,1,164.3800049,1
14976,1,1,164.3800049,1
14977,1,1,164.3800049,1
14978,1,1,164.3800049,1
14979,1,1,164.3800049,1
14980,1,1,164.3800049,1
14981,1,1,164.3800049,1
14982,1,1,164.3800049,1
14983,1,1,164.3800049,1
14984,1,1,164.3800049,1
14985,1,1,164.3800049,1
14986,1,1,164.3800049,1
14987,1,1,164.3800049,1
14988,1,1,164.3800049,1
14989,1,1,164.3800049,1
14990,1,1,164.3800049,1
14991,1,1,164.3800049,1
14992,1,1,164.3800049,1
14993,1,1,164.3800049,1
14994,1,1,164.3800049,1
14995,1,1,164.3800049,1
14996,1,1,164.3800049,1
14997,1,1,164.3800049,1
14998,1,1,164.3800049,1
14999,1,1,164.3800049,1
15000,1,1,164.3800049,1
15001,1,1,164.3800049,1
15002,1,1,164.3800049,1
15003,1,1,164.3800049,1
15004,1,1,164.3800049,1
15005,1,1,164.3800049,1
15006,1,1,164.3800049,1
15007,1,1,164.3800049,1
15008,1,1,164.3800049,1
15009,1,1,164.3800049,1
15010,1,1,164.3800049,1
15011,1,1,164.3800049,1
15012,1,1,164.3800049,1
15013,1,1,164.3800049,1
15014,1,1,164.3800049,1
15015,1,1,164.3800049,1
15016,1,1,164.3800049,1
15017,1,1,164.3800049,1
15018,1,1,164.3800049,1
15019,1,1,164.3800049,1
15020,1,1,164.3800049,1
15021,1,1,164.3800049,1
15022,1,1,164.3800049,1
15023,1,1,164.3800049,1
15024,1,1,164.3800049,1
15025,1,1,164.3800049,1
15026,1,1,164.3800049,1
15027,1,1,164.3800049,1
15028,1,1,164.3800049,1
15029,1,1,164.3800049,1
15030,1,1,164.3800049,1
15031,1,1,164.3800049,1
15032,1,1,164.3800049,1
15033,1,1,164.3800049,1
15034,1,1,164.3800049,1
15035,1,1,164.3800049,1
15036,1,1,164.3800049,1
15037,1,1,164.3800049,1
15038,1,1,164.3800049,1
15039,1,1,164.3800049,1
15040,1,1,164.3800049,1
15041,1,1,164.3800049,1
15042,1,1,164.3800049,1
15043,1,1,164.3800049,1
15044,1,1,164.3800049,1
15045,1,1,164.3800049,1
15046,1,1,164.3800049,1
15047,1,1,164.3800049,1
15048,1,1,164.3800049,1
15049,1,1,164.3800049,1
15050,1,1,164.3800049,1
15051,1,1,164.3800049,1
15052,1,1,164.3800049,1
15053,1,1,164.3800049,1
15054,1,1,164.3800049,1
15055,1,1,164.3800049,1
15056,1,1,164.3800049,1
15057,1,1,164.3800049,1
15058,1,1,164.3800049,1
15059,1,1,164.3800049,1
15060,1,1,164.3800049,1
15061,1,1,164.3800049,1
15062,1,1,164.3800049,1
15063,1,1,164.3800049,1
15064,1,1,164.3800049,1
15065,1,1,164.3800049,1
15066,1,1,164.3800049,1
15067,1,1,164.3800049,1
15068,1,1,164.3800049,1
15069,1,1,164.3800049,1
15070,1,1,164.3800049,1
15071,1,1,164.3800049,1
15072,1,1,164.3800049,1
15073,1,1,164.3800049,1
15074,1,1,164.3800049,1
15075,1,1,164.3800049,1
15076,1,1,164.3800049,1
15077,1,1,164.3800049,1
15078,1,1,164.3800049,1
15079,1,1,164.3800049,1
15080,1,1,164.3800049,1
15081,1,1,164.3800049,1
15082,1,1,164.3800049,1
15083,1,1,164.3800049,1
15084,1,1,164.3800049,1
15085,1,1,164.3800049,1
15086,1,1,164.3800049,1
15087,1,1,164.3800049,1
15088,1,1,164.3800049,1
15089,1,1,164.3800049,1
15090,1,1,164.3800049,1
15091,1,1,164.3800049,1
15092,1,1,164.3800049,1
15093,1,1,164.3800049,1
15094,1,1,164.3800049,1
15095,1,1,164.3800049,1
15096,1,1,164.3800049,1
15097,1,1,164.3800049,1
15098,1,1,164.3800049,1
15099,1,1,164.3800049,1
15100,1,1,164.3800049,1
15101,1,1,164.3800049,1
15102,1,1,164.3800049,1
15103,1,1,164.3800049,1
15104,1,1,164.3800049,1
15105,1,1,164.3800049,1
15106,1,1,164.3800049,1
15107,1,1,164.3800049,1
15108,1,1,164.3800049,1
15109,1,1,164.3800049,1
15110,1,1,164.3800049,1
15111,1,1,164.3800049,1
15112,1,1,164.3800049,1
15113,1,1,164.3800049,1
15114,1,1,164.3800049,1
15115,1,1,164.3800049,1
15116,1,1,164.3800049,1
15117,1,1,164.3800049,1
15118,1,1,164.3800049,1
15119,1,1,164.3800049,1
15120,1,1,164.3800049,1
15121,1,1,164.3800049,1
15122,1,1,164.3800049,1
15123,1,1,164.3800049,1
15124,1,1,164.3800049,1
15125,1,1,164.3800049,1
15126,1,1,164.3800049,1
15127,1,1,164.3800049,1
15128,1,1,164.3800049,1
15129,1,1,164.3800049,1
15130,1,1,164.3800049,1
15131,1,1,164.3800049,1
15132,1,1,164.3800049,1
15133,1,1,164.3800049,1
15134,1,1,164.3800049,1
15135,1,1,164.3800049,1
15136,1,1,164.3800049,1
15137,1,1,164.3800049,1
15138,1,1,164.3800049,1
15139,1,1,164.3800049,1
15140,1,1,164.3800049,1
15141,1,1,164.3800049,1
15142,1,1,164.3800049,1
15143,1,1,164.3800049,1
15144,1,1,164.3800049,1
15145,1,1,164.3800049,1
15146,1,1,164.3800049,1
15147,1,1,164.3800049,1
15148,1,1,164.3800049,1
15149,1,1,164.3800049,1
15150,1,1,164.3800049,1
15151,1,1,164.3800049,1
15152,1,1,164.3800049,1
15153,1,1,164.3800049,1
15154,1,1,164.3800049,1
15155,1,1,164.3800049,1
15156,1,1,164.3800049,1
15157,1,1,164.3800049,1
15158,1,1,164.3800049,1
15159,1,1,164.3800049,1
15160,1,1,164.3800049,1
15161,1,1,164.3800049,1
15162,1,1,164.3800049,1
15163,1,1,164.3800049,1
15164,1,1,164.3800049,1
15165,1,1,164.3800049,1
15166,1,1,164.3800049,1
15167,1,1,164.3800049,1
15168,1,1,164.3800049,1
15169,1,1,164.3800049,1
15170,1,1,164.3800049,1
15171,1,1,164.3800049,1
15172,1,1,164.3800049,1
15173,1,1,164.3800049,1
15174,1,1,164.3800049,1
15175,1,1,164.3800049,1
15176,1,1,164.3800049,1
15177,1,1,164.3800049,1
15178,1,1,164.3800049,1
15179,1,1,164.3800049,1
15180,1,1,164.3800049,1
15181,1,1,164.3800049,1
15182,1,1,164.3800049,1
15183,1,1,164.3800049,1
15184,1,1,164.3800049,1
15185,1,1,164.3800049,1
15186,1,1,164.3800049,1
15187,1,1,164.3800049,1
15188,1,1,164.3800049,1
15189,1,1,164.3800049,1
15190,1,1,164.3800049,1
15191,1,1,164.3800049,1
15192,1,1,164.3800049,1
15193,1,1,164.3800049,1
15194,1,1,164.3800049,1
15195,1,1,164.3800049,1
15196,1,1,164.3800049,1
15197,1,1,164.3800049,1
15198,1,1,164.3800049,1
15199,1,1,164.3800049,1
15200,1,1,164.3800049,1
15201,1,1,164.3800049,1
15202,1,1,164.3800049,1
15203,1,1,164.3800049,1
15204,1,1,164.3800049,1
15205,1,1,164.3800049,1
15206,1,1,164.3800049,1
15207,1,1,164.3800049,1
15208,1,1,164.3800049,1
15209,1,1,164.3800049,1
15210,1,1,164.3800049,1
15211,1,1,164.3800049,1
15212,1,1,164.3800049,1
15213,1,1,164.3800049,1
15214,1,1,164.3800049,1
15215,1,1,164.3800049,1
15216,1,1,164.3800049,1
15217,1,1,164.3800049,1
15218,1,1,164.3800049,1
15219,1,1,164.3800049,1
15220,1,1,164.3800049,1
15221,1,1,164.3800049,1
15222,1,1,164.3800049,1
15223,1,1,164.3800049,1
15224,1,1,164.3800049,1
15225,1,1,164.3800049,1
15226,1,1,164.3800049,1
15227,1,1,164.3800049,1
15228,1,1,164.3800049,1
15229,1,1,164.3800049,1
15230,1,1,164.3800049,1
15231,1,1,164.3800049,1
15232,1,1,164.3800049,1
15233,1,1,164.3800049,1
15234,1,1,164.3800049,1
15235,1,1,164.3800049,1
15236,1,1,164.3800049,1
15237,1,1,164.3800049,1
15238,1,1,164.3800049,1
15239,1,1,164.3800049,1
15240,1,1,164.3800049,1
15241,1,1,164.3800049,1
15242,1,1,164.3800049,1
15243,1,1,164.3800049,1
15244,1,1,164.3800049,1
15245,1,1,164.3800049,1
15246,1,1,164.3800049,1
15247,1,1,164.3800049,1
15248,1,1,164.3800049,1
15249,1,1,164.3800049,1
15250,1,1,164.3800049,1
15251,1,1,164.3800049,1
15252,1,1,164.3800049,1
15253,1,1,164.3800049,1
15254,1,1,164.3800049,1
15255,1,1,164.3800049,1
15256,1,1,164.3800049,1
15257,1,1,164.3800049,1
15258,1,1,164.3800049,1
15259,1,1,164.3800049,1
15260,1,1,164.3800049,1
15261,1,1,164.3800049,1
15262,1,1,164.3800049,1
15263,1,1,164.3800049,1
15264,1,1,164.3800049,1
15265,1,1,164.3800049,1
15266,1,1,164.3800049,1
15267,1,1,164.3800049,1
15268,1,1,164.3800049,1
15269,1,1,164.3800049,1
15270,1,1,164.3800049,1
15271,1,1,164.3800049,1
15272,1,1,164.3800049,1
15273,1,1,164.3800049,1
15274,1,1,164.3800049,1
15275,1,1,164.3800049,1
15276,1,1,164.3800049,1
15277,1,1,164.3800049,1
15278,1,1,164.3800049,1
15279,1,1,164.3800049,1
15280,1,1,164.3800049,1
15281,1,1,164.3800049,1
15282,1,1,164.3800049,1
15283,1,1,164.3800049,1
15284,1,1,164.3800049,1
15285,1,1,164.3800049,1
15286,1,1,164.3800049,1
15287,1,1,164.3800049,1
15288,1,1,164.3800049,1
15289,1,1,164.3800049,1
15290,1,1,532.5800171,1
15291,1,1,532.5800171,1
15292,1,1,532.5800171,1
15293,1,1,532.5800171,1
15294,1,1,532.5800171,1
15295,1,1,532.5800171,1
15296,1,1,532.5800171,1
15297,1,1,532.5800171,1
15298,1,1,532.5800171,1
15299,1,1,532.5800171,1
15300,1,1,532.5800171,1
15301,1,1,532.5800171,1
15302,1,1,532.5800171,1
15303,1,1,532.5800171,1
15304,1,1,532.5800171,1
15305,1,1,532.5800171,1
15306,1,1,532.5800171,1
15307,1,1,532.5800171,1
15308,1,1,532.5800171,1
15309,1,1,532.5800171,1
15310,1,1,532.5800171,1
15311,1,1,532.5800171,1
15312,1,1,532.5800171,1
15313,1,1,532.5800171,1
15314,1,1,532.5800171,1
15315,1,1,532.5800171,1
15316,1,1,532.5800171,1
15317,1,1,532.5800171,1
15318,1,1,532.5800171,1
15319,1,1,532.5800171,1
15320,1,1,532.5800171,1
15321,1,1,532.5800171,1
15322,1,1,532.5800171,1
15323,1,1,532.5800171,1
15324,1,1,532.5800171,1
15325,1,1,532.5800171,1
15326,1,1,532.5800171,1
15327,1,1,532.5800171,1
15328,1,1,532.5800171,1
15329,1,1,532.5800171,1
15330,1,1,532.5800171,1
15331,1,1,532.5800171,1
15332,1,1,532.5800171,1
15333,1,1,532.5800171,1
15334,1,1,532.5800171,1
15335,1,1,532.5800171,1
15336,1,1,532.5800171,1
15337,1,1,532.5800171,1
15338,1,1,532.5800171,1
15339,1,1,532.5800171,1
15340,1,1,532.5800171,1
15341,1,1,532.5800171,1
15342,1,1,532.5800171,1
15343,1,1,532.5800171,1
15344,1,1,532.5800171,1
15345,1,1,532.5800171,1
15346,1,1,532.5800171,1
15347,1,1,532.5800171,1
15348,1,1,532.5800171,1
15349,1,1,532.5800171,1
15350,1,1,532.5800171,1
15351,1,1,532.5800171,1
15352,1,1,532.5800171,1
15353,1,1,532.5800171,1
15354,1,1,532.5800171,1
15355,1,1,532.5800171,1
15356,1,1,532.5800171,1
15357,1,1,532.5800171,1
15358,1,1,532.5800171,1
15359,1,1,532.5800171,1
15360,1,1,532.5800171,1
15361,1,1,532.5800171,1
15362,1,1,532.5800171,1
15363,1,1,532.5800171,1
15364,1,1,532.5800171,1
15365,1,1,532.5800171,1
15366,1,1,532.5800171,1
15367,1,1,532.5800171,1
15368,1,1,532.5800171,1
15369,1,1,532.5800171,1
15370,1,1,532.5800171,1
15371,1,1,532.5800171,1
15372,1,1,532.5800171,1
15373,1,1,532.5800171,1
15374,1,1,532.5800171,1
15375,1,1,532.5800171,1
15376,1,1,532.5800171,1
15377,1,1,532.5800171,1
15378,1,1,532.5800171,1
15379,1,1,532.5800171,1
15380,1,1,532.5800171,1
15381,1,1,532.5800171,1
15382,1,1,532.5800171,1
15383,1,1,532.5800171,1
15384,1,1,532.5800171,1
15385,1,1,532.5800171,1
15386,1,1,532.5800171,1
15387,1,1,532.5800171,1
15388,1,1,532.5800171,1
15389,1,1,532.5800171,1
15390,1,1,532.5800171,1
15391,1,1,532.5800171,1
15392,1,1,532.5800171,1
15393,1,1,532.5800171,1
15394,1,1,532.5800171,1
15395,1,1,532.5800171,1
15396,1,1,532.5800171,1
15397,1,1,532.5800171,1
15398,1,1,532.5800171,1
15399,1,1,532.5800171,1
15400,1,1,532.5800171,1
15401,1,1,532.5800171,1
15402,1,1,532.5800171,1
15403,1,1,532.5800171,1
15404,1,1,532.5800171,1
15405,1,1,532.5800171,1
15406,1,1,532.5800171,1
15407,1,1,532.5800171,1
15408,1,1,532.5800171,1
15409,1,1,532.5800171,1
15410,1,1,532.5800171,1
15411,1,1,532.5800171,1
15412,1,1,532.5800171,1
15413,1,1,532.5800171,1
15414,1,1,532.5800171,1
15415,1,1,532.5800171,1
15416,1,1,532.5800171,1
15417,1,1,532.5800171,1
15418,1,1,532.5800171,1
15419,1,1,532.5800171,1
15420,1,1,532.5800171,1
15421,1,1,532.5800171,1
15422,1,1,532.5800171,1
15423,1,1,532.5800171,1
15424,1,1,532.5800171,1
15425,1,1,532.5800171,1
15426,1,1,532.5800171,1
15427,1,1,532.5800171,1
15428,1,1,532.5800171,1
15429,1,1,532.5800171,1
15430,1,1,532.5800171,1
15431,1,1,532.5800171,1
15432,1,1,532.5800171,1
15433,1,1,532.5800171,1
15434,1,1,532.5800171,1
15435,1,1,532.5800171,1
15436,1,1,532.5800171,1
15437,1,1,532.5800171,1
15438,1,1,532.5800171,1
15439,1,1,532.5800171,1
15440,1,1,532.5800171,1
15441,1,1,532.5800171,1
15442,1,1,532.5800171,1
15443,1,1,532.5800171,1
15444,1,1,532.5800171,1
15445,1,1,532.5800171,1
15446,1,1,532.5800171,1
15447,1,1,532.5800171,1
15448,1,1,532.5800171,1
15449,1,1,532.5800171,1
15450,1,1,532.5800171,1
15451,1,1,532.5800171,1
15452,1,1,532.5800171,1
15453,1,1,532.5800171,1
15454,1,1,532.5800171,1
15455,1,1,532.5800171,1
15456,1,1,532.5800171,1
15457,1,1,532.5800171,1
15458,1,1,532.5800171,1
15459,1,1,532.5800171,1
15460,1,1,532.5800171,1
15461,1,1,532.5800171,1
15462,1,1,532.5800171,1
15463,1,1,532.5800171,1
15464,1,1,532.5800171,1
15465,1,1,532.5800171,1
15466,1,1,532.5800171,1
15467,1,1,532.5800171,1
15468,1,1,532.5800171,1
15469,1,1,532.5800171,1
15470,1,1,532.5800171,1
15471,1,1,532.5800171,1
15472,1,1,532.5800171,1
15473,1,1,532.5800171,1
15474,1,1,532.5800171,1
15475,1,1,532.5800171,1
15476,1,1,532.5800171,1
15477,1,1,532.5800171,1
15478,1,1,532.5800171,1
15479,1,1,532.5800171,1
15480,1,1,532.5800171,1
15481,1,1,532.5800171,1
15482,1,1,532.5800171,1
15483,1,1,532.5800171,1
15484,1,1,532.5800171,1
15485,1,1,532.5800171,1
15486,1,1,532.5800171,1
15487,1,1,532.5800171,1
15488,1,1,532.5800171,1
15489,1,1,532.5800171,1
15490,1,1,532.5800171,1
15491,1,1,532.5800171,1
15492,1,1,532.5800171,1
15493,1,1,532.5800171,1
15494,1,1,532.5800171,1
15495,1,1,532.5800171,1
15496,1,1,532.5800171,1
15497,1,1,532.5800171,1
15498,1,1,532.5800171,1
15499,1,1,532.5800171,1
15500,1,1,532.5800171,1
15501,1,1,532.5800171,1
15502,1,1,532.5800171,1
15503,1,1,532.5800171,1
15504,1,1,532.5800171,1
15505,1,1,532.5800171,1
15506,1,1,532.5800171,1
15507,1,1,532.5800171,1
15508,1,1,532.5800171,1
15509,1,1,532.5800171,1
15510,1,1,532.5800171,1
15511,1,1,532.5800171,1
15512,1,1,532.5800171,1
15513,1,1,532.5800171,1
15514,1,1,532.5800171,1
15515,1,1,532.5800171,1
15516,1,1,532.5800171,1
15517,1,1,532.5800171,1
15518,1,1,532.5800171,1
15519,1,1,532.5800171,1
15520,1,1,532.5800171,1
15521,1,1,532.5800171,1
15522,1,1,532.5800171,1
15523,1,1,532.5800171,1
15524,1,1,532.5800171,1
15525,1,1,532.5800171,1
15526,1,1,532.5800171,1
15527,1,1,532.5800171,1
15528,1,1,532.5800171,1
15529,1,1,532.5800171,1
15530,1,1,532.5800171,1
15531,1,1,532.5800171,1
15532,1,1,532.5800171,1
15533,1,1,532.5800171,1
15534,1,1,532.5800171,1
15535,1,1,532.5800171,1
15536,1,1,532.5800171,1
15537,1,1,532.5800171,1
15538,1,1,532.5800171,1
15539,1,1,532.5800171,1
15540,1,1,532.5800171,1
15541,1,1,532.5800171,1
15542,1,1,532.5800171,1
15543,1,1,532.5800171,1
15544,1,1,532.5800171,1
15545,1,1,532.5800171,1
15546,1,1,532.5800171,1
15547,1,1,532.5800171,1
15548,1,1,532.5800171,1
15549,1,1,532.5800171,1
15550,1,1,532.5800171,1
15551,1,1,532.5800171,1
15552,1,1,532.5800171,1
15553,1,1,532.5800171,1
15554,1,1,532.5800171,1
15555,1,1,532.5800171,1
15556,1,1,532.5800171,1
15557,1,1,532.5800171,1
15558,1,1,532.5800171,1
15559,1,1,532.5800171,1
15560,1,1,532.5800171,1
15561,1,1,532.5800171,1
15562,1,1,532.5800171,1
15563,1,1,532.5800171,1
15564,1,1,532.5800171,1
15565,1,1,532.5800171,1
15566,1,1,532.5800171,1
15567,1,1,532.5800171,1
15568,1,1,532.5800171,1
15569,1,1,532.5800171,1
15570,1,1,532.5800171,1
15571,1,1,532.5800171,1
15572,1,1,532.5800171,1
15573,1,1,532.5800171,1
15574,1,1,532.5800171,1
15575,1,1,532.5800171,1
15576,1,1,532.5800171,1
15577,1,1,532.5800171,1
15578,1,1,532.5800171,1
15579,1,1,532.5800171,1
15580,1,1,532.5800171,1
15581,1,1,532.5800171,1
15582,1,1,532.5800171,1
15583,1,1,532.5800171,1
15584,1,1,532.5800171,1
15585,1,1,532.5800171,1
15586,1,1,532.5800171,1
15587,1,1,532.5800171,1
15588,1,1,532.5800171,1
15589,1,1,532.5800171,1
15590,1,1,532.5800171,1
15591,1,1,532.5800171,1
15592,1,1,532.5800171,1
15593,1,1,532.5800171,1
15594,1,1,532.5800171,1
15595,1,1,532.5800171,1
15596,1,1,532.5800171,1
15597,1,1,532.5800171,1
15598,1,1,532.5800171,1
15599,1,1,532.5800171,1
15600,1,1,532.5800171,1
15601,1,1,532.5800171,1
15602,1,1,532.5800171,1
15603,1,1,532.5800171,1
15604,1,1,532.5800171,1
15605,1,1,532.5800171,1
15606,1,1,532.5800171,1
15607,1,1,532.5800171,1
15608,1,1,532.5800171,1
15609,1,1,532.5800171,1
15610,1,1,532.5800171,1
15611,1,1,532.5800171,1
15612,1,1,532.5800171,1
15613,1,1,532.5800171,1
15614,1,1,532.5800171,1
15615,1,1,532.5800171,1
15616,1,1,532.5800171,1
15617,1,1,532.5800171,1
15618,1,1,532.5800171,1
15619,1,1,532.5800171,1
15620,1,1,532.5800171,1
15621,1,1,532.5800171,1
15622,1,1,532.5800171,1
15623,1,1,532.5800171,1
15624,1,1,532.5800171,1
15625,1,1,532.5800171,1
15626,1,1,532.5800171,1
15627,1,1,532.5800171,1
15628,1,1,532.5800171,1
15629,1,1,532.5800171,1
15630,1,1,532.5800171,1
15631,1,1,532.5800171,1
15632,1,1,532.5800171,1
15633,1,1,532.5800171,1
15634,1,1,532.5800171,1
15635,1,1,532.5800171,1
15636,1,1,532.5800171,1
15637,1,1,532.5800171,1
15638,1,1,532.5800171,1
15639,1,1,532.5800171,1
15640,1,1,532.5800171,1
15641,1,1,532.5800171,1
15642,1,1,532.5800171,1
15643,1,1,532.5800171,1
15644,1,1,532.5800171,1
15645,1,1,532.5800171,1
15646,1,1,532.5800171,1
15647,1,1,532.5800171,1
15648,1,1,532.5800171,1
15649,1,1,532.5800171,1
15650,1,1,532.5800171,1
15651,1,1,532.5800171,1
15652,1,1,532.5800171,1
15653,1,1,532.5800171,1
15654,1,1,532.5800171,1
15655,1,1,532.5800171,1
15656,1,1,532.5800171,1
15657,1,1,532.5800171,1
15658,1,1,532.5800171,1
15659,1,1,532.5800171,1
15660,1,1,532.5800171,1
15661,1,1,532.5800171,1
15662,1,1,532.5800171,1
15663,1,1,532.5800171,1
15664,1,1,532.5800171,1
15665,1,1,532.5800171,1
15666,1,1,532.5800171,1
15667,1,1,532.5800171,1
15668,1,1,532.5800171,1
15669,1,1,532.5800171,1
15670,1,1,532.5800171,1
15671,1,1,532.5800171,1
15672,1,1,532.5800171,1
15673,1,1,532.5800171,1
15674,1,1,532.5800171,1
15675,1,1,532.5800171,1
15676,1,1,532.5800171,1
15677,1,1,532.5800171,1
15678,1,1,293.0400085,1
15679,1,1,293.0400085,1
15680,1,1,293.0400085,1
15681,1,1,293.0400085,1
15682,1,1,293.0400085,1
15683,1,1,293.0400085,1
15684,1,1,293.0400085,1
15685,1,1,293.0400085,1
15686,1,1,293.0400085,1
15687,1,1,293.0400085,1
15688,1,1,293.0400085,1
15689,1,1,293.0400085,1
15690,1,1,293.0400085,1
15691,1,1,293.0400085,1
15692,1,1,293.0400085,1
15693,1,1,293.0400085,1
15694,1,1,293.0400085,1
15695,1,1,293.0400085,1
15696,1,1,293.0400085,1
15697,1,1,293.0400085,1
15698,1,1,293.0400085,1
15699,1,1,293.0400085,1
15700,1,1,293.0400085,1
15701,1,1,293.0400085,1
15702,1,1,293.0400085,1
15703,1,1,293.0400085,1
15704,1,1,293.0400085,1
15705,1,1,293.0400085,1
15706,1,1,293.0400085,1
15707,1,1,293.0400085,1
15708,1,1,293.0400085,1
15709,1,1,293.0400085,1
15710,1,1,293.0400085,1
15711,1,1,293.0400085,1
15712,1,1,293.0400085,1
15713,1,1,293.0400085,1
15714,1,1,293.0400085,1
15715,1,1,293.0400085,1
15716,1,1,293.0400085,1
15717,1,1,293.0400085,1
15718,1,1,293.0400085,1
15719,1,1,293.0400085,1
15720,1,1,293.0400085,1
15721,1,1,293.0400085,1
15722,1,1,293.0400085,1
15723,1,1,293.0400085,1
15724,1,1,293.0400085,1
15725,1,1,293.0400085,1
15726,1,1,293.0400085,1
15727,1,1,293.0400085,1
15728,1,1,293.0400085,1
15729,1,1,293.0400085,1
15730,1,1,293.0400085,1
15731,1,1,293.0400085,1
15732,1,1,293.0400085,1
15733,1,1,293.0400085,1
15734,1,1,293.0400085,1
15735,1,1,293.0400085,1
15736,1,1,293.0400085,1
15737,1,1,293.0400085,1
15738,1,1,293.0400085,1
15739,1,1,293.0400085,1
15740,1,1,293.0400085,1
15741,1,1,293.0400085,1
15742,1,1,293.0400085,1
15743,1,1,293.0400085,1
15744,1,1,293.0400085,1
15745,1,1,293.0400085,1
15746,1,1,293.0400085,1
15747,1,1,293.0400085,1
15748,1,1,293.0400085,1
15749,1,1,293.0400085,1
15750,1,1,293.0400085,1
15751,1,1,293.0400085,1
15752,1,1,293.0400085,1
15753,1,1,293.0400085,1
15754,1,1,293.0400085,1
15755,1,1,293.0400085,1
15756,1,1,293.0400085,1
15757,1,1,293.0400085,1
15758,1,1,293.0400085,1
15759,1,1,293.0400085,1
15760,1,1,293.0400085,1
15761,1,1,293.0400085,1
15762,1,1,293.0400085,1
15763,1,1,293.0400085,1
15764,1,1,293.0400085,1
15765,1,1,293.0400085,1
15766,1,1,293.0400085,1
15767,1,1,293.0400085,1
15768,1,1,293.0400085,1
15769,1,1,293.0400085,1
15770,1,1,293.0400085,1
15771,1,1,293.0400085,1
15772,1,1,293.0400085,1
15773,1,1,293.0400085,1
15774,1,1,293.0400085,1
15775,1,1,293.0400085,1
15776,1,1,293.0400085,1
15777,1,1,293.0400085,1
15778,1,1,293.0400085,1
15779,1,1,293.0400085,1
15780,1,1,293.0400085,1
15781,1,1,293.0400085,1
15782,1,1,293.0400085,1
15783,1,1,293.0400085,1
15784,1,1,293.0400085,1
15785,1,1,293.0400085,1
15786,1,1,293.0400085,1
15787,1,1,293.0400085,1
15788,1,1,293.0400085,1
15789,1,1,293.0400085,1
15790,1,1,293.0400085,1
15791,1,1,293.0400085,1
15792,1,1,293.0400085,1
15793,1,1,293.0400085,1
15794,1,1,293.0400085,1
15795,1,1,293.0400085,1
15796,1,1,293.0400085,1
15797,1,1,293.0400085,1
15798,1,1,293.0400085,1
15799,1,1,293.0400085,1
15800,1,1,293.0400085,1
15801,1,1,293.0400085,1
15802,1,1,293.0400085,1
15803,1,1,293.0400085,1
15804,1,1,293.0400085,1
15805,1,1,293.0400085,1
15806,1,1,293.0400085,1
15807,1,1,293.0400085,1
15808,1,1,293.0400085,1
15809,1,1,293.0400085,1
15810,1,1,293.0400085,1
15811,1,1,293.0400085,1
15812,1,1,293.0400085,1
15813,1,1,293.0400085,1
15814,1,1,293.0400085,1
15815,1,1,293.0400085,1
15816,1,1,293.0400085,1
15817,1,1,293.0400085,1
15818,1,1,293.0400085,1
15819,1,1,293.0400085,1
15820,1,1,293.0400085,1
15821,1,1,293.0400085,1
15822,1,1,293.0400085,1
15823,1,1,293.0400085,1
15824,1,1,293.0400085,1
15825,1,1,293.0400085,1
15826,1,1,293.0400085,1
15827,1,1,293.0400085,1
15828,1,1,293.0400085,1
15829,1,1,293.0400085,1
15830,1,1,293.0400085,1
15831,1,1,293.0400085,1
15832,1,1,293.0400085,1
15833,1,1,293.0400085,1
15834,1,1,293.0400085,1
15835,1,1,293.0400085,1
15836,1,1,293.0400085,1
15837,1,1,293.0400085,1
15838,1,1,293.0400085,1
15839,1,1,293.0400085,1
15840,1,1,293.0400085,1
15841,1,1,293.0400085,1
15842,1,1,293.0400085,1
15843,1,1,293.0400085,1
15844,1,1,293.0400085,1
15845,1,1,293.0400085,1
15846,1,1,293.0400085,1
15847,1,1,293.0400085,1
15848,1,1,293.0400085,1
15849,1,1,293.0400085,1
15850,1,1,293.0400085,1
15851,1,1,293.0400085,1
15852,1,1,293.0400085,1
15853,1,1,293.0400085,1
15854,1,1,293.0400085,1
15855,1,1,293.0400085,1
15856,1,1,293.0400085,1
15857,1,1,293.0400085,1
15858,1,1,293.0400085,1
15859,1,1,293.0400085,1
15860,1,1,293.0400085,1
15861,1,1,293.0400085,1
15862,1,1,293.0400085,1
15863,1,1,293.0400085,1
15864,1,1,293.0400085,1
15865,1,1,293.0400085,1
15866,1,1,293.0400085,1
15867,1,1,293.0400085,1
15868,1,1,293.0400085,1
15869,1,1,293.0400085,1
15870,1,1,293.0400085,1
15871,1,1,293.0400085,1
15872,1,1,293.0400085,1
15873,1,1,293.0400085,1
15874,1,1,293.0400085,1
15875,1,1,293.0400085,1
15876,1,1,293.0400085,1
15877,1,1,293.0400085,1
15878,1,1,293.0400085,1
15879,1,1,293.0400085,1
15880,1,1,293.0400085,1
15881,1,1,293.0400085,1
15882,1,1,293.0400085,1
15883,1,1,293.0400085,1
15884,1,1,293.0400085,1
15885,1,1,293.0400085,1
15886,1,1,293.0400085,1
15887,1,1,293.0400085,1
15888,1,1,293.0400085,1
15889,1,1,293.0400085,1
15890,1,1,293.0400085,1
15891,1,1,293.0400085,1
15892,1,1,293.0400085,1
15893,1,1,293.0400085,1
15894,1,1,293.0400085,1
15895,1,1,293.0400085,1
15896,1,1,293.0400085,1
15897,1,1,293.0400085,1
15898,1,1,293.0400085,1
15899,1,1,293.0400085,1
15900,1,1,293.0400085,1
15901,1,1,293.0400085,1
15902,1,1,293.0400085,1
15903,1,1,293.0400085,1
15904,1,1,293.0400085,1
15905,1,1,293.0400085,1
15906,1,1,293.0400085,1
15907,1,1,293.0400085,1
15908,1,1,293.0400085,1
15909,1,1,293.0400085,1
15910,1,1,293.0400085,1
15911,1,1,293.0400085,1
15912,1,1,293.0400085,1
15913,1,1,293.0400085,1
15914,1,1,293.0400085,1
15915,1,1,293.0400085,1
15916,1,1,293.0400085,1
15917,1,1,210.8500061,1
15918,1,1,210.8500061,1
15919,1,1,210.8500061,1
15920,1,1,210.8500061,1
15921,1,1,210.8500061,1
15922,1,1,210.8500061,1
15923,1,1,210.8500061,1
15924,1,1,210.8500061,1
15925,1,1,210.8500061,1
15926,1,1,210.8500061,1
15927,1,1,210.8500061,1
15928,1,1,210.8500061,1
15929,1,1,210.8500061,1
15930,1,1,210.8500061,1
15931,1,1,210.8500061,1
15932,1,1,210.8500061,1
15933,1,1,210.8500061,1
15934,1,1,210.8500061,1
15935,1,1,210.8500061,1
15936,1,1,210.8500061,1
15937,1,1,210.8500061,1
15938,1,1,210.8500061,1
15939,1,1,210.8500061,1
15940,1,1,210.8500061,1
15941,1,1,210.8500061,1
15942,1,1,210.8500061,1
15943,1,1,210.8500061,1
15944,1,1,210.8500061,1
15945,1,1,210.8500061,1
15946,1,1,210.8500061,1
15947,1,1,210.8500061,1
15948,1,1,210.8500061,1
15949,1,1,210.8500061,1
15950,1,1,210.8500061,1
15951,1,1,210.8500061,1
15952,1,1,210.8500061,1
15953,1,1,210.8500061,1
15954,1,1,210.8500061,1
15955,1,1,210.8500061,1
15956,1,1,210.8500061,1
15957,1,1,210.8500061,1
15958,1,1,210.8500061,1
15959,1,1,210.8500061,1
15960,1,1,210.8500061,1
15961,1,1,210.8500061,1
15962,1,1,210.8500061,1
15963,1,1,210.8500061,1
15964,1,1,210.8500061,1
15965,1,1,210.8500061,1
15966,1,1,210.8500061,1
15967,1,1,210.8500061,1
15968,1,1,210.8500061,1
15969,1,1,210.8500061,1
15970,1,1,210.8500061,1
15971,1,1,210.8500061,1
15972,1,1,210.8500061,1
15973,1,1,210.8500061,1
15974,1,1,210.8500061,1
15975,1,1,210.8500061,1
15976,1,1,210.8500061,1
15977,1,1,210.8500061,1
15978,1,1,210.8500061,1
15979,1,1,210.8500061,1
15980,1,1,210.8500061,1
15981,1,1,210.8500061,1
15982,1,1,210.8500061,1
15983,1,1,210.8500061,1
15984,1,1,210.8500061,1
15985,1,1,210.8500061,1
15986,1,1,210.8500061,1
15987,1,1,210.8500061,1
15988,1,1,210.8500061,1
15989,1,1,210.8500061,1
15990,1,1,210.8500061,1
15991,1,1,210.8500061,1
15992,1,1,210.8500061,1
15993,1,1,210.8500061,1
15994,1,1,210.8500061,1
15995,1,1,210.8500061,1
15996,1,1,210.8500061,1
15997,1,1,210.8500061,1
15998,1,1,210.8500061,1
15999,1,1,210.8500061,1
16000,1,1,210.8500061,1
16001,1,1,210.8500061,1
16002,1,1,210.8500061,1
16003,1,1,210.8500061,1
16004,1,1,210.8500061,1
16005,1,1,210.8500061,1
16006,1,1,210.8500061,1
16007,1,1,210.8500061,1
16008,1,1,210.8500061,1
16009,1,1,210.8500061,1
16010,1,1,210.8500061,1
16011,1,1,210.8500061,1
16012,1,1,210.8500061,1
16013,1,1,210.8500061,1
16014,1,1,210.8500061,1
16015,1,1,210.8500061,1
16016,1,1,210.8500061,1
16017,1,1,210.8500061,1
16018,1,1,210.8500061,1
16019,1,1,210.8500061,1
16020,1,1,210.8500061,1
16021,1,1,210.8500061,1
16022,1,1,210.8500061,1
16023,1,1,210.8500061,1
16024,1,1,210.8500061,1
16025,1,1,210.8500061,1
16026,1,1,210.8500061,1
16027,1,1,210.8500061,1
16028,1,1,210.8500061,1
16029,1,1,210.8500061,1
16030,1,1,210.8500061,1
16031,1,1,210.8500061,1
16032,1,1,210.8500061,1
16033,1,1,210.8500061,1
16034,1,1,210.8500061,1
16035,1,1,210.8500061,1
16036,1,1,210.8500061,1
16037,1,1,210.8500061,1
16038,1,1,210.8500061,1
16039,1,1,210.8500061,1
16040,1,1,210.8500061,1
16041,1,1,210.8500061,1
16042,1,1,210.8500061,1
16043,1,1,210.8500061,1
16044,1,1,210.8500061,1
16045,1,1,210.8500061,1
16046,1,1,210.8500061,1
16047,1,1,210.8500061,1
16048,1,1,210.8500061,1
16049,1,1,210.8500061,1
16050,1,1,210.8500061,1
16051,1,1,210.8500061,1
16052,1,1,210.8500061,1
16053,1,1,210.8500061,1
16054,1,1,210.8500061,1
16055,1,1,210.8500061,1
16056,1,1,210.8500061,1
16057,1,1,210.8500061,1
16058,1,1,210.8500061,1
16059,1,1,210.8500061,1
16060,1,1,210.8500061,1
16061,1,1,210.8500061,1
16062,1,1,210.8500061,1
16063,1,1,210.8500061,1
16064,1,1,210.8500061,1
16065,1,1,210.8500061,1
16066,1,1,210.8500061,1
16067,1,1,210.8500061,1
16068,1,1,210.8500061,1
16069,1,1,210.8500061,1
16070,1,1,210.8500061,1
16071,1,1,210.8500061,1
16072,1,1,210.8500061,1
16073,1,1,210.8500061,1
16074,1,1,210.8500061,1
16075,1,1,210.8500061,1
16076,1,1,210.8500061,1
16077,1,1,210.8500061,1
16078,1,1,210.8500061,1
16079,1,1,210.8500061,1
16080,1,1,210.8500061,1
16081,1,1,210.8500061,1
16082,1,1,210.8500061,1
16083,1,1,210.8500061,1
16084,1,1,210.8500061,1
16085,1,1,210.8500061,1
16086,1,1,210.8500061,1
16087,1,1,210.8500061,1
16088,1,1,210.8500061,1
16089,1,1,210.8500061,1
16090,1,1,210.8500061,1
16091,1,1,210.8500061,1
16092,1,1,210.8500061,1
16093,1,1,210.8500061,1
16094,1,1,260.6499939,1
16095,1,1,260.6499939,1
16096,1,1,260.6499939,1
16097,1,1,260.6499939,1
16098,1,1,260.6499939,1
16099,1,1,260.6499939,1
16100,1,1,260.6499939,1
16101,1,1,260.6499939,1
16102,1,1,260.6499939,1
16103,1,1,260.6499939,1
16104,1,1,260.6499939,1
16105,1,1,260.6499939,1
16106,1,1,260.6499939,1
16107,1,1,260.6499939,1
16108,1,1,260.6499939,1
16109,1,1,260.6499939,1
16110,1,1,260.6499939,1
16111,1,1,260.6499939,1
16112,1,1,260.6499939,1
16113,1,1,260.6499939,1
16114,1,1,260.6499939,1
16115,1,1,260.6499939,1
16116,1,1,260.6499939,1
16117,1,1,260.6499939,1
16118,1,1,260.6499939,1
16119,1,1,260.6499939,1
16120,1,1,260.6499939,1
16121,1,1,260.6499939,1
16122,1,1,260.6499939,1
16123,1,1,260.6499939,1
16124,1,1,260.6499939,1
16125,1,1,260.6499939,1
16126,1,1,260.6499939,1
16127,1,1,260.6499939,1
16128,1,1,260.6499939,1
16129,1,1,260.6499939,1
16130,1,1,260.6499939,1
16131,1,1,260.6499939,1
16132,1,1,260.6499939,1
16133,1,1,260.6499939,1
16134,1,1,260.6499939,1
16135,1,1,260.6499939,1
16136,1,1,260.6499939,1
16137,1,1,260.6499939,1
16138,1,1,260.6499939,1
16139,1,1,260.6499939,1
16140,1,1,260.6499939,1
16141,1,1,260.6499939,1
16142,1,1,260.6499939,1
16143,1,1,260.6499939,1
16144,1,1,260.6499939,1
16145,1,1,260.6499939,1
16146,1,1,260.6499939,1
16147,1,1,260.6499939,1
16148,1,1,260.6499939,1
16149,1,1,260.6499939,1
16150,1,1,260.6499939,1
16151,1,1,260.6499939,1
16152,1,1,260.6499939,1
16153,1,1,260.6499939,1
16154,1,1,260.6499939,1
16155,1,1,260.6499939,1
16156,1,1,260.6499939,1
16157,1,1,260.6499939,1
16158,1,1,260.6499939,1
16159,1,1,260.6499939,1
16160,1,1,260.6499939,1
16161,1,1,260.6499939,1
16162,1,1,260.6499939,1
16163,1,1,260.6499939,1
16164,1,1,260.6499939,1
16165,1,1,260.6499939,1
16166,1,1,260.6499939,1
16167,1,1,260.6499939,1
16168,1,1,260.6499939,1
16169,1,1,260.6499939,1
16170,1,1,260.6499939,1
16171,1,1,260.6499939,1
16172,1,1,260.6499939,1
16173,1,1,260.6499939,1
16174,1,1,260.6499939,1
16175,1,1,260.6499939,1
16176,1,1,260.6499939,1
16177,1,1,260.6499939,1
16178,1,1,260.6499939,1
16179,1,1,260.6499939,1
16180,1,1,260.6499939,1
16181,1,1,260.6499939,1
16182,1,1,260.6499939,1
16183,1,1,260.6499939,1
16184,1,1,260.6499939,1
16185,1,1,260.6499939,1
16186,1,1,260.6499939,1
16187,1,1,260.6499939,1
16188,1,1,260.6499939,1
16189,1,1,260.6499939,1
16190,1,1,260.6499939,1
16191,1,1,260.6499939,1
16192,1,1,260.6499939,1
16193,1,1,260.6499939,1
16194,1,1,260.6499939,1
16195,1,1,260.6499939,1
16196,1,1,260.6499939,1
16197,1,1,260.6499939,1
16198,1,1,260.6499939,1
16199,1,1,260.6499939,1
16200,1,1,260.6499939,1
16201,1,1,260.6499939,1
16202,1,1,260.6499939,1
16203,1,1,260.6499939,1
16204,1,1,260.6499939,1
16205,1,1,260.6499939,1
16206,1,1,260.6499939,1
16207,1,1,260.6499939,1
16208,1,1,260.6499939,1
16209,1,1,260.6499939,1
16210,1,1,260.6499939,1
16211,1,1,260.6499939,1
16212,1,1,260.6499939,1
16213,1,1,260.6499939,1
16214,1,1,260.6499939,1
16215,1,1,260.6499939,1
16216,1,1,260.6499939,1
16217,1,1,260.6499939,1
16218,1,1,260.6499939,1
16219,1,1,260.6499939,1
16220,1,1,260.6499939,1
16221,1,1,260.6499939,1
16222,1,1,260.6499939,1
16223,1,1,260.6499939,1
16224,1,1,260.6499939,1
16225,1,1,260.6499939,1
16226,1,1,260.6499939,1
16227,1,1,260.6499939,1
16228,1,1,260.6499939,1
16229,1,1,260.6499939,1
16230,1,1,260.6499939,1
16231,1,1,260.6499939,1
16232,1,1,260.6499939,1
16233,1,1,260.6499939,1
16234,1,1,260.6499939,1
16235,1,1,260.6499939,1
16236,1,1,260.6499939,1
16237,1,1,260.6499939,1
16238,1,1,260.6499939,1
16239,1,1,260.6499939,1
16240,1,1,260.6499939,1
16241,1,1,260.6499939,1
16242,1,1,260.6499939,1
16243,1,1,260.6499939,1
16244,1,1,260.6499939,1
16245,1,1,260.6499939,1
16246,1,1,260.6499939,1
16247,1,1,260.6499939,1
16248,1,1,260.6499939,1
16249,1,1,260.6499939,1
16250,1,1,260.6499939,1
16251,1,1,260.6499939,1
16252,1,1,260.6499939,1
16253,1,1,260.6499939,1
16254,1,1,260.6499939,1
16255,1,1,260.6499939,1
16256,1,1,260.6499939,1
16257,1,1,260.6499939,1
16258,1,1,260.6499939,1
16259,1,1,260.6499939,1
16260,1,1,260.6499939,1
16261,1,1,260.6499939,1
16262,1,1,260.6499939,1
16263,1,1,260.6499939,1
16264,1,1,260.6499939,1
16265,1,1,260.6499939,1
16266,1,1,260.6499939,1
16267,1,1,260.6499939,1
16268,1,1,260.6499939,1
16269,1,1,260.6499939,1
16270,1,1,260.6499939,1
16271,1,1,260.6499939,1
16272,1,1,260.6499939,1
16273,1,1,260.6499939,1
16274,1,1,260.6499939,1
16275,1,1,260.6499939,1
16276,1,1,260.6499939,1
16277,1,1,260.6499939,1
16278,1,1,260.6499939,1
16279,1,1,260.6499939,1
16280,1,1,260.6499939,1
16281,1,1,260.6499939,1
16282,1,1,260.6499939,1
16283,1,1,260.6499939,1
16284,1,1,260.6499939,1
16285,1,1,260.6499939,1
16286,1,1,260.6499939,1
16287,1,1,260.6499939,1
16288,1,1,260.6499939,1
16289,1,1,260.6499939,1
16290,1,1,260.6499939,1
16291,1,1,260.6499939,1
16292,1,1,260.6499939,1
16293,1,1,260.6499939,1
16294,1,1,260.6499939,1
16295,1,1,260.6499939,1
16296,1,1,260.6499939,1
16297,1,1,260.6499939,1
16298,1,1,260.6499939,1
16299,1,1,260.6499939,1
16300,1,1,260.6499939,1
16301,1,1,260.6499939,1
16302,1,1,260.6499939,1
16303,1,1,260.6499939,1
16304,1,1,260.6499939,1
16305,1,1,260.6499939,1
16306,1,1,260.6499939,1
16307,1,1,260.6499939,1
16308,1,1,260.6499939,1
16309,1,1,260.6499939,1
16310,1,1,260.6499939,1
16311,1,1,260.6499939,1
16312,1,1,260.6499939,1
16313,1,1,260.6499939,1
16314,1,1,260.6499939,1
16315,1,1,260.6499939,1
16316,1,1,260.6499939,1
16317,1,1,260.6499939,1
16318,1,1,260.6499939,1
16319,1,1,260.6499939,1
16320,1,1,260.6499939,1
16321,1,1,260.6499939,1
16322,1,1,260.6499939,1
16323,1,1,260.6499939,1
16324,1,1,260.6499939,1
16325,1,1,260.6499939,1
16326,1,1,260.6499939,1
16327,1,1,260.6499939,1
16328,1,1,260.6499939,1
16329,1,1,260.6499939,1
16330,1,1,260.6499939,1
16331,1,1,260.6499939,1
16332,1,1,260.6499939,1
16333,1,1,260.6499939,1
16334,1,1,260.6499939,1
16335,1,1,260.6499939,1
16336,1,1,260.6499939,1
16337,1,1,260.6499939,1
16338,1,1,260.6499939,1
16339,1,1,260.6499939,1
16340,1,1,260.6499939,1
16341,1,1,260.6499939,1
16342,1,1,260.6499939,1
16343,1,1,260.6499939,1
16344,1,1,260.6499939,1
16345,1,1,260.6499939,1
16346,1,1,260.6499939,1
16347,1,1,260.6499939,1
16348,1,1,260.6499939,1
16349,1,1,260.6499939,1
16350,1,1,260.6499939,1
16351,1,1,260.6499939,1
16352,1,1,260.6499939,1
16353,1,1,260.6499939,1
16354,1,1,260.6499939,1
16355,1,1,260.6499939,1
16356,1,1,260.6499939,1
16357,1,1,260.6499939,1
16358,1,1,260.6499939,1
16359,1,1,260.6499939,1
16360,1,1,260.6499939,1
16361,1,1,260.6499939,1
16362,1,1,260.6499939,1
16363,1,1,260.6499939,1
16364,1,1,260.6499939,1
16365,1,1,260.6499939,1
16366,1,1,260.6499939,1
16367,1,1,260.6499939,1
16368,1,1,260.6499939,1
16369,1,1,260.6499939,1
16370,1,1,260.6499939,1
16371,1,1,260.6499939,1
16372,1,1,260.6499939,1
16373,1,1,260.6499939,1
16374,1,1,260.6499939,1
16375,1,1,260.6499939,1
16376,1,1,260.6499939,1
16377,1,1,260.6499939,1
16378,1,1,260.6499939,1
16379,1,1,260.6499939,1
16380,1,1,260.6499939,1
16381,1,1,260.6499939,1
16382,1,1,260.6499939,1
16383,1,1,260.6499939,1
16384,1,1,84.40000153,1
16385,1,1,84.40000153,1
16386,1,1,84.40000153,1
16387,1,1,84.40000153,1
16388,1,1,84.40000153,1
16389,1,1,84.40000153,1
16390,1,1,84.40000153,1
16391,1,1,84.40000153,1
16392,1,1,84.40000153,1
16393,1,1,84.40000153,1
16394,1,1,84.40000153,1
16395,1,1,84.40000153,1
16396,1,1,84.40000153,1
16397,1,1,84.40000153,1
16398,1,1,84.40000153,1
16399,1,1,84.40000153,1
16400,1,1,84.40000153,1
16401,1,1,84.40000153,1
16402,1,1,84.40000153,1
16403,1,1,84.40000153,1
16404,1,1,84.40000153,1
16405,1,1,84.40000153,1
16406,1,1,84.40000153,1
16407,1,1,84.40000153,1
16408,1,1,84.40000153,1
16409,1,1,84.40000153,1
16410,1,1,84.40000153,1
16411,1,1,84.40000153,1
16412,1,1,84.40000153,1
16413,1,1,84.40000153,1
16414,1,1,84.40000153,1
16415,1,1,84.40000153,1
16416,1,1,84.40000153,1
16417,1,1,84.40000153,1
16418,1,1,84.40000153,1
16419,1,1,84.40000153,1
16420,1,1,84.40000153,1
16421,1,1,84.40000153,1
16422,1,1,84.40000153,1
16423,1,1,84.40000153,1
16424,1,1,84.40000153,1
16425,1,1,84.40000153,1
16426,1,1,84.40000153,1
16427,1,1,84.40000153,1
16428,1,1,84.40000153,1
16429,1,1,84.40000153,1
16430,1,1,84.40000153,1
16431,1,1,84.40000153,1
16432,1,1,84.40000153,1
16433,1,1,84.40000153,1
16434,1,1,84.40000153,1
16435,1,1,84.40000153,1
16436,1,1,84.40000153,1
16437,1,1,84.40000153,1
16438,1,1,84.40000153,1
16439,1,1,84.40000153,1
16440,1,1,84.40000153,1
16441,1,1,84.40000153,1
16442,1,1,84.40000153,1
16443,1,1,84.40000153,1
16444,1,1,84.40000153,1
16445,1,1,84.40000153,1
16446,1,1,84.40000153,1
16447,1,1,84.40000153,1
16448,1,1,84.40000153,1
16449,1,1,84.40000153,1
16450,1,1,84.40000153,1
16451,1,1,84.40000153,1
16452,1,1,84.40000153,1
16453,1,1,84.40000153,1
16454,1,1,84.40000153,1
16455,1,1,84.40000153,1
16456,1,1,84.40000153,1
16457,1,1,84.40000153,1
16458,1,1,84.40000153,1
16459,1,1,84.40000153,1
16460,1,1,84.40000153,1
16461,1,1,84.40000153,1
16462,1,1,84.40000153,1
16463,1,1,84.40000153,1
16464,1,1,84.40000153,1
16465,1,1,84.40000153,1
16466,1,1,84.40000153,1
16467,1,1,84.40000153,1
16468,1,1,84.40000153,1
16469,1,1,84.40000153,1
16470,1,1,84.40000153,1
16471,1,1,84.40000153,1
16472,1,1,84.40000153,1
16473,1,1,84.40000153,1
16474,1,1,84.40000153,1
16475,1,1,84.40000153,1
16476,1,1,84.40000153,1
16477,1,1,84.40000153,1
16478,1,1,84.40000153,1
16479,1,1,84.40000153,1
16480,1,1,84.40000153,1
16481,1,1,84.40000153,1
16482,1,1,84.40000153,1
16483,1,1,84.40000153,1
16484,1,1,84.40000153,1
16485,1,1,84.40000153,1
16486,1,1,84.40000153,1
16487,1,1,84.40000153,1
16488,1,1,84.40000153,1
16489,1,1,84.40000153,1
16490,1,1,84.40000153,1
16491,1,1,84.40000153,1
16492,1,1,84.40000153,1
16493,1,1,84.40000153,1
16494,1,1,84.40000153,1
16495,1,1,84.40000153,1
16496,1,1,84.40000153,1
16497,1,1,84.40000153,1
16498,1,1,84.40000153,1
16499,1,1,84.40000153,1
16500,1,1,84.40000153,1
16501,1,1,84.40000153,1
16502,1,1,84.40000153,1
16503,1,1,84.40000153,1
16504,1,1,84.40000153,1
16505,1,1,84.40000153,1
16506,1,1,84.40000153,1
16507,1,1,84.40000153,1
16508,1,1,84.40000153,1
16509,1,1,84.40000153,1
16510,1,1,84.40000153,1
16511,1,1,84.40000153,1
16512,1,1,84.40000153,1
16513,1,1,84.40000153,1
16514,1,1,84.40000153,1
16515,1,1,84.40000153,1
16516,1,1,84.40000153,1
16517,1,1,84.40000153,1
16518,1,1,84.40000153,1
16519,1,1,84.40000153,1
16520,1,1,84.40000153,1
16521,1,1,84.40000153,1
16522,1,1,84.40000153,1
16523,1,1,84.40000153,1
16524,1,1,84.40000153,1
16525,1,1,84.40000153,1
16526,1,1,84.40000153,1
16527,1,1,84.40000153,1
16528,1,1,84.40000153,1
16529,1,1,84.40000153,1
16530,1,1,84.40000153,1
16531,1,1,84.40000153,1
16532,1,1,84.40000153,1
16533,1,1,84.40000153,1
16534,1,1,84.40000153,1
16535,1,1,84.40000153,1
16536,1,1,84.40000153,1
16537,1,1,84.40000153,1
16538,1,1,84.40000153,1
16539,1,1,84.40000153,1
16540,1,1,84.40000153,1
16541,1,1,84.40000153,1
16542,1,1,84.40000153,1
16543,1,1,84.40000153,1
16544,1,1,84.40000153,1
16545,1,1,84.40000153,1
16546,1,1,84.40000153,1
16547,1,1,84.40000153,1
16548,1,1,84.40000153,1
16549,1,1,84.40000153,1
16550,1,1,84.40000153,1
16551,1,1,84.40000153,1
16552,1,1,84.40000153,1
16553,1,1,84.40000153,1
16554,1,1,84.40000153,1
16555,1,1,84.40000153,1
16556,1,1,84.40000153,1
16557,1,1,84.40000153,1
16558,1,1,84.40000153,1
16559,1,1,84.40000153,1
16560,1,1,84.40000153,1
16561,1,1,84.40000153,1
16562,1,1,84.40000153,1
16563,1,1,84.40000153,1
16564,1,1,84.40000153,1
16565,1,1,84.40000153,1
16566,1,1,84.40000153,1
16567,1,1,84.40000153,1
16568,1,1,84.40000153,1
16569,1,1,84.40000153,1
16570,1,1,84.40000153,1
16571,1,1,84.40000153,1
16572,1,1,84.40000153,1
16573,1,1,84.40000153,1
16574,1,1,84.40000153,1
16575,1,1,84.40000153,1
16576,1,1,84.40000153,1
16577,1,1,84.40000153,1
16578,1,1,84.40000153,1
16579,1,1,84.40000153,1
16580,1,1,84.40000153,1
16581,1,1,84.40000153,1
16582,1,1,84.40000153,1
16583,1,1,84.40000153,1
16584,1,1,84.40000153,1
16585,1,1,84.40000153,1
16586,1,1,84.40000153,1
16587,1,1,84.40000153,1
16588,1,1,84.40000153,1
16589,1,1,84.40000153,1
16590,1,1,84.40000153,1
16591,1,1,84.40000153,1
16592,1,1,84.40000153,1
16593,1,1,84.40000153,1
16594,1,1,84.40000153,1
16595,1,1,84.40000153,1
16596,1,1,84.40000153,1
16597,1,1,84.40000153,1
16598,1,1,84.40000153,1
16599,1,1,84.40000153,1
16600,1,1,84.40000153,1
16601,1,1,84.40000153,1
16602,1,1,84.40000153,1
16603,1,1,84.40000153,1
16604,1,1,84.40000153,1
16605,1,1,84.40000153,1
16606,1,1,84.40000153,1
16607,1,1,84.40000153,1
16608,1,1,84.40000153,1
16609,1,1,84.40000153,1
16610,1,1,84.40000153,1
16611,1,1,84.40000153,1
16612,1,1,84.40000153,1
16613,1,1,84.40000153,1
16614,1,1,84.40000153,1
16615,1,1,84.40000153,1
16616,1,1,84.40000153,1
16617,1,1,84.40000153,1
16618,1,1,84.40000153,1
16619,1,1,84.40000153,1
16620,1,1,84.40000153,1
16621,1,1,84.40000153,1
16622,1,1,84.40000153,1
16623,1,1,84.40000153,1
16624,1,1,84.40000153,1
16625,1,1,84.40000153,1
16626,1,1,84.40000153,1
16627,1,1,84.40000153,1
16628,1,1,84.40000153,1
16629,1,1,84.40000153,1
16630,1,1,327.75,1
16631,1,1,327.75,1
16632,1,1,327.75,1
16633,1,1,327.75,1
16634,1,1,327.75,1
16635,1,1,327.75,1
16636,1,1,327.75,1
16637,1,1,327.75,1
16638,1,1,327.75,1
16639,1,1,327.75,1
16640,1,1,327.75,1
16641,1,1,327.75,1
16642,1,1,327.75,1
16643,1,1,327.75,1
16644,1,1,327.75,1
16645,1,1,327.75,1
16646,1,1,327.75,1
16647,1,1,327.75,1
16648,1,1,327.75,1
16649,1,1,327.75,1
16650,1,1,327.75,1
16651,1,1,327.75,1
16652,1,1,327.75,1
16653,1,1,327.75,1
16654,1,1,327.75,1
16655,1,1,327.75,1
16656,1,1,327.75,1
16657,1,1,327.75,1
16658,1,1,327.75,1
16659,1,1,327.75,1
16660,1,1,327.75,1
16661,1,1,327.75,1
16662,1,1,327.75,1
16663,1,1,327.75,1
16664,1,1,327.75,1
16665,1,1,327.75,1
16666,1,1,327.75,1
16667,1,1,327.75,1
16668,1,1,327.75,1
16669,1,1,327.75,1
16670,1,1,327.75,1
16671,1,1,327.75,1
16672,1,1,327.75,1
16673,1,1,327.75,1
16674,1,1,327.75,1
16675,1,1,327.75,1
16676,1,1,327.75,1
16677,1,1,327.75,1
16678,1,1,327.75,1
16679,1,1,327.75,1
16680,1,1,327.75,1
16681,1,1,327.75,1
16682,1,1,327.75,1
16683,1,1,327.75,1
16684,1,1,327.75,1
16685,1,1,327.75,1
16686,1,1,327.75,1
16687,1,1,327.75,1
16688,1,1,327.75,1
16689,1,1,327.75,1
16690,1,1,327.75,1
16691,1,1,327.75,1
16692,1,1,327.75,1
16693,1,1,327.75,1
16694,1,1,327.75,1
16695,1,1,327.75,1
16696,1,1,327.75,1
16697,1,1,327.75,1
16698,1,1,327.75,1
16699,1,1,327.75,1
16700,1,1,327.75,1
16701,1,1,327.75,1
16702,1,1,327.75,1
16703,1,1,327.75,1
16704,1,1,327.75,1
16705,1,1,327.75,1
16706,1,1,327.75,1
16707,1,1,327.75,1
16708,1,1,327.75,1
16709,1,1,327.75,1
16710,1,1,327.75,1
16711,1,1,327.75,1
16712,1,1,327.75,1
16713,1,1,327.75,1
16714,1,1,327.75,1
16715,1,1,327.75,1
16716,1,1,327.75,1
16717,1,1,327.75,1
16718,1,1,327.75,1
16719,1,1,327.75,1
16720,1,1,327.75,1
16721,1,1,327.75,1
16722,1,1,327.75,1
16723,1,1,327.75,1
16724,1,1,327.75,1
16725,1,1,327.75,1
16726,1,1,327.75,1
16727,1,1,327.75,1
16728,1,1,327.75,1
16729,1,1,327.75,1
16730,1,1,327.75,1
16731,1,1,327.75,1
16732,1,1,327.75,1
16733,1,1,327.75,1
16734,1,1,327.75,1
16735,1,1,327.75,1
16736,1,1,327.75,1
16737,1,1,327.75,1
16738,1,1,327.75,1
16739,1,1,327.75,1
16740,1,1,327.75,1
16741,1,1,327.75,1
16742,1,1,327.75,1
16743,1,1,327.75,1
16744,1,1,327.75,1
16745,1,1,327.75,1
16746,1,1,327.75,1
16747,1,1,327.75,1
16748,1,1,327.75,1
16749,1,1,327.75,1
16750,1,1,327.75,1
16751,1,1,327.75,1
16752,1,1,327.75,1
16753,1,1,327.75,1
16754,1,1,327.75,1
16755,1,1,327.75,1
16756,1,1,327.75,1
16757,1,1,327.75,1
16758,1,1,327.75,1
16759,1,1,327.75,1
16760,1,1,327.75,1
16761,1,1,327.75,1
16762,1,1,327.75,1
16763,1,1,327.75,1
16764,1,1,327.75,1
16765,1,1,327.75,1
16766,1,1,327.75,1
16767,1,1,327.75,1
16768,1,1,327.75,1
16769,1,1,327.75,1
16770,1,1,327.75,1
16771,1,1,327.75,1
16772,1,1,327.75,1
16773,1,1,327.75,1
16774,1,1,327.75,1
16775,1,1,11.53999996,1
16776,1,1,11.53999996,1
16777,1,1,11.53999996,1
16778,1,1,11.53999996,1
16779,1,1,11.53999996,1
16780,1,1,11.53999996,1
16781,1,1,11.53999996,1
16782,1,1,11.53999996,1
16783,1,1,11.53999996,1
16784,1,1,11.53999996,1
16785,1,1,11.53999996,1
16786,1,1,11.53999996,1
16787,1,1,11.53999996,1
16788,1,1,11.53999996,1
16789,1,1,11.53999996,1
16790,1,1,11.53999996,1
16791,1,1,11.53999996,1
16792,1,1,11.53999996,1
16793,1,1,11.53999996,1
16794,1,1,11.53999996,1
16795,1,1,11.53999996,1
16796,1,1,11.53999996,1
16797,1,1,11.53999996,1
16798,1,1,11.53999996,1
16799,1,1,11.53999996,1
16800,1,1,11.53999996,1
16801,1,1,11.53999996,1
16802,1,1,11.53999996,1
16803,1,1,11.53999996,1
16804,1,1,11.53999996,1
16805,1,1,11.53999996,1
16806,1,1,11.53999996,1
16807,1,1,11.53999996,1
16808,1,1,11.53999996,1
16809,1,1,11.53999996,1
16810,1,1,11.53999996,1
16811,1,1,11.53999996,1
16812,1,1,11.53999996,1
16813,1,1,11.53999996,1
16814,1,1,11.53999996,1
16815,1,1,11.53999996,1
16816,1,1,11.53999996,1
16817,1,1,11.53999996,1
16818,1,1,11.53999996,1
16819,1,1,11.53999996,1
16820,1,1,11.53999996,1
16821,1,1,11.53999996,1
16822,1,1,11.53999996,1
16823,1,1,11.53999996,1
16824,1,1,11.53999996,1
16825,1,1,11.53999996,1
16826,1,1,11.53999996,1
16827,1,1,11.53999996,1
16828,1,1,11.53999996,1
16829,1,1,11.53999996,1
16830,1,1,11.53999996,1
16831,1,1,11.53999996,1
16832,1,1,11.53999996,1
16833,1,1,11.53999996,1
16834,1,1,11.53999996,1
16835,1,1,11.53999996,1
16836,1,1,11.53999996,1
16837,1,1,11.53999996,1
16838,1,1,11.53999996,1
16839,1,1,11.53999996,1
16840,1,1,11.53999996,1
16841,1,1,11.53999996,1
16842,1,1,11.53999996,1
16843,1,1,11.53999996,1
16844,1,1,11.53999996,1
16845,1,1,11.53999996,1
16846,1,1,11.53999996,1
16847,1,1,11.53999996,1
16848,1,1,11.53999996,1
16849,1,1,11.53999996,1
16850,1,1,11.53999996,1
16851,1,1,11.53999996,1
16852,1,1,11.53999996,1
16853,1,1,11.53999996,1
16854,1,1,11.53999996,1
16855,1,1,11.53999996,1
16856,1,1,11.53999996,1
16857,1,1,11.53999996,1
16858,1,1,11.53999996,1
16859,1,1,11.53999996,1
16860,1,1,11.53999996,1
16861,1,1,11.53999996,1
16862,1,1,11.53999996,1
16863,1,1,11.53999996,1
16864,1,1,11.53999996,1
16865,1,1,11.53999996,1
16866,1,1,11.53999996,1
16867,1,1,11.53999996,1
16868,1,1,11.53999996,1
16869,1,1,11.53999996,1
16870,1,1,11.53999996,1
16871,1,1,11.53999996,1
16872,1,1,11.53999996,1
16873,1,1,11.53999996,1
16874,1,1,11.53999996,1
16875,1,1,11.53999996,1
16876,1,1,11.53999996,1
16877,1,1,11.53999996,1
16878,1,1,11.53999996,1
16879,1,1,11.53999996,1
16880,1,1,11.53999996,1
16881,1,1,11.53999996,1
16882,1,1,11.53999996,1
16883,1,1,11.53999996,1
16884,1,1,11.53999996,1
16885,1,1,11.53999996,1
16886,1,1,11.53999996,1
16887,1,1,11.53999996,1
16888,1,1,11.53999996,1
16889,1,1,11.53999996,1
16890,1,1,11.53999996,1
16891,1,1,11.53999996,1
16892,1,1,11.53999996,1
16893,1,1,11.53999996,1
16894,1,1,11.53999996,1
16895,1,1,11.53999996,1
16896,1,1,11.53999996,1
16897,1,1,11.53999996,1
16898,1,1,11.53999996,1
16899,1,1,11.53999996,1
16900,1,1,11.53999996,1
16901,1,1,11.53999996,1
16902,1,1,11.53999996,1
16903,1,1,11.53999996,1
16904,1,1,11.53999996,1
16905,1,1,11.53999996,1
16906,1,1,11.53999996,1
16907,1,1,11.53999996,1
16908,1,1,11.53999996,1
16909,1,1,11.53999996,1
16910,1,1,11.53999996,1
16911,1,1,11.53999996,1
16912,1,1,11.53999996,1
16913,1,1,11.53999996,1
16914,1,1,11.53999996,1
16915,1,1,11.53999996,1
16916,1,1,11.53999996,1
16917,1,1,11.53999996,1
16918,1,1,11.53999996,1
16919,1,1,11.53999996,1
16920,1,1,11.53999996,1
16921,1,1,11.53999996,1
16922,1,1,11.53999996,1
16923,1,1,11.53999996,1
16924,1,1,11.53999996,1
16925,1,1,11.53999996,1
16926,1,1,11.53999996,1
16927,1,1,11.53999996,1
16928,1,1,11.53999996,1
16929,1,1,11.53999996,1
16930,1,1,11.53999996,1
16931,1,1,11.53999996,1
16932,1,1,11.53999996,1
16933,1,1,11.53999996,1
16934,1,1,11.53999996,1
16935,1,1,11.53999996,1
16936,1,1,11.53999996,1
16937,1,1,11.53999996,1
16938,1,1,11.53999996,1
16939,1,1,11.53999996,1
16940,1,1,11.53999996,1
16941,1,1,11.53999996,1
16942,1,1,11.53999996,1
16943,1,1,11.53999996,1
16944,1,1,11.53999996,1
16945,1,1,11.53999996,1
16946,1,1,11.53999996,1
16947,1,1,11.53999996,1
16948,1,1,11.53999996,1
16949,1,1,11.53999996,1
16950,1,1,11.53999996,1
16951,1,1,11.53999996,1
16952,1,1,11.53999996,1
16953,1,1,11.53999996,1
16954,1,1,11.53999996,1
16955,1,1,11.53999996,1
16956,1,1,11.53999996,1
16957,1,1,11.53999996,1
16958,1,1,11.53999996,1
16959,1,1,11.53999996,1
16960,1,1,11.53999996,1
16961,1,1,11.53999996,1
16962,1,1,11.53999996,1
16963,1,1,11.53999996,1
16964,1,1,11.53999996,1
16965,1,1,11.53999996,1
16966,1,1,11.53999996,1
16967,1,1,11.53999996,1
16968,1,1,11.53999996,1
16969,1,1,11.53999996,1
16970,1,1,11.53999996,1
16971,1,1,11.53999996,1
16972,1,1,11.53999996,1
16973,1,1,11.53999996,1
16974,1,1,11.53999996,1
16975,1,1,11.53999996,1
16976,1,1,11.53999996,1
16977,1,1,11.53999996,1
16978,1,1,11.53999996,1
16979,1,1,11.53999996,1
16980,1,1,11.53999996,1
16981,1,1,11.53999996,1
16982,1,1,11.53999996,1
16983,1,1,11.53999996,1
16984,1,1,11.53999996,1
16985,1,1,11.53999996,1
16986,1,1,11.53999996,1
16987,1,1,11.53999996,1
16988,1,1,11.53999996,1
16989,1,1,11.53999996,1
16990,1,1,11.53999996,1
16991,1,1,11.53999996,1
16992,1,1,11.53999996,1
16993,1,1,11.53999996,1
16994,1,1,11.53999996,1
16995,1,1,11.53999996,1
16996,1,1,11.53999996,1
16997,1,1,11.53999996,1
16998,1,1,11.53999996,1
16999,1,1,11.53999996,1
17000,1,1,11.53999996,1
17001,1,1,11.53999996,1
17002,1,1,11.53999996,1
17003,1,1,11.53999996,1
17004,1,1,11.53999996,1
17005,1,1,11.53999996,1
17006,1,1,11.53999996,1
17007,1,1,11.53999996,1
17008,1,1,11.53999996,1
17009,1,1,11.53999996,1
17010,1,1,11.53999996,1
17011,1,1,11.53999996,1
17012,1,1,11.53999996,1
17013,1,1,11.53999996,1
17014,1,1,11.53999996,1
17015,1,1,11.53999996,1
17016,1,1,11.53999996,1
17017,1,1,11.53999996,1
17018,1,1,11.53999996,1
17019,1,1,11.53999996,1
17020,1,1,11.53999996,1
17021,1,1,11.53999996,1
17022,1,1,11.53999996,1
17023,1,1,11.53999996,1
17024,1,1,11.53999996,1
17025,1,1,11.53999996,1
17026,1,1,11.53999996,1
17027,1,1,11.53999996,1
17028,1,1,39.75,1
17029,1,1,39.75,1
17030,1,1,39.75,1
17031,1,1,39.75,1
17032,1,1,39.75,1
17033,1,1,39.75,1
17034,1,1,39.75,1
17035,1,1,39.75,1
17036,1,1,39.75,1
17037,1,1,39.75,1
17038,1,1,39.75,1
17039,1,1,39.75,1
17040,1,1,39.75,1
17041,1,1,39.75,1
17042,1,1,39.75,1
17043,1,1,39.75,1
17044,1,1,39.75,1
17045,1,1,39.75,1
17046,1,1,39.75,1
17047,1,1,39.75,1
17048,1,1,39.75,1
17049,1,1,39.75,1
17050,1,1,39.75,1
17051,1,1,39.75,1
17052,1,1,39.75,1
17053,1,1,39.75,1
17054,1,1,39.75,1
17055,1,1,39.75,1
17056,1,1,39.75,1
17057,1,1,39.75,1
17058,1,1,39.75,1
17059,1,1,39.75,1
17060,1,1,39.75,1
17061,1,1,39.75,1
17062,1,1,39.75,1
17063,1,1,39.75,1
17064,1,1,39.75,1
17065,1,1,39.75,1
17066,1,1,39.75,1
17067,1,1,39.75,1
17068,1,1,39.75,1
17069,1,1,39.75,1
17070,1,1,39.75,1
17071,1,1,39.75,1
17072,1,1,39.75,1
17073,1,1,39.75,1
17074,1,1,39.75,1
17075,1,1,39.75,1
17076,1,1,39.75,1
17077,1,1,39.75,1
17078,1,1,39.75,1
17079,1,1,39.75,1
17080,1,1,39.75,1
17081,1,1,39.75,1
17082,1,1,39.75,1
17083,1,1,39.75,1
17084,1,1,39.75,1
17085,1,1,39.75,1
17086,1,1,39.75,1
17087,1,1,39.75,1
17088,1,1,39.75,1
17089,1,1,39.75,1
17090,1,1,39.75,1
17091,1,1,39.75,1
17092,1,1,39.75,1
17093,1,1,39.75,1
17094,1,1,39.75,1
17095,1,1,39.75,1
17096,1,1,39.75,1
17097,1,1,39.75,1
17098,1,1,39.75,1
17099,1,1,39.75,1
17100,1,1,39.75,1
17101,1,1,39.75,1
17102,1,1,39.75,1
17103,1,1,39.75,1
17104,1,1,39.75,1
17105,1,1,39.75,1
17106,1,1,39.75,1
17107,1,1,39.75,1
17108,1,1,39.75,1
17109,1,1,39.75,1
17110,1,1,39.75,1
17111,1,1,39.75,1
17112,1,1,39.75,1
17113,1,1,39.75,1
17114,1,1,39.75,1
17115,1,1,39.75,1
17116,1,1,39.75,1
17117,1,1,39.75,1
17118,1,1,39.75,1
17119,1,1,39.75,1
17120,1,1,39.75,1
17121,1,1,39.75,1
17122,1,1,39.75,1
17123,1,1,39.75,1
17124,1,1,39.75,1
17125,1,1,39.75,1
17126,1,1,39.75,1
17127,1,1,39.75,1
17128,1,1,39.75,1
17129,1,1,39.75,1
17130,1,1,39.75,1
17131,1,1,39.75,1
17132,1,1,39.75,1
17133,1,1,39.75,1
17134,1,1,39.75,1
17135,1,1,39.75,1
17136,1,1,39.75,1
17137,1,1,39.75,1
17138,1,1,39.75,1
17139,1,1,39.75,1
17140,1,1,39.75,1
17141,1,1,39.75,1
17142,1,1,39.75,1
17143,1,1,39.75,1
17144,1,1,39.75,1
17145,1,1,39.75,1
17146,1,1,39.75,1
17147,1,1,39.75,1
17148,1,1,39.75,1
17149,1,1,39.75,1
17150,1,1,39.75,1
17151,1,1,39.75,1
17152,1,1,39.75,1
17153,1,1,39.75,1
17154,1,1,39.75,1
17155,1,1,39.75,1
17156,1,1,39.75,1
17157,1,1,39.75,1
17158,1,1,39.75,1
17159,1,1,39.75,1
17160,1,1,39.75,1
17161,1,1,39.75,1
17162,1,1,39.75,1
17163,1,1,39.75,1
17164,1,1,39.75,1
17165,1,1,39.75,1
17166,1,1,39.75,1
17167,1,1,39.75,1
17168,1,1,39.75,1
17169,1,1,39.75,1
17170,1,1,39.75,1
17171,1,1,39.75,1
17172,1,1,39.75,1
17173,1,1,39.75,1
17174,1,1,39.75,1
17175,1,1,39.75,1
17176,1,1,39.75,1
17177,1,1,39.75,1
17178,1,1,39.75,1
17179,1,1,39.75,1
17180,1,1,39.75,1
17181,1,1,39.75,1
17182,1,1,39.75,1
17183,1,1,39.75,1
17184,1,1,39.75,1
17185,1,1,39.75,1
17186,1,1,39.75,1
17187,1,1,39.75,1
17188,1,1,39.75,1
17189,1,1,39.75,1
17190,1,1,39.75,1
17191,1,1,39.75,1
17192,1,1,39.75,1
17193,1,1,39.75,1
17194,1,1,39.75,1
17195,1,1,39.75,1
17196,1,1,39.75,1
17197,1,1,39.75,1
17198,1,1,39.75,1
17199,1,1,39.75,1
17200,1,1,39.75,1
17201,1,1,39.75,1
17202,1,1,39.75,1
17203,1,1,39.75,1
17204,1,1,39.75,1
17205,1,1,39.75,1
17206,1,1,39.75,1
17207,1,1,39.75,1
17208,1,1,39.75,1
17209,1,1,39.75,1
17210,1,1,39.75,1
17211,1,1,39.75,1
17212,1,1,39.75,1
17213,1,1,39.75,1
17214,1,1,39.75,1
17215,1,1,39.75,1
17216,1,1,39.75,1
17217,1,1,39.75,1
17218,1,1,39.75,1
17219,1,1,39.75,1
17220,1,1,39.75,1
17221,1,1,39.75,1
17222,1,1,39.75,1
17223,1,1,39.75,1
17224,1,1,39.75,1
17225,1,1,39.75,1
17226,1,1,39.75,1
17227,1,1,39.75,1
17228,1,1,39.75,1
17229,1,1,39.75,1
17230,1,1,39.75,1
17231,1,1,39.75,1
17232,1,1,39.75,1
17233,1,1,39.75,1
17234,1,1,39.75,1
17235,1,1,39.75,1
17236,1,1,39.75,1
17237,1,1,39.75,1
17238,1,1,39.75,1
17239,1,1,39.75,1
17240,1,1,39.75,1
17241,1,1,39.75,1
17242,1,1,39.75,1
17243,1,1,39.75,1
17244,1,1,39.75,1
17245,1,1,39.75,1
17246,1,1,39.75,1
17247,1,1,39.75,1
17248,1,1,39.75,1
17249,1,1,39.75,1
17250,1,1,39.75,1
17251,1,1,39.75,1
17252,1,1,39.75,1
17253,1,1,39.75,1
17254,1,1,39.75,1
17255,1,1,39.75,1
17256,1,1,215.8200073,1
17257,1,1,215.8200073,1
17258,1,1,215.8200073,1
17259,1,1,215.8200073,1
17260,1,1,215.8200073,1
17261,1,1,215.8200073,1
17262,1,1,215.8200073,1
17263,1,1,215.8200073,1
17264,1,1,215.8200073,1
17265,1,1,215.8200073,1
17266,1,1,215.8200073,1
17267,1,1,215.8200073,1
17268,1,1,215.8200073,1
17269,1,1,215.8200073,1
17270,1,1,215.8200073,1
17271,1,1,215.8200073,1
17272,1,1,215.8200073,1
17273,1,1,215.8200073,1
17274,1,1,215.8200073,1
17275,1,1,215.8200073,1
17276,1,1,215.8200073,1
17277,1,1,215.8200073,1
17278,1,1,215.8200073,1
17279,1,1,215.8200073,1
17280,1,1,215.8200073,1
17281,1,1,215.8200073,1
17282,1,1,215.8200073,1
17283,1,1,215.8200073,1
17284,1,1,215.8200073,1
17285,1,1,215.8200073,1
17286,1,1,215.8200073,1
17287,1,1,215.8200073,1
17288,1,1,215.8200073,1
17289,1,1,215.8200073,1
17290,1,1,215.8200073,1
17291,1,1,215.8200073,1
17292,1,1,215.8200073,1
17293,1,1,215.8200073,1
17294,1,1,215.8200073,1
17295,1,1,215.8200073,1
17296,1,1,215.8200073,1
17297,1,1,215.8200073,1
17298,1,1,215.8200073,1
17299,1,1,215.8200073,1
17300,1,1,215.8200073,1
17301,1,1,215.8200073,1
17302,1,1,215.8200073,1
17303,1,1,215.8200073,1
17304,1,1,215.8200073,1
17305,1,1,215.8200073,1
17306,1,1,215.8200073,1
17307,1,1,215.8200073,1
17308,1,1,215.8200073,1
17309,1,1,215.8200073,1
17310,1,1,215.8200073,1
17311,1,1,215.8200073,1
17312,1,1,215.8200073,1
17313,1,1,215.8200073,1
17314,1,1,215.8200073,1
17315,1,1,215.8200073,1
17316,1,1,215.8200073,1
17317,1,1,215.8200073,1
17318,1,1,215.8200073,1
17319,1,1,215.8200073,1
17320,1,1,215.8200073,1
17321,1,1,215.8200073,1
17322,1,1,215.8200073,1
17323,1,1,215.8200073,1
17324,1,1,215.8200073,1
17325,1,1,215.8200073,1
17326,1,1,215.8200073,1
17327,1,1,215.8200073,1
17328,1,1,215.8200073,1
17329,1,1,215.8200073,1
17330,1,1,215.8200073,1
17331,1,1,215.8200073,1
17332,1,1,215.8200073,1
17333,1,1,215.8200073,1
17334,1,1,215.8200073,1
17335,1,1,215.8200073,1
17336,1,1,215.8200073,1
17337,1,1,215.8200073,1
17338,1,1,215.8200073,1
17339,1,1,215.8200073,1
17340,1,1,215.8200073,1
17341,1,1,215.8200073,1
17342,1,1,215.8200073,1
17343,1,1,215.8200073,1
17344,1,1,215.8200073,1
17345,1,1,215.8200073,1
17346,1,1,215.8200073,1
17347,1,1,215.8200073,1
17348,1,1,215.8200073,1
17349,1,1,215.8200073,1
17350,1,1,215.8200073,1
17351,1,1,215.8200073,1
17352,1,1,215.8200073,1
17353,1,1,215.8200073,1
17354,1,1,215.8200073,1
17355,1,1,215.8200073,1
17356,1,1,215.8200073,1
17357,1,1,215.8200073,1
17358,1,1,215.8200073,1
17359,1,1,215.8200073,1
17360,1,1,215.8200073,1
17361,1,1,215.8200073,1
17362,1,1,215.8200073,1
17363,1,1,215.8200073,1
17364,1,1,215.8200073,1
17365,1,1,215.8200073,1
17366,1,1,215.8200073,1
17367,1,1,215.8200073,1
17368,1,1,215.8200073,1
17369,1,1,215.8200073,1
17370,1,1,215.8200073,1
17371,1,1,215.8200073,1
17372,1,1,215.8200073,1
17373,1,1,215.8200073,1
17374,1,1,215.8200073,1
17375,1,1,215.8200073,1
17376,1,1,215.8200073,1
17377,1,1,215.8200073,1
17378,1,1,215.8200073,1
17379,1,1,215.8200073,1
17380,1,1,215.8200073,1
17381,1,1,215.8200073,1
17382,1,1,215.8200073,1
17383,1,1,215.8200073,1
17384,1,1,215.8200073,1
17385,1,1,215.8200073,1
17386,1,1,215.8200073,1
17387,1,1,215.8200073,1
17388,1,1,215.8200073,1
17389,1,1,215.8200073,1
17390,1,1,215.8200073,1
17391,1,1,215.8200073,1
17392,1,1,215.8200073,1
17393,1,1,215.8200073,1
17394,1,1,215.8200073,1
17395,1,1,215.8200073,1
17396,1,1,215.8200073,1
17397,1,1,215.8200073,1
17398,1,1,215.8200073,1
17399,1,1,215.8200073,1
17400,1,1,215.8200073,1
17401,1,1,215.8200073,1
17402,1,1,215.8200073,1
17403,1,1,215.8200073,1
17404,1,1,215.8200073,1
17405,1,1,215.8200073,1
17406,1,1,215.8200073,1
17407,1,1,215.8200073,1
17408,1,1,215.8200073,1
17409,1,1,215.8200073,1
17410,1,1,215.8200073,1
17411,1,1,215.8200073,1
17412,1,1,215.8200073,1
17413,1,1,215.8200073,1
17414,1,1,215.8200073,1
17415,1,1,215.8200073,1
17416,1,1,215.8200073,1
17417,1,1,215.8200073,1
17418,1,1,215.8200073,1
17419,1,1,215.8200073,1
17420,1,1,215.8200073,1
17421,1,1,215.8200073,1
17422,1,1,215.8200073,1
17423,1,1,215.8200073,1
17424,1,1,215.8200073,1
17425,1,1,215.8200073,1
17426,1,1,215.8200073,1
17427,1,1,215.8200073,1
17428,1,1,215.8200073,1
17429,1,1,215.8200073,1
17430,1,1,215.8200073,1
17431,1,1,215.8200073,1
17432,1,1,215.8200073,1
17433,1,1,215.8200073,1
17434,1,1,215.8200073,1
17435,1,1,215.8200073,1
17436,1,1,215.8200073,1
17437,1,1,215.8200073,1
17438,1,1,215.8200073,1
17439,1,1,215.8200073,1
17440,1,1,215.8200073,1
17441,1,1,215.8200073,1
17442,1,1,215.8200073,1
17443,1,1,215.8200073,1
17444,1,1,215.8200073,1
17445,1,1,215.8200073,1
17446,1,1,215.8200073,1
17447,1,1,215.8200073,1
17448,1,1,215.8200073,1
17449,1,1,215.8200073,1
17450,1,1,215.8200073,1
17451,1,1,215.8200073,1
17452,1,1,215.8200073,1
17453,1,1,215.8200073,1
17454,1,1,215.8200073,1
17455,1,1,215.8200073,1
17456,1,1,215.8200073,1
17457,1,1,215.8200073,1
17458,1,1,215.8200073,1
17459,1,1,215.8200073,1
17460,1,1,215.8200073,1
17461,1,1,215.8200073,1
17462,1,1,215.8200073,1
17463,1,1,215.8200073,1
17464,1,1,215.8200073,1
17465,1,1,215.8200073,1
17466,1,1,215.8200073,1
17467,1,1,215.8200073,1
17468,1,1,215.8200073,1
17469,1,1,215.8200073,1
17470,1,1,215.8200073,1
17471,1,1,215.8200073,1
17472,1,1,215.8200073,1
17473,1,1,215.8200073,1
17474,1,1,215.8200073,1
17475,1,1,215.8200073,1
17476,1,1,215.8200073,1
17477,1,1,215.8200073,1
17478,1,1,215.8200073,1
17479,1,1,215.8200073,1
17480,1,1,215.8200073,1
17481,1,1,215.8200073,1
17482,1,1,215.8200073,1
17483,1,1,215.8200073,1
17484,1,1,215.8200073,1
17485,1,1,215.8200073,1
17486,1,1,215.8200073,1
17487,1,1,215.8200073,1
17488,1,1,215.8200073,1
17489,1,1,215.8200073,1
17490,1,1,215.8200073,1
17491,1,1,215.8200073,1
17492,1,1,215.8200073,1
17493,1,1,215.8200073,1
17494,1,1,215.8200073,1
17495,1,1,215.8200073,1
17496,1,1,215.8200073,1
17497,1,1,215.8200073,1
17498,1,1,215.8200073,1
17499,1,1,215.8200073,1
17500,1,1,215.8200073,1
17501,1,1,215.8200073,1
17502,1,1,215.8200073,1
17503,1,1,215.8200073,1
17504,1,1,215.8200073,1
17505,1,1,215.8200073,1
17506,1,1,215.8200073,1
17507,1,1,215.8200073,1
17508,1,1,215.8200073,1
17509,1,1,215.8200073,1
17510,1,1,215.8200073,1
17511,1,1,215.8200073,1
17512,1,1,215.8200073,1
17513,1,1,215.8200073,1
17514,1,1,215.8200073,1
17515,1,1,215.8200073,1
17516,1,1,215.8200073,1
17517,1,1,215.8200073,1
17518,1,1,215.8200073,1
17519,1,1,215.8200073,1
17520,1,1,215.8200073,1
17521,1,1,215.8200073,1
17522,1,1,215.8200073,1
17523,1,1,215.8200073,1
17524,1,1,215.8200073,1
17525,1,1,215.8200073,1
17526,1,1,215.8200073,1
17527,1,1,215.8200073,1
17528,1,1,31.07999992,1
17529,1,1,31.07999992,1
17530,1,1,31.07999992,1
17531,1,1,31.07999992,1
17532,1,1,31.07999992,1
17533,1,1,31.07999992,1
17534,1,1,31.07999992,1
17535,1,1,31.07999992,1
17536,1,1,31.07999992,1
17537,1,1,31.07999992,1
17538,1,1,31.07999992,1
17539,1,1,31.07999992,1
17540,1,1,31.07999992,1
17541,1,1,31.07999992,1
17542,1,1,31.07999992,1
17543,1,1,31.07999992,1
17544,1,1,31.07999992,1
17545,1,1,31.07999992,1
17546,1,1,31.07999992,1
17547,1,1,31.07999992,1
17548,1,1,31.07999992,1
17549,1,1,31.07999992,1
17550,1,1,31.07999992,1
17551,1,1,31.07999992,1
17552,1,1,31.07999992,1
17553,1,1,31.07999992,1
17554,1,1,31.07999992,1
17555,1,1,31.07999992,1
17556,1,1,31.07999992,1
17557,1,1,31.07999992,1
17558,1,1,31.07999992,1
17559,1,1,31.07999992,1
17560,1,1,31.07999992,1
17561,1,1,31.07999992,1
17562,1,1,31.07999992,1
17563,1,1,31.07999992,1
17564,1,1,31.07999992,1
17565,1,1,31.07999992,1
17566,1,1,31.07999992,1
17567,1,1,31.07999992,1
17568,1,1,31.07999992,1
17569,1,1,31.07999992,1
17570,1,1,31.07999992,1
17571,1,1,31.07999992,1
17572,1,1,31.07999992,1
17573,1,1,31.07999992,1
17574,1,1,31.07999992,1
17575,1,1,31.07999992,1
17576,1,1,31.07999992,1
17577,1,1,31.07999992,1
17578,1,1,31.07999992,1
17579,1,1,31.07999992,1
17580,1,1,31.07999992,1
17581,1,1,31.07999992,1
17582,1,1,31.07999992,1
17583,1,1,31.07999992,1
17584,1,1,31.07999992,1
17585,1,1,31.07999992,1
17586,1,1,31.07999992,1
17587,1,1,31.07999992,1
17588,1,1,31.07999992,1
17589,1,1,31.07999992,1
17590,1,1,31.07999992,1
17591,1,1,31.07999992,1
17592,1,1,31.07999992,1
17593,1,1,31.07999992,1
17594,1,1,31.07999992,1
17595,1,1,31.07999992,1
17596,1,1,31.07999992,1
17597,1,1,31.07999992,1
17598,1,1,31.07999992,1
17599,1,1,31.07999992,1
17600,1,1,31.07999992,1
17601,1,1,31.07999992,1
17602,1,1,31.07999992,1
17603,1,1,31.07999992,1
17604,1,1,31.07999992,1
17605,1,1,31.07999992,1
17606,1,1,31.07999992,1
17607,1,1,31.07999992,1
17608,1,1,31.07999992,1
17609,1,1,31.07999992,1
17610,1,1,31.07999992,1
17611,1,1,31.07999992,1
17612,1,1,31.07999992,1
17613,1,1,31.07999992,1
17614,1,1,31.07999992,1
17615,1,1,31.07999992,1
17616,1,1,31.07999992,1
17617,1,1,31.07999992,1
17618,1,1,31.07999992,1
17619,1,1,31.07999992,1
17620,1,1,31.07999992,1
17621,1,1,31.07999992,1
17622,1,1,31.07999992,1
17623,1,1,31.07999992,1
17624,1,1,31.07999992,1
17625,1,1,59.08000183,1
17626,1,1,59.08000183,1
17627,1,1,59.08000183,1
17628,1,1,59.08000183,1
17629,1,1,59.08000183,1
17630,1,1,59.08000183,1
17631,1,1,59.08000183,1
17632,1,1,59.08000183,1
17633,1,1,59.08000183,1
17634,1,1,59.08000183,1
17635,1,1,59.08000183,1
17636,1,1,59.08000183,1
17637,1,1,59.08000183,1
17638,1,1,59.08000183,1
17639,1,1,59.08000183,1
17640,1,1,59.08000183,1
17641,1,1,59.08000183,1
17642,1,1,59.08000183,1
17643,1,1,59.08000183,1
17644,1,1,59.08000183,1
17645,1,1,59.08000183,1
17646,1,1,59.08000183,1
17647,1,1,59.08000183,1
17648,1,1,59.08000183,1
17649,1,1,59.08000183,1
17650,1,1,59.08000183,1
17651,1,1,59.08000183,1
17652,1,1,59.08000183,1
17653,1,1,59.08000183,1
17654,1,1,59.08000183,1
17655,1,1,59.08000183,1
17656,1,1,59.08000183,1
17657,1,1,59.08000183,1
17658,1,1,59.08000183,1
17659,1,1,59.08000183,1
17660,1,1,59.08000183,1
17661,1,1,59.08000183,1
17662,1,1,59.08000183,1
17663,1,1,59.08000183,1
17664,1,1,59.08000183,1
17665,1,1,59.08000183,1
17666,1,1,59.08000183,1
17667,1,1,59.08000183,1
17668,1,1,59.08000183,1
17669,1,1,59.08000183,1
17670,1,1,59.08000183,1
17671,1,1,59.08000183,1
17672,1,1,59.08000183,1
17673,1,1,59.08000183,1
17674,1,1,59.08000183,1
17675,1,1,59.08000183,1
17676,1,1,59.08000183,1
17677,1,1,59.08000183,1
17678,1,1,59.08000183,1
17679,1,1,59.08000183,1
17680,1,1,59.08000183,1
17681,1,1,59.08000183,1
17682,1,1,59.08000183,1
17683,1,1,59.08000183,1
17684,1,1,59.08000183,1
17685,1,1,59.08000183,1
17686,1,1,59.08000183,1
17687,1,1,59.08000183,1
17688,1,1,59.08000183,1
17689,1,1,59.08000183,1
17690,1,1,59.08000183,1
17691,1,1,59.08000183,1
17692,1,1,59.08000183,1
17693,1,1,59.08000183,1
17694,1,1,59.08000183,1
17695,1,1,59.08000183,1
17696,1,1,59.08000183,1
17697,1,1,59.08000183,1
17698,1,1,59.08000183,1
17699,1,1,59.08000183,1
17700,1,1,59.08000183,1
17701,1,1,59.08000183,1
17702,1,1,59.08000183,1
17703,1,1,59.08000183,1
17704,1,1,59.08000183,1
17705,1,1,59.08000183,1
17706,1,1,59.08000183,1
17707,1,1,59.08000183,1
17708,1,1,59.08000183,1
17709,1,1,59.08000183,1
17710,1,1,59.08000183,1
17711,1,1,59.08000183,1
17712,1,1,59.08000183,1
17713,1,1,59.08000183,1
17714,1,1,59.08000183,1
17715,1,1,59.08000183,1
17716,1,1,59.08000183,1
17717,1,1,59.08000183,1
17718,1,1,59.08000183,1
17719,1,1,59.08000183,1
17720,1,1,59.08000183,1
17721,1,1,59.08000183,1
17722,1,1,59.08000183,1
17723,1,1,59.08000183,1
17724,1,1,59.08000183,1
17725,1,1,59.08000183,1
17726,1,1,59.08000183,1
17727,1,1,59.08000183,1
17728,1,1,59.08000183,1
17729,1,1,59.08000183,1
17730,1,1,59.08000183,1
17731,1,1,59.08000183,1
17732,1,1,59.08000183,1
17733,1,1,59.08000183,1
17734,1,1,59.08000183,1
17735,1,1,59.08000183,1
17736,1,1,59.08000183,1
17737,1,1,59.08000183,1
17738,1,1,59.08000183,1
17739,1,1,59.08000183,1
17740,1,1,59.08000183,1
17741,1,1,59.08000183,1
17742,1,1,59.08000183,1
17743,1,1,59.08000183,1
17744,1,1,59.08000183,1
17745,1,1,59.08000183,1
17746,1,1,59.08000183,1
17747,1,1,59.08000183,1
17748,1,1,59.08000183,1
17749,1,1,59.08000183,1
17750,1,1,11.28999996,1
17751,1,1,11.28999996,1
17752,1,1,11.28999996,1
17753,1,1,11.28999996,1
17754,1,1,11.28999996,1
17755,1,1,11.28999996,1
17756,1,1,11.28999996,1
17757,1,1,11.28999996,1
17758,1,1,11.28999996,1
17759,1,1,11.28999996,1
17760,1,1,11.28999996,1
17761,1,1,11.28999996,1
17762,1,1,11.28999996,1
17763,1,1,11.28999996,1
17764,1,1,11.28999996,1
17765,1,1,11.28999996,1
17766,1,1,11.28999996,1
17767,1,1,11.28999996,1
17768,1,1,11.28999996,1
17769,1,1,11.28999996,1
17770,1,1,11.28999996,1
17771,1,1,11.28999996,1
17772,1,1,11.28999996,1
17773,1,1,11.28999996,1
17774,1,1,11.28999996,1
17775,1,1,11.28999996,1
17776,1,1,11.28999996,1
17777,1,1,11.28999996,1
17778,1,1,11.28999996,1
17779,1,1,11.28999996,1
17780,1,1,11.28999996,1
17781,1,1,11.28999996,1
17782,1,1,11.28999996,1
17783,1,1,11.28999996,1
17784,1,1,11.28999996,1
17785,1,1,11.28999996,1
17786,1,1,11.28999996,1
17787,1,1,11.28999996,1
17788,1,1,11.28999996,1
17789,1,1,11.28999996,1
17790,1,1,11.28999996,1
17791,1,1,11.28999996,1
17792,1,1,11.28999996,1
17793,1,1,11.28999996,1
17794,1,1,11.28999996,1
17795,1,1,11.28999996,1
17796,1,1,11.28999996,1
17797,1,1,11.28999996,1
17798,1,1,11.28999996,1
17799,1,1,11.28999996,1
17800,1,1,11.28999996,1
17801,1,1,11.28999996,1
17802,1,1,11.28999996,1
17803,1,1,11.28999996,1
17804,1,1,11.28999996,1
17805,1,1,11.28999996,1
17806,1,1,11.28999996,1
17807,1,1,11.28999996,1
17808,1,1,11.28999996,1
17809,1,1,11.28999996,1
17810,1,1,11.28999996,1
17811,1,1,11.28999996,1
17812,1,1,11.28999996,1
17813,1,1,11.28999996,1
17814,1,1,11.28999996,1
17815,1,1,11.28999996,1
17816,1,1,11.28999996,1
17817,1,1,11.28999996,1
17818,1,1,11.28999996,1
17819,1,1,11.28999996,1
17820,1,1,11.28999996,1
17821,1,1,11.28999996,1
17822,1,1,11.28999996,1
17823,1,1,11.28999996,1
17824,1,1,11.28999996,1
17825,1,1,11.28999996,1
17826,1,1,11.28999996,1
17827,1,1,11.28999996,1
17828,1,1,11.28999996,1
17829,1,1,11.28999996,1
17830,1,1,11.28999996,1
17831,1,1,11.28999996,1
17832,1,1,11.28999996,1
17833,1,1,11.28999996,1
17834,1,1,11.28999996,1
17835,1,1,11.28999996,1
17836,1,1,11.28999996,1
17837,1,1,11.28999996,1
17838,1,1,11.28999996,1
17839,1,1,11.28999996,1
17840,1,1,11.28999996,1
17841,1,1,11.28999996,1
17842,1,1,11.28999996,1
17843,1,1,11.28999996,1
17844,1,1,11.28999996,1
17845,1,1,11.28999996,1
17846,1,1,11.28999996,1
17847,1,1,11.28999996,1
17848,1,1,11.28999996,1
17849,1,1,11.28999996,1
17850,1,1,11.28999996,1
17851,1,1,11.28999996,1
17852,1,1,11.28999996,1
17853,1,1,11.28999996,1
17854,1,1,11.28999996,1
17855,1,1,11.28999996,1
17856,1,1,11.28999996,1
17857,1,1,11.28999996,1
17858,1,1,11.28999996,1
17859,1,1,11.28999996,1
17860,1,1,11.28999996,1
17861,1,1,11.28999996,1
17862,1,1,11.28999996,1
17863,1,1,11.28999996,1
17864,1,1,11.28999996,1
17865,1,1,11.28999996,1
17866,1,1,11.28999996,1
17867,1,1,11.28999996,1
17868,1,1,11.28999996,1
17869,1,1,11.28999996,1
17870,1,1,11.28999996,1
17871,1,1,11.28999996,1
17872,1,1,11.28999996,1
17873,1,1,11.28999996,1
17874,1,1,11.28999996,1
17875,1,1,11.28999996,1
17876,1,1,11.28999996,1
17877,1,1,11.28999996,1
17878,1,1,11.28999996,1
17879,1,1,11.28999996,1
17880,1,1,11.28999996,1
17881,1,1,11.28999996,1
17882,1,1,11.28999996,1
17883,1,1,11.28999996,1
17884,1,1,11.28999996,1
17885,1,1,11.28999996,1
17886,1,1,11.28999996,1
17887,1,1,11.28999996,1
17888,1,1,452.0400085,1
17889,1,1,452.0400085,1
17890,1,1,452.0400085,1
17891,1,1,452.0400085,1
17892,1,1,452.0400085,1
17893,1,1,452.0400085,1
17894,1,1,452.0400085,1
17895,1,1,452.0400085,1
17896,1,1,452.0400085,1
17897,1,1,452.0400085,1
17898,1,1,452.0400085,1
17899,1,1,452.0400085,1
17900,1,1,452.0400085,1
17901,1,1,452.0400085,1
17902,1,1,452.0400085,1
17903,1,1,452.0400085,1
17904,1,1,452.0400085,1
17905,1,1,357.1000061,1
17906,1,1,357.1000061,1
17907,1,1,357.1000061,1
17908,1,1,357.1000061,1
17909,1,1,357.1000061,1
17910,1,1,357.1000061,1
17911,1,1,357.1000061,1
17912,1,1,357.1000061,1
17913,1,1,357.1000061,1
17914,1,1,357.1000061,1
17915,1,1,357.1000061,1
17916,1,1,357.1000061,1
17917,1,1,357.1000061,1
17918,1,1,357.1000061,1
17919,1,1,357.1000061,1
17920,1,1,357.1000061,1
17921,1,1,357.1000061,1
17922,1,1,357.1000061,1
17923,1,1,357.1000061,1
17924,1,1,357.1000061,1
17925,1,1,357.1000061,1
17926,1,1,357.1000061,1
17927,1,1,357.1000061,1
17928,1,1,357.1000061,1
17929,1,1,357.1000061,1
17930,1,1,357.1000061,1
17931,1,1,357.1000061,1
17932,1,1,357.1000061,1
17933,1,1,357.1000061,1
17934,1,1,357.1000061,1
17935,1,1,357.1000061,1
17936,1,1,357.1000061,1
17937,1,1,357.1000061,1
17938,1,1,357.1000061,1
17939,1,1,357.1000061,1
17940,1,1,357.1000061,1
17941,1,1,357.1000061,1
17942,1,1,357.1000061,1
17943,1,1,357.1000061,1
17944,1,1,357.1000061,1
17945,1,1,357.1000061,1
17946,1,1,357.1000061,1
17947,1,1,357.1000061,1
17948,1,1,357.1000061,1
17949,1,1,357.1000061,1
17950,1,1,357.1000061,1
17951,1,1,357.1000061,1
17952,1,1,357.1000061,1
17953,1,1,357.1000061,1
17954,1,1,357.1000061,1
17955,1,1,357.1000061,1
17956,1,1,357.1000061,1
17957,1,1,357.1000061,1
17958,1,1,357.1000061,1
17959,1,1,357.1000061,1
17960,1,1,357.1000061,1
17961,1,1,357.1000061,1
17962,1,1,357.1000061,1
17963,1,1,357.1000061,1
17964,1,1,357.1000061,1
17965,1,1,357.1000061,1
17966,1,1,357.1000061,1
17967,1,1,357.1000061,1
17968,1,1,357.1000061,1
17969,1,1,357.1000061,1
17970,1,1,357.1000061,1
17971,1,1,357.1000061,1
17972,1,1,357.1000061,1
17973,1,1,357.1000061,1
17974,1,1,357.1000061,1
17975,1,1,357.1000061,1
17976,1,1,357.1000061,1
17977,1,1,357.1000061,1
17978,1,1,357.1000061,1
17979,1,1,357.1000061,1
17980,1,1,357.1000061,1
17981,1,1,357.1000061,1
17982,1,1,357.1000061,1
17983,1,1,357.1000061,1
17984,1,1,357.1000061,1
17985,1,1,357.1000061,1
17986,1,1,357.1000061,1
17987,1,1,357.1000061,1
17988,1,1,357.1000061,1
17989,1,1,357.1000061,1
17990,1,1,357.1000061,1
17991,1,1,357.1000061,1
17992,1,1,357.1000061,1
17993,1,1,357.1000061,1
17994,1,1,357.1000061,1
17995,1,1,357.1000061,1
17996,1,1,357.1000061,1
17997,1,1,357.1000061,1
17998,1,1,357.1000061,1
17999,1,1,357.1000061,1
18000,1,1,357.1000061,1
18001,1,1,357.1000061,1
18002,1,1,357.1000061,1
18003,1,1,357.1000061,1
18004,1,1,357.1000061,1
18005,1,1,357.1000061,1
18006,1,1,357.1000061,1
18007,1,1,357.1000061,1
18008,1,1,357.1000061,1
18009,1,1,357.1000061,1
18010,1,1,357.1000061,1
18011,1,1,357.1000061,1
18012,1,1,357.1000061,1
18013,1,1,357.1000061,1
18014,1,1,357.1000061,1
18015,1,1,357.1000061,1
18016,1,1,357.1000061,1
18017,1,1,357.1000061,1
18018,1,1,357.1000061,1
18019,1,1,357.1000061,1
18020,1,1,357.1000061,1
18021,1,1,357.1000061,1
18022,1,1,357.1000061,1
18023,1,1,357.1000061,1
18024,1,1,357.1000061,1
18025,1,1,357.1000061,1
18026,1,1,357.1000061,1
18027,1,1,357.1000061,1
18028,1,1,357.1000061,1
18029,1,1,357.1000061,1
18030,1,1,357.1000061,1
18031,1,1,357.1000061,1
18032,1,1,357.1000061,1
18033,1,1,357.1000061,1
18034,1,1,357.1000061,1
18035,1,1,1500.0,1
18036,1,1,1500.0,1
18037,1,1,1500.0,1
18038,1,1,1500.0,1
18039,1,1,1500.0,1
18040,1,1,1500.0,1
18041,1,1,1500.0,1
18042,1,1,1500.0,1
18043,1,1,1500.0,1
18044,1,1,1500.0,1
18045,1,1,1500.0,1
18046,1,1,1500.0,1
18047,1,1,1500.0,1
18048,1,1,1500.0,1
18049,1,1,1500.0,1
18050,1,1,1500.0,1
18051,1,1,1500.0,1
18052,1,1,1500.0,1
18053,1,1,1500.0,1
18054,1,1,1500.0,1
18055,1,1,1500.0,1
18056,1,1,1500.0,1
18057,1,1,1500.0,1
18058,1,1,1500.0,1
18059,1,1,1500.0,1
18060,1,1,1500.0,1
18061,1,1,1500.0,1
18062,1,1,1500.0,1
18063,1,1,1500.0,1
18064,1,1,1500.0,1
18065,1,1,1500.0,1
18066,1,1,1500.0,1
18067,1,1,1500.0,1
18068,1,1,1500.0,1
18069,1,1,1500.0,1
18070,1,1,1500.0,1
18071,1,1,1500.0,1
18072,1,1,1500.0,1
18073,1,1,1500.0,1
18074,1,1,1500.0,1
18075,1,1,1500.0,1
18076,1,1,1500.0,1
18077,1,1,1500.0,1
18078,1,1,1500.0,1
18079,1,1,1500.0,1
18080,1,1,1500.0,1
18081,1,1,1500.0,1
18082,1,1,1500.0,1
18083,1,1,1500.0,1
18084,1,1,1500.0,1
18085,1,1,1500.0,1
18086,1,1,1500.0,1
18087,1,1,1500.0,1
18088,1,1,1500.0,1
18089,1,1,1500.0,1
18090,1,1,1500.0,1
18091,1,1,1500.0,1
18092,1,1,1500.0,1
18093,1,1,1500.0,1
18094,1,1,1500.0,1
18095,1,1,1500.0,1
18096,1,1,1500.0,1
18097,1,1,1500.0,1
18098,1,1,1500.0,1
18099,1,1,1500.0,1
18100,1,1,1500.0,1
18101,1,1,1500.0,1
18102,1,1,1500.0,1
18103,1,1,1500.0,1
18104,1,1,1500.0,1
18105,1,1,1500.0,1
18106,1,1,1500.0,1
18107,1,1,1500.0,1
18108,1,1,1500.0,1
18109,1,1,1500.0,1
18110,1,1,1500.0,1
18111,1,1,1500.0,1
18112,1,1,1500.0,1
18113,1,1,1500.0,1
18114,1,1,1500.0,1
18115,1,1,1500.0,1
18116,1,1,1500.0,1
18117,1,1,1500.0,1
18118,1,1,1500.0,1
18119,1,1,1500.0,1
18120,1,1,1500.0,1
18121,1,1,1500.0,1
18122,1,1,1500.0,1
18123,1,1,1500.0,1
18124,1,1,1500.0,1
18125,1,1,1500.0,1
18126,1,1,1500.0,1
18127,1,1,252.8800049,1
18128,1,1,252.8800049,1
18129,1,1,252.8800049,1
18130,1,1,252.8800049,1
18131,1,1,252.8800049,1
18132,1,1,252.8800049,1
18133,1,1,252.8800049,1
18134,1,1,252.8800049,1
18135,1,1,252.8800049,1
18136,1,1,252.8800049,1
18137,1,1,252.8800049,1
18138,1,1,252.8800049,1
18139,1,1,252.8800049,1
18140,1,1,252.8800049,1
18141,1,1,252.8800049,1
18142,1,1,252.8800049,1
18143,1,1,252.8800049,1
18144,1,1,252.8800049,1
18145,1,1,252.8800049,1
18146,1,1,252.8800049,1
18147,1,1,252.8800049,1
18148,1,1,252.8800049,1
18149,1,1,252.8800049,1
18150,1,1,252.8800049,1
18151,1,1,252.8800049,1
18152,1,1,252.8800049,1
18153,1,1,252.8800049,1
18154,1,1,252.8800049,1
18155,1,1,252.8800049,1
18156,1,1,252.8800049,1
18157,1,1,252.8800049,1
18158,1,1,252.8800049,1
18159,1,1,252.8800049,1
18160,1,1,252.8800049,1
18161,1,1,252.8800049,1
18162,1,1,252.8800049,1
18163,1,1,252.8800049,1
18164,1,1,252.8800049,1
18165,1,1,252.8800049,1
18166,1,1,252.8800049,1
18167,1,1,252.8800049,1
18168,1,1,252.8800049,1
18169,1,1,252.8800049,1
18170,1,1,252.8800049,1
18171,1,1,252.8800049,1
18172,1,1,252.8800049,1
18173,1,1,252.8800049,1
18174,1,1,252.8800049,1
18175,1,1,252.8800049,1
18176,1,1,252.8800049,1
18177,1,1,252.8800049,1
18178,1,1,252.8800049,1
18179,1,1,252.8800049,1
18180,1,1,252.8800049,1
18181,1,1,252.8800049,1
18182,1,1,252.8800049,1
18183,1,1,252.8800049,1
18184,1,1,252.8800049,1
18185,1,1,252.8800049,1
18186,1,1,252.8800049,1
18187,1,1,252.8800049,1
18188,1,1,252.8800049,1
18189,1,1,252.8800049,1
18190,1,1,252.8800049,1
18191,1,1,252.8800049,1
18192,1,1,252.8800049,1
18193,1,1,252.8800049,1
18194,1,1,252.8800049,1
18195,1,1,252.8800049,1
18196,1,1,252.8800049,1
18197,1,1,252.8800049,1
18198,1,1,252.8800049,1
18199,1,1,252.8800049,1
18200,1,1,252.8800049,1
18201,1,1,252.8800049,1
18202,1,1,252.8800049,1
18203,1,1,252.8800049,1
18204,1,1,252.8800049,1
18205,1,1,252.8800049,1
18206,1,1,252.8800049,1
18207,1,1,252.8800049,1
18208,1,1,252.8800049,1
18209,1,1,252.8800049,1
18210,1,1,252.8800049,1
18211,1,1,252.8800049,1
18212,1,1,252.8800049,1
18213,1,1,252.8800049,1
18214,1,1,252.8800049,1
18215,1,1,252.8800049,1
18216,1,1,252.8800049,1
18217,1,1,252.8800049,1
18218,1,1,252.8800049,1
18219,1,1,252.8800049,1
18220,1,1,252.8800049,1
18221,1,1,252.8800049,1
18222,1,1,252.8800049,1
18223,1,1,252.8800049,1
18224,1,1,252.8800049,1
18225,1,1,252.8800049,1
18226,1,1,252.8800049,1
18227,1,1,252.8800049,1
18228,1,1,252.8800049,1
18229,1,1,252.8800049,1
18230,1,1,252.8800049,1
18231,1,1,252.8800049,1
18232,1,1,252.8800049,1
18233,1,1,252.8800049,1
18234,1,1,252.8800049,1
18235,1,1,252.8800049,1
18236,1,1,252.8800049,1
18237,1,1,252.8800049,1
18238,1,1,252.8800049,1
18239,1,1,252.8800049,1
18240,1,1,252.8800049,1
18241,1,1,252.8800049,1
18242,1,1,252.8800049,1
18243,1,1,252.8800049,1
18244,1,1,252.8800049,1
18245,1,1,252.8800049,1
18246,1,1,252.8800049,1
18247,1,1,252.8800049,1
18248,1,1,252.8800049,1
18249,1,1,252.8800049,1
18250,1,1,252.8800049,1
18251,1,1,252.8800049,1
18252,1,1,252.8800049,1
18253,1,1,252.8800049,1
18254,1,1,252.8800049,1
18255,1,1,252.8800049,1
18256,1,1,252.8800049,1
18257,1,1,252.8800049,1
18258,1,1,252.8800049,1
18259,1,1,252.8800049,1
18260,1,1,252.8800049,1
18261,1,1,252.8800049,1
18262,1,1,252.8800049,1
18263,1,1,252.8800049,1
18264,1,1,252.8800049,1
18265,1,1,252.8800049,1
18266,1,1,252.8800049,1
18267,1,1,252.8800049,1
18268,1,1,252.8800049,1
18269,1,1,252.8800049,1
18270,1,1,252.8800049,1
18271,1,1,252.8800049,1
18272,1,1,252.8800049,1
18273,1,1,461.480011,1
18274,1,1,461.480011,1
18275,1,1,461.480011,1
18276,1,1,461.480011,1
18277,1,1,461.480011,1
18278,1,1,461.480011,1
18279,1,1,461.480011,1
18280,1,1,461.480011,1
18281,1,1,461.480011,1
18282,1,1,461.480011,1
18283,1,1,461.480011,1
18284,1,1,461.480011,1
18285,1,1,461.480011,1
18286,1,1,461.480011,1
18287,1,1,461.480011,1
18288,1,1,461.480011,1
18289,1,1,461.480011,1
18290,1,1,461.480011,1
18291,1,1,461.480011,1
18292,1,1,461.480011,1
18293,1,1,461.480011,1
18294,1,1,461.480011,1
18295,1,1,461.480011,1
18296,1,1,461.480011,1
18297,1,1,461.480011,1
18298,1,1,461.480011,1
18299,1,1,461.480011,1
18300,1,1,461.480011,1
18301,1,1,461.480011,1
18302,1,1,461.480011,1
18303,1,1,461.480011,1
18304,1,1,461.480011,1
18305,1,1,461.480011,1
18306,1,1,461.480011,1
18307,1,1,461.480011,1
18308,1,1,461.480011,1
18309,1,1,461.480011,1
18310,1,1,461.480011,1
18311,1,1,461.480011,1
18312,1,1,461.480011,1
18313,1,1,461.480011,1
18314,1,1,461.480011,1
18315,1,1,461.480011,1
18316,1,1,461.480011,1
18317,1,1,461.480011,1
18318,1,1,461.480011,1
18319,1,1,461.480011,1
18320,1,1,461.480011,1
18321,1,1,461.480011,1
18322,1,1,461.480011,1
18323,1,1,461.480011,1
18324,1,1,461.480011,1
18325,1,1,461.480011,1
18326,1,1,461.480011,1
18327,1,1,461.480011,1
18328,1,1,461.480011,1
18329,1,1,461.480011,1
18330,1,1,461.480011,1
18331,1,1,461.480011,1
18332,1,1,461.480011,1
18333,1,1,461.480011,1
18334,1,1,461.480011,1
18335,1,1,461.480011,1
18336,1,1,461.480011,1
18337,1,1,461.480011,1
18338,1,1,461.480011,1
18339,1,1,461.480011,1
18340,1,1,461.480011,1
18341,1,1,461.480011,1
18342,1,1,461.480011,1
18343,1,1,461.480011,1
18344,1,1,461.480011,1
18345,1,1,461.480011,1
18346,1,1,461.480011,1
18347,1,1,461.480011,1
18348,1,1,461.480011,1
18349,1,1,461.480011,1
18350,1,1,461.480011,1
18351,1,1,461.480011,1
18352,1,1,461.480011,1
18353,1,1,461.480011,1
18354,1,1,461.480011,1
18355,1,1,461.480011,1
18356,1,1,461.480011,1
18357,1,1,461.480011,1
18358,1,1,461.480011,1
18359,1,1,461.480011,1
18360,1,1,461.480011,1
18361,1,1,461.480011,1
18362,1,1,461.480011,1
18363,1,1,461.480011,1
18364,1,1,461.480011,1
18365,1,1,461.480011,1
18366,1,1,461.480011,1
18367,1,1,461.480011,1
18368,1,1,461.480011,1
18369,1,1,461.480011,1
18370,1,1,461.480011,1
18371,1,1,461.480011,1
18372,1,1,461.480011,1
18373,1,1,461.480011,1
18374,1,1,461.480011,1
18375,1,1,461.480011,1
18376,1,1,461.480011,1
18377,1,1,461.480011,1
18378,1,1,461.480011,1
18379,1,1,461.480011,1
18380,1,1,461.480011,1
18381,1,1,461.480011,1
18382,1,1,461.480011,1
18383,1,1,461.480011,1
18384,1,1,461.480011,1
18385,1,1,461.480011,1
18386,1,1,461.480011,1
18387,1,1,461.480011,1
18388,1,1,461.480011,1
18389,1,1,461.480011,1
18390,1,1,461.480011,1
18391,1,1,461.480011,1
18392,1,1,461.480011,1
18393,1,1,461.480011,1
18394,1,1,461.480011,1
18395,1,1,461.480011,1
18396,1,1,461.480011,1
18397,1,1,461.480011,1
18398,1,1,461.480011,1
18399,1,1,461.480011,1
18400,1,1,461.480011,1
18401,1,1,461.480011,1
18402,1,1,461.480011,1
18403,1,1,461.480011,1
18404,1,1,461.480011,1
18405,1,1,461.480011,1
18406,1,1,461.480011,1
18407,1,1,461.480011,1
18408,1,1,461.480011,1
18409,1,1,461.480011,1
18410,1,1,461.480011,1
18411,1,1,461.480011,1
18412,1,1,461.480011,1
18413,1,1,461.480011,1
18414,1,1,461.480011,1
18415,1,1,461.480011,1
18416,1,1,461.480011,1
18417,1,1,461.480011,1
18418,1,1,461.480011,1
18419,1,1,461.480011,1
18420,1,1,461.480011,1
18421,1,1,461.480011,1
18422,1,1,461.480011,1
18423,1,1,461.480011,1
18424,1,1,461.480011,1
18425,1,1,461.480011,1
18426,1,1,461.480011,1
18427,1,1,461.480011,1
18428,1,1,461.480011,1
18429,1,1,461.480011,1
18430,1,1,461.480011,1
18431,1,1,461.480011,1
18432,1,1,461.480011,1
18433,1,1,461.480011,1
18434,1,1,461.480011,1
18435,1,1,461.480011,1
18436,1,1,461.480011,1
18437,1,1,461.480011,1
18438,1,1,461.480011,1
18439,1,1,461.480011,1
18440,1,1,461.480011,1
18441,1,1,461.480011,1
18442,1,1,461.480011,1
18443,1,1,461.480011,1
18444,1,1,461.480011,1
18445,1,1,461.480011,1
18446,1,1,461.480011,1
18447,1,1,461.480011,1
18448,1,1,461.480011,1
18449,1,1,461.480011,1
18450,1,1,461.480011,1
18451,1,1,461.480011,1
18452,1,1,461.480011,1
18453,1,1,461.480011,1
18454,1,1,461.480011,1
18455,1,1,461.480011,1
18456,1,1,461.480011,1
18457,1,1,461.480011,1
18458,1,1,461.480011,1
18459,1,1,461.480011,1
18460,1,1,461.480011,1
18461,1,1,461.480011,1
18462,1,1,461.480011,1
18463,1,1,461.480011,1
18464,1,1,461.480011,1
18465,1,1,461.480011,1
18466,1,1,461.480011,1
18467,1,1,461.480011,1
18468,1,1,461.480011,1
18469,1,1,461.480011,1
18470,1,1,461.480011,1
18471,1,1,461.480011,1
18472,1,1,461.480011,1
18473,1,1,461.480011,1
18474,1,1,461.480011,1
18475,1,1,461.480011,1
18476,1,1,461.480011,1
18477,1,1,461.480011,1
18478,1,1,461.480011,1
18479,1,1,461.480011,1
18480,1,1,461.480011,1
18481,1,1,461.480011,1
18482,1,1,461.480011,1
18483,1,1,461.480011,1
18484,1,1,461.480011,1
18485,1,1,461.480011,1
18486,1,1,461.480011,1
18487,1,1,461.480011,1
18488,1,1,461.480011,1
18489,1,1,461.480011,1
18490,1,1,461.480011,1
18491,1,1,461.480011,1
18492,1,1,461.480011,1
18493,1,1,461.480011,1
18494,1,1,461.480011,1
18495,1,1,461.480011,1
18496,1,1,461.480011,1
18497,1,1,461.480011,1
18498,1,1,461.480011,1
18499,1,1,461.480011,1
18500,1,1,461.480011,1
18501,1,1,461.480011,1
18502,1,1,461.480011,1
18503,1,1,461.480011,1
18504,1,1,461.480011,1
18505,1,1,461.480011,1
18506,1,1,461.480011,1
18507,1,1,461.480011,1
18508,1,1,461.480011,1
18509,1,1,461.480011,1
18510,1,1,461.480011,1
18511,1,1,461.480011,1
18512,1,1,461.480011,1
18513,1,1,461.480011,1
18514,1,1,461.480011,1
18515,1,1,461.480011,1
18516,1,1,461.480011,1
18517,1,1,461.480011,1
18518,1,1,461.480011,1
18519,1,1,461.480011,1
18520,1,1,461.480011,1
18521,1,1,461.480011,1
18522,1,1,461.480011,1
18523,1,1,461.480011,1
18524,1,1,461.480011,1
18525,1,1,461.480011,1
18526,1,1,164.3800049,1
18527,1,1,164.3800049,1
18528,1,1,164.3800049,1
18529,1,1,164.3800049,1
18530,1,1,164.3800049,1
18531,1,1,164.3800049,1
18532,1,1,164.3800049,1
18533,1,1,164.3800049,1
18534,1,1,164.3800049,1
18535,1,1,164.3800049,1
18536,1,1,164.3800049,1
18537,1,1,164.3800049,1
18538,1,1,164.3800049,1
18539,1,1,164.3800049,1
18540,1,1,164.3800049,1
18541,1,1,164.3800049,1
18542,1,1,164.3800049,1
18543,1,1,164.3800049,1
18544,1,1,164.3800049,1
18545,1,1,164.3800049,1
18546,1,1,164.3800049,1
18547,1,1,164.3800049,1
18548,1,1,164.3800049,1
18549,1,1,164.3800049,1
18550,1,1,164.3800049,1
18551,1,1,164.3800049,1
18552,1,1,164.3800049,1
18553,1,1,164.3800049,1
18554,1,1,164.3800049,1
18555,1,1,164.3800049,1
18556,1,1,164.3800049,1
18557,1,1,164.3800049,1
18558,1,1,164.3800049,1
18559,1,1,164.3800049,1
18560,1,1,164.3800049,1
18561,1,1,164.3800049,1
18562,1,1,164.3800049,1
18563,1,1,164.3800049,1
18564,1,1,164.3800049,1
18565,1,1,164.3800049,1
18566,1,1,164.3800049,1
18567,1,1,164.3800049,1
18568,1,1,164.3800049,1
18569,1,1,164.3800049,1
18570,1,1,164.3800049,1
18571,1,1,164.3800049,1
18572,1,1,164.3800049,1
18573,1,1,164.3800049,1
18574,1,1,164.3800049,1
18575,1,1,164.3800049,1
18576,1,1,164.3800049,1
18577,1,1,164.3800049,1
18578,1,1,164.3800049,1
18579,1,1,164.3800049,1
18580,1,1,164.3800049,1
18581,1,1,164.3800049,1
18582,1,1,164.3800049,1
18583,1,1,164.3800049,1
18584,1,1,164.3800049,1
18585,1,1,164.3800049,1
18586,1,1,164.3800049,1
18587,1,1,164.3800049,1
18588,1,1,164.3800049,1
18589,1,1,164.3800049,1
18590,1,1,164.3800049,1
18591,1,1,164.3800049,1
18592,1,1,164.3800049,1
18593,1,1,164.3800049,1
18594,1,1,164.3800049,1
18595,1,1,164.3800049,1
18596,1,1,164.3800049,1
18597,1,1,164.3800049,1
18598,1,1,164.3800049,1
18599,1,1,164.3800049,1
18600,1,1,164.3800049,1
18601,1,1,164.3800049,1
18602,1,1,164.3800049,1
18603,1,1,164.3800049,1
18604,1,1,164.3800049,1
18605,1,1,164.3800049,1
18606,1,1,164.3800049,1
18607,1,1,164.3800049,1
18608,1,1,164.3800049,1
18609,1,1,164.3800049,1
18610,1,1,164.3800049,1
18611,1,1,164.3800049,1
18612,1,1,164.3800049,1
18613,1,1,164.3800049,1
18614,1,1,164.3800049,1
18615,1,1,164.3800049,1
18616,1,1,164.3800049,1
18617,1,1,164.3800049,1
18618,1,1,164.3800049,1
18619,1,1,164.3800049,1
18620,1,1,164.3800049,1
18621,1,1,164.3800049,1
18622,1,1,164.3800049,1
18623,1,1,164.3800049,1
18624,1,1,164.3800049,1
18625,1,1,164.3800049,1
18626,1,1,164.3800049,1
18627,1,1,164.3800049,1
18628,1,1,164.3800049,1
18629,1,1,164.3800049,1
18630,1,1,164.3800049,1
18631,1,1,164.3800049,1
18632,1,1,164.3800049,1
18633,1,1,164.3800049,1
18634,1,1,164.3800049,1
18635,1,1,164.3800049,1
18636,1,1,164.3800049,1
18637,1,1,164.3800049,1
18638,1,1,164.3800049,1
18639,1,1,164.3800049,1
18640,1,1,164.3800049,1
18641,1,1,164.3800049,1
18642,1,1,532.5800171,1
18643,1,1,532.5800171,1
18644,1,1,532.5800171,1
18645,1,1,532.5800171,1
18646,1,1,532.5800171,1
18647,1,1,532.5800171,1
18648,1,1,532.5800171,1
18649,1,1,532.5800171,1
18650,1,1,532.5800171,1
18651,1,1,532.5800171,1
18652,1,1,532.5800171,1
18653,1,1,532.5800171,1
18654,1,1,532.5800171,1
18655,1,1,532.5800171,1
18656,1,1,532.5800171,1
18657,1,1,532.5800171,1
18658,1,1,532.5800171,1
18659,1,1,532.5800171,1
18660,1,1,532.5800171,1
18661,1,1,532.5800171,1
18662,1,1,532.5800171,1
18663,1,1,532.5800171,1
18664,1,1,532.5800171,1
18665,1,1,532.5800171,1
18666,1,1,532.5800171,1
18667,1,1,532.5800171,1
18668,1,1,532.5800171,1
18669,1,1,532.5800171,1
18670,1,1,532.5800171,1
18671,1,1,532.5800171,1
18672,1,1,532.5800171,1
18673,1,1,532.5800171,1
18674,1,1,532.5800171,1
18675,1,1,532.5800171,1
18676,1,1,532.5800171,1
18677,1,1,532.5800171,1
18678,1,1,532.5800171,1
18679,1,1,532.5800171,1
18680,1,1,532.5800171,1
18681,1,1,532.5800171,1
18682,1,1,532.5800171,1
18683,1,1,532.5800171,1
18684,1,1,532.5800171,1
18685,1,1,532.5800171,1
18686,1,1,532.5800171,1
18687,1,1,532.5800171,1
18688,1,1,532.5800171,1
18689,1,1,532.5800171,1
18690,1,1,532.5800171,1
18691,1,1,532.5800171,1
18692,1,1,532.5800171,1
18693,1,1,532.5800171,1
18694,1,1,532.5800171,1
18695,1,1,532.5800171,1
18696,1,1,532.5800171,1
18697,1,1,532.5800171,1
18698,1,1,532.5800171,1
18699,1,1,532.5800171,1
18700,1,1,532.5800171,1
18701,1,1,532.5800171,1
18702,1,1,532.5800171,1
18703,1,1,532.5800171,1
18704,1,1,532.5800171,1
18705,1,1,532.5800171,1
18706,1,1,532.5800171,1
18707,1,1,532.5800171,1
18708,1,1,532.5800171,1
18709,1,1,532.5800171,1
18710,1,1,532.5800171,1
18711,1,1,532.5800171,1
18712,1,1,532.5800171,1
18713,1,1,532.5800171,1
18714,1,1,532.5800171,1
18715,1,1,532.5800171,1
18716,1,1,532.5800171,1
18717,1,1,532.5800171,1
18718,1,1,532.5800171,1
18719,1,1,532.5800171,1
18720,1,1,532.5800171,1
18721,1,1,532.5800171,1
18722,1,1,532.5800171,1
18723,1,1,532.5800171,1
18724,1,1,532.5800171,1
18725,1,1,532.5800171,1
18726,1,1,532.5800171,1
18727,1,1,532.5800171,1
18728,1,1,532.5800171,1
18729,1,1,532.5800171,1
18730,1,1,532.5800171,1
18731,1,1,532.5800171,1
18732,1,1,532.5800171,1
18733,1,1,532.5800171,1
18734,1,1,532.5800171,1
18735,1,1,532.5800171,1
18736,1,1,532.5800171,1
18737,1,1,532.5800171,1
18738,1,1,293.0400085,1
18739,1,1,293.0400085,1
18740,1,1,293.0400085,1
18741,1,1,293.0400085,1
18742,1,1,293.0400085,1
18743,1,1,293.0400085,1
18744,1,1,293.0400085,1
18745,1,1,293.0400085,1
18746,1,1,293.0400085,1
18747,1,1,293.0400085,1
18748,1,1,293.0400085,1
18749,1,1,293.0400085,1
18750,1,1,293.0400085,1
18751,1,1,293.0400085,1
18752,1,1,293.0400085,1
18753,1,1,293.0400085,1
18754,1,1,293.0400085,1
18755,1,1,293.0400085,1
18756,1,1,293.0400085,1
18757,1,1,293.0400085,1
18758,1,1,293.0400085,1
18759,1,1,293.0400085,1
18760,1,1,293.0400085,1
18761,1,1,293.0400085,1
18762,1,1,293.0400085,1
18763,1,1,293.0400085,1
18764,1,1,293.0400085,1
18765,1,1,293.0400085,1
18766,1,1,293.0400085,1
18767,1,1,293.0400085,1
18768,1,1,293.0400085,1
18769,1,1,293.0400085,1
18770,1,1,293.0400085,1
18771,1,1,293.0400085,1
18772,1,1,293.0400085,1
18773,1,1,293.0400085,1
18774,1,1,293.0400085,1
18775,1,1,293.0400085,1
18776,1,1,293.0400085,1
18777,1,1,293.0400085,1
18778,1,1,293.0400085,1
18779,1,1,293.0400085,1
18780,1,1,293.0400085,1
18781,1,1,293.0400085,1
18782,1,1,293.0400085,1
18783,1,1,293.0400085,1
18784,1,1,293.0400085,1
18785,1,1,293.0400085,1
18786,1,1,293.0400085,1
18787,1,1,293.0400085,1
18788,1,1,293.0400085,1
18789,1,1,293.0400085,1
18790,1,1,293.0400085,1
18791,1,1,293.0400085,1
18792,1,1,293.0400085,1
18793,1,1,293.0400085,1
18794,1,1,293.0400085,1
18795,1,1,293.0400085,1
18796,1,1,293.0400085,1
18797,1,1,293.0400085,1
18798,1,1,293.0400085,1
18799,1,1,293.0400085,1
18800,1,1,293.0400085,1
18801,1,1,293.0400085,1
18802,1,1,293.0400085,1
18803,1,1,293.0400085,1
18804,1,1,293.0400085,1
18805,1,1,293.0400085,1
18806,1,1,293.0400085,1
18807,1,1,293.0400085,1
18808,1,1,293.0400085,1
18809,1,1,293.0400085,1
18810,1,1,293.0400085,1
18811,1,1,293.0400085,1
18812,1,1,293.0400085,1
18813,1,1,293.0400085,1
18814,1,1,293.0400085,1
18815,1,1,293.0400085,1
18816,1,1,293.0400085,1
18817,1,1,293.0400085,1
18818,1,1,293.0400085,1
18819,1,1,293.0400085,1
18820,1,1,293.0400085,1
18821,1,1,293.0400085,1
18822,1,1,293.0400085,1
18823,1,1,293.0400085,1
18824,1,1,293.0400085,1
18825,1,1,293.0400085,1
18826,1,1,293.0400085,1
18827,1,1,293.0400085,1
18828,1,1,293.0400085,1
18829,1,1,293.0400085,1
18830,1,1,293.0400085,1
18831,1,1,293.0400085,1
18832,1,1,293.0400085,1
18833,1,1,293.0400085,1
18834,1,1,293.0400085,1
18835,1,1,293.0400085,1
18836,1,1,293.0400085,1
18837,1,1,293.0400085,1
18838,1,1,293.0400085,1
18839,1,1,293.0400085,1
18840,1,1,293.0400085,1
18841,1,1,293.0400085,1
18842,1,1,293.0400085,1
18843,1,1,293.0400085,1
18844,1,1,293.0400085,1
18845,1,1,293.0400085,1
18846,1,1,293.0400085,1
18847,1,1,293.0400085,1
18848,1,1,293.0400085,1
18849,1,1,293.0400085,1
18850,1,1,293.0400085,1
18851,1,1,293.0400085,1
18852,1,1,293.0400085,1
18853,1,1,293.0400085,1
18854,1,1,293.0400085,1
18855,1,1,293.0400085,1
18856,1,1,293.0400085,1
18857,1,1,293.0400085,1
18858,1,1,293.0400085,1
18859,1,1,293.0400085,1
18860,1,1,293.0400085,1
18861,1,1,210.8500061,1
18862,1,1,210.8500061,1
18863,1,1,210.8500061,1
18864,1,1,210.8500061,1
18865,1,1,210.8500061,1
18866,1,1,210.8500061,1
18867,1,1,210.8500061,1
18868,1,1,210.8500061,1
18869,1,1,210.8500061,1
18870,1,1,210.8500061,1
18871,1,1,210.8500061,1
18872,1,1,210.8500061,1
18873,1,1,210.8500061,1
18874,1,1,210.8500061,1
18875,1,1,210.8500061,1
18876,1,1,210.8500061,1
18877,1,1,210.8500061,1
18878,1,1,210.8500061,1
18879,1,1,210.8500061,1
18880,1,1,210.8500061,1
18881,1,1,210.8500061,1
18882,1,1,210.8500061,1
18883,1,1,210.8500061,1
18884,1,1,210.8500061,1
18885,1,1,210.8500061,1
18886,1,1,210.8500061,1
18887,1,1,210.8500061,1
18888,1,1,210.8500061,1
18889,1,1,210.8500061,1
18890,1,1,210.8500061,1
18891,1,1,210.8500061,1
18892,1,1,260.6499939,1
18893,1,1,260.6499939,1
18894,1,1,260.6499939,1
18895,1,1,260.6499939,1
18896,1,1,260.6499939,1
18897,1,1,260.6499939,1
18898,1,1,260.6499939,1
18899,1,1,260.6499939,1
18900,1,1,260.6499939,1
18901,1,1,260.6499939,1
18902,1,1,260.6499939,1
18903,1,1,260.6499939,1
18904,1,1,260.6499939,1
18905,1,1,260.6499939,1
18906,1,1,260.6499939,1
18907,1,1,260.6499939,1
18908,1,1,260.6499939,1
18909,1,1,260.6499939,1
18910,1,1,260.6499939,1
18911,1,1,260.6499939,1
18912,1,1,260.6499939,1
18913,1,1,260.6499939,1
18914,1,1,260.6499939,1
18915,1,1,260.6499939,1
18916,1,1,260.6499939,1
18917,1,1,260.6499939,1
18918,1,1,260.6499939,1
18919,1,1,260.6499939,1
18920,1,1,260.6499939,1
18921,1,1,260.6499939,1
18922,1,1,260.6499939,1
18923,1,1,260.6499939,1
18924,1,1,260.6499939,1
18925,1,1,260.6499939,1
18926,1,1,260.6499939,1
18927,1,1,260.6499939,1
18928,1,1,260.6499939,1
18929,1,1,260.6499939,1
18930,1,1,260.6499939,1
18931,1,1,260.6499939,1
18932,1,1,260.6499939,1
18933,1,1,260.6499939,1
18934,1,1,260.6499939,1
18935,1,1,260.6499939,1
18936,1,1,260.6499939,1
18937,1,1,260.6499939,1
18938,1,1,260.6499939,1
18939,1,1,260.6499939,1
18940,1,1,260.6499939,1
18941,1,1,260.6499939,1
18942,1,1,260.6499939,1
18943,1,1,260.6499939,1
18944,1,1,260.6499939,1
18945,1,1,260.6499939,1
18946,1,1,260.6499939,1
18947,1,1,260.6499939,1
18948,1,1,260.6499939,1
18949,1,1,260.6499939,1
18950,1,1,260.6499939,1
18951,1,1,260.6499939,1
18952,1,1,260.6499939,1
18953,1,1,260.6499939,1
18954,1,1,260.6499939,1
18955,1,1,260.6499939,1
18956,1,1,260.6499939,1
18957,1,1,260.6499939,1
18958,1,1,260.6499939,1
18959,1,1,260.6499939,1
18960,1,1,260.6499939,1
18961,1,1,260.6499939,1
18962,1,1,260.6499939,1
18963,1,1,260.6499939,1
18964,1,1,260.6499939,1
18965,1,1,260.6499939,1
18966,1,1,260.6499939,1
18967,1,1,260.6499939,1
18968,1,1,260.6499939,1
18969,1,1,260.6499939,1
18970,1,1,260.6499939,1
18971,1,1,260.6499939,1
18972,1,1,260.6499939,1
18973,1,1,260.6499939,1
18974,1,1,260.6499939,1
18975,1,1,260.6499939,1
18976,1,1,260.6499939,1
18977,1,1,260.6499939,1
18978,1,1,260.6499939,1
18979,1,1,260.6499939,1
18980,1,1,260.6499939,1
18981,1,1,260.6499939,1
18982,1,1,260.6499939,1
18983,1,1,260.6499939,1
18984,1,1,260.6499939,1
18985,1,1,260.6499939,1
18986,1,1,260.6499939,1
18987,1,1,260.6499939,1
18988,1,1,260.6499939,1
18989,1,1,260.6499939,1
18990,1,1,260.6499939,1
18991,1,1,260.6499939,1
18992,1,1,260.6499939,1
18993,1,1,260.6499939,1
18994,1,1,260.6499939,1
18995,1,1,260.6499939,1
18996,1,1,260.6499939,1
18997,1,1,260.6499939,1
18998,1,1,260.6499939,1
18999,1,1,260.6499939,1
19000,1,1,260.6499939,1
19001,1,1,260.6499939,1
19002,1,1,260.6499939,1
19003,1,1,260.6499939,1
19004,1,1,260.6499939,1
19005,1,1,260.6499939,1
19006,1,1,260.6499939,1
19007,1,1,260.6499939,1
19008,1,1,260.6499939,1
19009,1,1,260.6499939,1
19010,1,1,260.6499939,1
19011,1,1,260.6499939,1
19012,1,1,260.6499939,1
19013,1,1,260.6499939,1
19014,1,1,260.6499939,1
19015,1,1,260.6499939,1
19016,1,1,260.6499939,1
19017,1,1,260.6499939,1
19018,1,1,260.6499939,1
19019,1,1,260.6499939,1
19020,1,1,260.6499939,1
19021,1,1,260.6499939,1
19022,1,1,260.6499939,1
19023,1,1,260.6499939,1
19024,1,1,260.6499939,1
19025,1,1,260.6499939,1
19026,1,1,260.6499939,1
19027,1,1,260.6499939,1
19028,1,1,260.6499939,1
19029,1,1,260.6499939,1
19030,1,1,260.6499939,1
19031,1,1,260.6499939,1
19032,1,1,260.6499939,1
19033,1,1,260.6499939,1
19034,1,1,260.6499939,1
19035,1,1,260.6499939,1
19036,1,1,84.40000153,1
19037,1,1,84.40000153,1
19038,1,1,84.40000153,1
19039,1,1,84.40000153,1
19040,1,1,84.40000153,1
19041,1,1,84.40000153,1
19042,1,1,84.40000153,1
19043,1,1,84.40000153,1
19044,1,1,84.40000153,1
19045,1,1,84.40000153,1
19046,1,1,84.40000153,1
19047,1,1,84.40000153,1
19048,1,1,84.40000153,1
19049,1,1,84.40000153,1
19050,1,1,84.40000153,1
19051,1,1,84.40000153,1
19052,1,1,84.40000153,1
19053,1,1,84.40000153,1
19054,1,1,84.40000153,1
19055,1,1,84.40000153,1
19056,1,1,84.40000153,1
19057,1,1,84.40000153,1
19058,1,1,84.40000153,1
19059,1,1,84.40000153,1
19060,1,1,84.40000153,1
19061,1,1,84.40000153,1
19062,1,1,84.40000153,1
19063,1,1,84.40000153,1
19064,1,1,84.40000153,1
19065,1,1,84.40000153,1
19066,1,1,84.40000153,1
19067,1,1,84.40000153,1
19068,1,1,84.40000153,1
19069,1,1,84.40000153,1
19070,1,1,84.40000153,1
19071,1,1,84.40000153,1
19072,1,1,84.40000153,1
19073,1,1,84.40000153,1
19074,1,1,84.40000153,1
19075,1,1,84.40000153,1
19076,1,1,84.40000153,1
19077,1,1,84.40000153,1
19078,1,1,84.40000153,1
19079,1,1,84.40000153,1
19080,1,1,84.40000153,1
19081,1,1,84.40000153,1
19082,1,1,84.40000153,1
19083,1,1,84.40000153,1
19084,1,1,84.40000153,1
19085,1,1,84.40000153,1
19086,1,1,84.40000153,1
19087,1,1,84.40000153,1
19088,1,1,84.40000153,1
19089,1,1,84.40000153,1
19090,1,1,84.40000153,1
19091,1,1,84.40000153,1
19092,1,1,84.40000153,1
19093,1,1,84.40000153,1
19094,1,1,84.40000153,1
19095,1,1,84.40000153,1
19096,1,1,84.40000153,1
19097,1,1,84.40000153,1
19098,1,1,84.40000153,1
19099,1,1,84.40000153,1
19100,1,1,84.40000153,1
19101,1,1,84.40000153,1
19102,1,1,84.40000153,1
19103,1,1,84.40000153,1
19104,1,1,84.40000153,1
19105,1,1,84.40000153,1
19106,1,1,84.40000153,1
19107,1,1,84.40000153,1
19108,1,1,84.40000153,1
19109,1,1,84.40000153,1
19110,1,1,84.40000153,1
19111,1,1,84.40000153,1
19112,1,1,84.40000153,1
19113,1,1,84.40000153,1
19114,1,1,84.40000153,1
19115,1,1,84.40000153,1
19116,1,1,84.40000153,1
19117,1,1,84.40000153,1
19118,1,1,84.40000153,1
19119,1,1,84.40000153,1
19120,1,1,84.40000153,1
19121,1,1,84.40000153,1
19122,1,1,84.40000153,1
19123,1,1,84.40000153,1
19124,1,1,84.40000153,1
19125,1,1,84.40000153,1
19126,1,1,84.40000153,1
19127,1,1,84.40000153,1
19128,1,1,84.40000153,1
19129,1,1,84.40000153,1
19130,1,1,84.40000153,1
19131,1,1,84.40000153,1
19132,1,1,84.40000153,1
19133,1,1,84.40000153,1
19134,1,1,84.40000153,1
19135,1,1,84.40000153,1
19136,1,1,84.40000153,1
19137,1,1,84.40000153,1
19138,1,1,84.40000153,1
19139,1,1,84.40000153,1
19140,1,1,84.40000153,1
19141,1,1,84.40000153,1
19142,1,1,84.40000153,1
19143,1,1,84.40000153,1
19144,1,1,84.40000153,1
19145,1,1,84.40000153,1
19146,1,1,84.40000153,1
19147,1,1,84.40000153,1
19148,1,1,84.40000153,1
19149,1,1,84.40000153,1
19150,1,1,84.40000153,1
19151,1,1,84.40000153,1
19152,1,1,84.40000153,1
19153,1,1,84.40000153,1
19154,1,1,84.40000153,1
19155,1,1,84.40000153,1
19156,1,1,84.40000153,1
19157,1,1,84.40000153,1
19158,1,1,84.40000153,1
19159,1,1,84.40000153,1
19160,1,1,84.40000153,1
19161,1,1,84.40000153,1
19162,1,1,84.40000153,1
19163,1,1,84.40000153,1
19164,1,1,84.40000153,1
19165,1,1,84.40000153,1
19166,1,1,84.40000153,1
19167,1,1,84.40000153,1
19168,1,1,84.40000153,1
19169,1,1,84.40000153,1
19170,1,1,84.40000153,1
19171,1,1,84.40000153,1
19172,1,1,84.40000153,1
19173,1,1,84.40000153,1
19174,1,1,84.40000153,1
19175,1,1,84.40000153,1
19176,1,1,84.40000153,1
19177,1,1,84.40000153,1
19178,1,1,84.40000153,1
19179,1,1,84.40000153,1
19180,1,1,84.40000153,1
19181,1,1,84.40000153,1
19182,1,1,84.40000153,1
19183,1,1,84.40000153,1
19184,1,1,84.40000153,1
19185,1,1,84.40000153,1
19186,1,1,84.40000153,1
19187,1,1,84.40000153,1
19188,1,1,84.40000153,1
19189,1,1,84.40000153,1
19190,1,1,84.40000153,1
19191,1,1,84.40000153,1
19192,1,1,84.40000153,1
19193,1,1,84.40000153,1
19194,1,1,84.40000153,1
19195,1,1,84.40000153,1
19196,1,1,84.40000153,1
19197,1,1,84.40000153,1
19198,1,1,84.40000153,1
19199,1,1,84.40000153,1
19200,1,1,84.40000153,1
19201,1,1,84.40000153,1
19202,1,1,84.40000153,1
19203,1,1,84.40000153,1
19204,1,1,84.40000153,1
19205,1,1,84.40000153,1
19206,1,1,84.40000153,1
19207,1,1,84.40000153,1
19208,1,1,84.40000153,1
19209,1,1,84.40000153,1
19210,1,1,84.40000153,1
19211,1,1,84.40000153,1
19212,1,1,84.40000153,1
19213,1,1,84.40000153,1
19214,1,1,84.40000153,1
19215,1,1,84.40000153,1
19216,1,1,84.40000153,1
19217,1,1,84.40000153,1
19218,1,1,84.40000153,1
19219,1,1,84.40000153,1
19220,1,1,84.40000153,1
19221,1,1,84.40000153,1
19222,1,1,84.40000153,1
19223,1,1,84.40000153,1
19224,1,1,84.40000153,1
19225,1,1,84.40000153,1
19226,1,1,84.40000153,1
19227,1,1,84.40000153,1
19228,1,1,84.40000153,1
19229,1,1,84.40000153,1
19230,1,1,84.40000153,1
19231,1,1,84.40000153,1
19232,1,1,84.40000153,1
19233,1,1,84.40000153,1
19234,1,1,84.40000153,1
19235,1,1,84.40000153,1
19236,1,1,84.40000153,1
19237,1,1,84.40000153,1
19238,1,1,84.40000153,1
19239,1,1,84.40000153,1
19240,1,1,84.40000153,1
19241,1,1,84.40000153,1
19242,1,1,84.40000153,1
19243,1,1,84.40000153,1
19244,1,1,84.40000153,1
19245,1,1,84.40000153,1
19246,1,1,84.40000153,1
19247,1,1,84.40000153,1
19248,1,1,84.40000153,1
19249,1,1,84.40000153,1
19250,1,1,84.40000153,1
19251,1,1,84.40000153,1
19252,1,1,84.40000153,1
19253,1,1,84.40000153,1
19254,1,1,84.40000153,1
19255,1,1,84.40000153,1
19256,1,1,84.40000153,1
19257,1,1,84.40000153,1
19258,1,1,84.40000153,1
19259,1,1,84.40000153,1
19260,1,1,84.40000153,1
19261,1,1,84.40000153,1
19262,1,1,84.40000153,1
19263,1,1,84.40000153,1
19264,1,1,84.40000153,1
19265,1,1,84.40000153,1
19266,1,1,84.40000153,1
19267,1,1,84.40000153,1
19268,1,1,84.40000153,1
19269,1,1,84.40000153,1
19270,1,1,84.40000153,1
19271,1,1,84.40000153,1
19272,1,1,84.40000153,1
19273,1,1,84.40000153,1
19274,1,1,84.40000153,1
19275,1,1,84.40000153,1
19276,1,1,84.40000153,1
19277,1,1,84.40000153,1
19278,1,1,84.40000153,1
19279,1,1,84.40000153,1
19280,1,1,84.40000153,1
19281,1,1,84.40000153,1
19282,1,1,327.75,1
19283,1,1,327.75,1
19284,1,1,327.75,1
19285,1,1,327.75,1
19286,1,1,327.75,1
19287,1,1,327.75,1
19288,1,1,327.75,1
19289,1,1,327.75,1
19290,1,1,327.75,1
19291,1,1,327.75,1
19292,1,1,327.75,1
19293,1,1,327.75,1
19294,1,1,327.75,1
19295,1,1,327.75,1
19296,1,1,327.75,1
19297,1,1,327.75,1
19298,1,1,327.75,1
19299,1,1,327.75,1
19300,1,1,327.75,1
19301,1,1,327.75,1
19302,1,1,327.75,1
19303,1,1,327.75,1
19304,1,1,327.75,1
19305,1,1,327.75,1
19306,1,1,327.75,1
19307,1,1,327.75,1
19308,1,1,327.75,1
19309,1,1,327.75,1
19310,1,1,327.75,1
19311,1,1,327.75,1
19312,1,1,327.75,1
19313,1,1,327.75,1
19314,1,1,327.75,1
19315,1,1,327.75,1
19316,1,1,327.75,1
19317,1,1,327.75,1
19318,1,1,327.75,1
19319,1,1,327.75,1
19320,1,1,327.75,1
19321,1,1,327.75,1
19322,1,1,327.75,1
19323,1,1,327.75,1
19324,1,1,327.75,1
19325,1,1,327.75,1
19326,1,1,327.75,1
19327,1,1,327.75,1
19328,1,1,327.75,1
19329,1,1,327.75,1
19330,1,1,327.75,1
19331,1,1,327.75,1
19332,1,1,327.75,1
19333,1,1,327.75,1
19334,1,1,327.75,1
19335,1,1,327.75,1
19336,1,1,327.75,1
19337,1,1,327.75,1
19338,1,1,327.75,1
19339,1,1,327.75,1
19340,1,1,327.75,1
19341,1,1,327.75,1
19342,1,1,327.75,1
19343,1,1,327.75,1
19344,1,1,327.75,1
19345,1,1,327.75,1
19346,1,1,327.75,1
19347,1,1,327.75,1
19348,1,1,327.75,1
19349,1,1,327.75,1
19350,1,1,327.75,1
19351,1,1,327.75,1
19352,1,1,327.75,1
19353,1,1,327.75,1
19354,1,1,327.75,1
19355,1,1,327.75,1
19356,1,1,327.75,1
19357,1,1,327.75,1
19358,1,1,327.75,1
19359,1,1,327.75,1
19360,1,1,327.75,1
19361,1,1,327.75,1
19362,1,1,327.75,1
19363,1,1,327.75,1
19364,1,1,327.75,1
19365,1,1,327.75,1
19366,1,1,327.75,1
19367,1,1,327.75,1
19368,1,1,327.75,1
19369,1,1,327.75,1
19370,1,1,327.75,1
19371,1,1,327.75,1
19372,1,1,327.75,1
19373,1,1,327.75,1
19374,1,1,327.75,1
19375,1,1,327.75,1
19376,1,1,327.75,1
19377,1,1,327.75,1
19378,1,1,327.75,1
19379,1,1,327.75,1
19380,1,1,327.75,1
19381,1,1,327.75,1
19382,1,1,327.75,1
19383,1,1,327.75,1
19384,1,1,327.75,1
19385,1,1,327.75,1
19386,1,1,327.75,1
19387,1,1,327.75,1
19388,1,1,327.75,1
19389,1,1,327.75,1
19390,1,1,327.75,1
19391,1,1,327.75,1
19392,1,1,327.75,1
19393,1,1,327.75,1
19394,1,1,327.75,1
19395,1,1,327.75,1
19396,1,1,327.75,1
19397,1,1,327.75,1
19398,1,1,327.75,1
19399,1,1,327.75,1
19400,1,1,327.75,1
19401,1,1,327.75,1
19402,1,1,327.75,1
19403,1,1,327.75,1
19404,1,1,327.75,1
19405,1,1,327.75,1
19406,1,1,327.75,1
19407,1,1,327.75,1
19408,1,1,327.75,1
19409,1,1,327.75,1
19410,1,1,327.75,1
19411,1,1,327.75,1
19412,1,1,327.75,1
19413,1,1,327.75,1
19414,1,1,327.75,1
19415,1,1,327.75,1
19416,1,1,327.75,1
19417,1,1,327.75,1
19418,1,1,327.75,1
19419,1,1,327.75,1
19420,1,1,327.75,1
19421,1,1,327.75,1
19422,1,1,327.75,1
19423,1,1,327.75,1
19424,1,1,327.75,1
19425,1,1,327.75,1
19426,1,1,327.75,1
19427,1,1,327.75,1
19428,1,1,327.75,1
19429,1,1,327.75,1
19430,1,1,327.75,1
19431,1,1,327.75,1
19432,1,1,327.75,1
19433,1,1,327.75,1
19434,1,1,327.75,1
19435,1,1,327.75,1
19436,1,1,327.75,1
19437,1,1,327.75,1
19438,1,1,327.75,1
19439,1,1,327.75,1
19440,1,1,327.75,1
19441,1,1,327.75,1
19442,1,1,327.75,1
19443,1,1,327.75,1
19444,1,1,327.75,1
19445,1,1,327.75,1
19446,1,1,327.75,1
19447,1,1,327.75,1
19448,1,1,327.75,1
19449,1,1,327.75,1
19450,1,1,327.75,1
19451,1,1,327.75,1
19452,1,1,327.75,1
19453,1,1,327.75,1
19454,1,1,327.75,1
19455,1,1,327.75,1
19456,1,1,327.75,1
19457,1,1,327.75,1
19458,1,1,327.75,1
19459,1,1,327.75,1
19460,1,1,327.75,1
19461,1,1,327.75,1
19462,1,1,327.75,1
19463,1,1,327.75,1
19464,1,1,327.75,1
19465,1,1,327.75,1
19466,1,1,327.75,1
19467,1,1,327.75,1
19468,1,1,327.75,1
19469,1,1,327.75,1
19470,1,1,327.75,1
19471,1,1,327.75,1
19472,1,1,327.75,1
19473,1,1,327.75,1
19474,1,1,327.75,1
19475,1,1,327.75,1
19476,1,1,327.75,1
19477,1,1,327.75,1
19478,1,1,327.75,1
19479,1,1,327.75,1
19480,1,1,327.75,1
19481,1,1,327.75,1
19482,1,1,327.75,1
19483,1,1,327.75,1
19484,1,1,327.75,1
19485,1,1,327.75,1
19486,1,1,327.75,1
19487,1,1,327.75,1
19488,1,1,327.75,1
19489,1,1,327.75,1
19490,1,1,327.75,1
19491,1,1,327.75,1
19492,1,1,327.75,1
19493,1,1,11.53999996,1
19494,1,1,11.53999996,1
19495,1,1,11.53999996,1
19496,1,1,11.53999996,1
19497,1,1,11.53999996,1
19498,1,1,11.53999996,1
19499,1,1,11.53999996,1
19500,1,1,11.53999996,1
19501,1,1,11.53999996,1
19502,1,1,11.53999996,1
19503,1,1,11.53999996,1
19504,1,1,11.53999996,1
19505,1,1,11.53999996,1
19506,1,1,11.53999996,1
19507,1,1,11.53999996,1
19508,1,1,11.53999996,1
19509,1,1,11.53999996,1
19510,1,1,11.53999996,1
19511,1,1,11.53999996,1
19512,1,1,11.53999996,1
19513,1,1,11.53999996,1
19514,1,1,11.53999996,1
19515,1,1,11.53999996,1
19516,1,1,11.53999996,1
19517,1,1,11.53999996,1
19518,1,1,11.53999996,1
19519,1,1,11.53999996,1
19520,1,1,11.53999996,1
19521,1,1,11.53999996,1
19522,1,1,11.53999996,1
19523,1,1,11.53999996,1
19524,1,1,11.53999996,1
19525,1,1,11.53999996,1
19526,1,1,11.53999996,1
19527,1,1,11.53999996,1
19528,1,1,11.53999996,1
19529,1,1,11.53999996,1
19530,1,1,11.53999996,1
19531,1,1,11.53999996,1
19532,1,1,11.53999996,1
19533,1,1,11.53999996,1
19534,1,1,11.53999996,1
19535,1,1,11.53999996,1
19536,1,1,11.53999996,1
19537,1,1,11.53999996,1
19538,1,1,11.53999996,1
19539,1,1,11.53999996,1
19540,1,1,11.53999996,1
19541,1,1,11.53999996,1
19542,1,1,11.53999996,1
19543,1,1,11.53999996,1
19544,1,1,11.53999996,1
19545,1,1,11.53999996,1
19546,1,1,11.53999996,1
19547,1,1,11.53999996,1
19548,1,1,11.53999996,1
19549,1,1,11.53999996,1
19550,1,1,11.53999996,1
19551,1,1,11.53999996,1
19552,1,1,11.53999996,1
19553,1,1,11.53999996,1
19554,1,1,11.53999996,1
19555,1,1,11.53999996,1
19556,1,1,11.53999996,1
19557,1,1,11.53999996,1
19558,1,1,11.53999996,1
19559,1,1,11.53999996,1
19560,1,1,11.53999996,1
19561,1,1,11.53999996,1
19562,1,1,11.53999996,1
19563,1,1,11.53999996,1
19564,1,1,11.53999996,1
19565,1,1,11.53999996,1
19566,1,1,11.53999996,1
19567,1,1,11.53999996,1
19568,1,1,11.53999996,1
19569,1,1,11.53999996,1
19570,1,1,11.53999996,1
19571,1,1,11.53999996,1
19572,1,1,11.53999996,1
19573,1,1,11.53999996,1
19574,1,1,11.53999996,1
19575,1,1,11.53999996,1
19576,1,1,11.53999996,1
19577,1,1,11.53999996,1
19578,1,1,11.53999996,1
19579,1,1,11.53999996,1
19580,1,1,11.53999996,1
19581,1,1,11.53999996,1
19582,1,1,11.53999996,1
19583,1,1,11.53999996,1
19584,1,1,11.53999996,1
19585,1,1,11.53999996,1
19586,1,1,11.53999996,1
19587,1,1,11.53999996,1
19588,1,1,11.53999996,1
19589,1,1,11.53999996,1
19590,1,1,11.53999996,1
19591,1,1,11.53999996,1
19592,1,1,11.53999996,1
19593,1,1,11.53999996,1
19594,1,1,11.53999996,1
19595,1,1,11.53999996,1
19596,1,1,11.53999996,1
19597,1,1,11.53999996,1
19598,1,1,11.53999996,1
19599,1,1,11.53999996,1
19600,1,1,11.53999996,1
19601,1,1,11.53999996,1
19602,1,1,11.53999996,1
19603,1,1,11.53999996,1
19604,1,1,11.53999996,1
19605,1,1,11.53999996,1
19606,1,1,11.53999996,1
19607,1,1,11.53999996,1
19608,1,1,11.53999996,1
19609,1,1,11.53999996,1
19610,1,1,11.53999996,1
19611,1,1,11.53999996,1
19612,1,1,11.53999996,1
19613,1,1,11.53999996,1
19614,1,1,11.53999996,1
19615,1,1,11.53999996,1
19616,1,1,11.53999996,1
19617,1,1,11.53999996,1
19618,1,1,11.53999996,1
19619,1,1,11.53999996,1
19620,1,1,11.53999996,1
19621,1,1,11.53999996,1
19622,1,1,11.53999996,1
19623,1,1,11.53999996,1
19624,1,1,11.53999996,1
19625,1,1,11.53999996,1
19626,1,1,11.53999996,1
19627,1,1,11.53999996,1
19628,1,1,11.53999996,1
19629,1,1,11.53999996,1
19630,1,1,11.53999996,1
19631,1,1,11.53999996,1
19632,1,1,11.53999996,1
19633,1,1,11.53999996,1
19634,1,1,11.53999996,1
19635,1,1,11.53999996,1
19636,1,1,11.53999996,1
19637,1,1,11.53999996,1
19638,1,1,11.53999996,1
19639,1,1,11.53999996,1
19640,1,1,11.53999996,1
19641,1,1,11.53999996,1
19642,1,1,11.53999996,1
19643,1,1,11.53999996,1
19644,1,1,11.53999996,1
19645,1,1,11.53999996,1
19646,1,1,11.53999996,1
19647,1,1,11.53999996,1
19648,1,1,11.53999996,1
19649,1,1,11.53999996,1
19650,1,1,11.53999996,1
19651,1,1,11.53999996,1
19652,1,1,11.53999996,1
19653,1,1,11.53999996,1
19654,1,1,11.53999996,1
19655,1,1,11.53999996,1
19656,1,1,11.53999996,1
19657,1,1,11.53999996,1
19658,1,1,11.53999996,1
19659,1,1,11.53999996,1
19660,1,1,11.53999996,1
19661,1,1,11.53999996,1
19662,1,1,11.53999996,1
19663,1,1,11.53999996,1
19664,1,1,11.53999996,1
19665,1,1,11.53999996,1
19666,1,1,11.53999996,1
19667,1,1,11.53999996,1
19668,1,1,11.53999996,1
19669,1,1,11.53999996,1
19670,1,1,11.53999996,1
19671,1,1,11.53999996,1
19672,1,1,11.53999996,1
19673,1,1,11.53999996,1
19674,1,1,11.53999996,1
19675,1,1,11.53999996,1
19676,1,1,11.53999996,1
19677,1,1,11.53999996,1
19678,1,1,11.53999996,1
19679,1,1,11.53999996,1
19680,1,1,11.53999996,1
19681,1,1,11.53999996,1
19682,1,1,11.53999996,1
19683,1,1,11.53999996,1
19684,1,1,11.53999996,1
19685,1,1,11.53999996,1
19686,1,1,11.53999996,1
19687,1,1,11.53999996,1
19688,1,1,11.53999996,1
19689,1,1,11.53999996,1
19690,1,1,11.53999996,1
19691,1,1,11.53999996,1
19692,1,1,11.53999996,1
19693,1,1,11.53999996,1
19694,1,1,11.53999996,1
19695,1,1,11.53999996,1
19696,1,1,11.53999996,1
19697,1,1,11.53999996,1
19698,1,1,11.53999996,1
19699,1,1,11.53999996,1
19700,1,1,11.53999996,1
19701,1,1,11.53999996,1
19702,1,1,11.53999996,1
19703,1,1,11.53999996,1
19704,1,1,11.53999996,1
19705,1,1,11.53999996,1
19706,1,1,11.53999996,1
19707,1,1,11.53999996,1
19708,1,1,11.53999996,1
19709,1,1,11.53999996,1
19710,1,1,11.53999996,1
19711,1,1,11.53999996,1
19712,1,1,11.53999996,1
19713,1,1,11.53999996,1
19714,1,1,11.53999996,1
19715,1,1,11.53999996,1
19716,1,1,11.53999996,1
19717,1,1,11.53999996,1
19718,1,1,11.53999996,1
19719,1,1,11.53999996,1
19720,1,1,11.53999996,1
19721,1,1,11.53999996,1
19722,1,1,11.53999996,1
19723,1,1,11.53999996,1
19724,1,1,11.53999996,1
19725,1,1,11.53999996,1
19726,1,1,11.53999996,1
19727,1,1,11.53999996,1
19728,1,1,11.53999996,1
19729,1,1,11.53999996,1
19730,1,1,11.53999996,1
19731,1,1,11.53999996,1
19732,1,1,11.53999996,1
19733,1,1,11.53999996,1
19734,1,1,11.53999996,1
19735,1,1,11.53999996,1
19736,1,1,11.53999996,1
19737,1,1,11.53999996,1
19738,1,1,11.53999996,1
19739,1,1,11.53999996,1
19740,1,1,11.53999996,1
19741,1,1,11.53999996,1
19742,1,1,11.53999996,1
19743,1,1,11.53999996,1
19744,1,1,11.53999996,1
19745,1,1,11.53999996,1
19746,1,1,11.53999996,1
19747,1,1,11.53999996,1
19748,1,1,11.53999996,1
19749,1,1,11.53999996,1
19750,1,1,11.53999996,1
19751,1,1,11.53999996,1
19752,1,1,11.53999996,1
19753,1,1,11.53999996,1
19754,1,1,11.53999996,1
19755,1,1,11.53999996,1
19756,1,1,11.53999996,1
19757,1,1,11.53999996,1
19758,1,1,11.53999996,1
19759,1,1,11.53999996,1
19760,1,1,11.53999996,1
19761,1,1,11.53999996,1
19762,1,1,11.53999996,1
19763,1,1,11.53999996,1
19764,1,1,11.53999996,1
19765,1,1,11.53999996,1
19766,1,1,11.53999996,1
19767,1,1,11.53999996,1
19768,1,1,39.75,1
19769,1,1,39.75,1
19770,1,1,39.75,1
19771,1,1,39.75,1
19772,1,1,39.75,1
19773,1,1,39.75,1
19774,1,1,39.75,1
19775,1,1,39.75,1
19776,1,1,39.75,1
19777,1,1,39.75,1
19778,1,1,39.75,1
19779,1,1,39.75,1
19780,1,1,39.75,1
19781,1,1,39.75,1
19782,1,1,39.75,1
19783,1,1,39.75,1
19784,1,1,39.75,1
19785,1,1,39.75,1
19786,1,1,39.75,1
19787,1,1,39.75,1
19788,1,1,39.75,1
19789,1,1,39.75,1
19790,1,1,39.75,1
19791,1,1,39.75,1
19792,1,1,39.75,1
19793,1,1,39.75,1
19794,1,1,39.75,1
19795,1,1,39.75,1
19796,1,1,39.75,1
19797,1,1,39.75,1
19798,1,1,39.75,1
19799,1,1,39.75,1
19800,1,1,39.75,1
19801,1,1,39.75,1
19802,1,1,39.75,1
19803,1,1,39.75,1
19804,1,1,39.75,1
19805,1,1,39.75,1
19806,1,1,39.75,1
19807,1,1,39.75,1
19808,1,1,39.75,1
19809,1,1,39.75,1
19810,1,1,39.75,1
19811,1,1,39.75,1
19812,1,1,39.75,1
19813,1,1,39.75,1
19814,1,1,39.75,1
19815,1,1,39.75,1
19816,1,1,39.75,1
19817,1,1,39.75,1
19818,1,1,39.75,1
19819,1,1,39.75,1
19820,1,1,39.75,1
19821,1,1,39.75,1
19822,1,1,39.75,1
19823,1,1,39.75,1
19824,1,1,39.75,1
19825,1,1,39.75,1
19826,1,1,39.75,1
19827,1,1,39.75,1
19828,1,1,39.75,1
19829,1,1,39.75,1
19830,1,1,39.75,1
19831,1,1,39.75,1
19832,1,1,39.75,1
19833,1,1,39.75,1
19834,1,1,39.75,1
19835,1,1,39.75,1
19836,1,1,39.75,1
19837,1,1,39.75,1
19838,1,1,39.75,1
19839,1,1,39.75,1
19840,1,1,39.75,1
19841,1,1,39.75,1
19842,1,1,39.75,1
19843,1,1,39.75,1
19844,1,1,39.75,1
19845,1,1,39.75,1
19846,1,1,39.75,1
19847,1,1,39.75,1
19848,1,1,39.75,1
19849,1,1,39.75,1
19850,1,1,39.75,1
19851,1,1,39.75,1
19852,1,1,39.75,1
19853,1,1,39.75,1
19854,1,1,39.75,1
19855,1,1,39.75,1
19856,1,1,39.75,1
19857,1,1,39.75,1
19858,1,1,39.75,1
19859,1,1,39.75,1
19860,1,1,39.75,1
19861,1,1,39.75,1
19862,1,1,39.75,1
19863,1,1,39.75,1
19864,1,1,39.75,1
19865,1,1,39.75,1
19866,1,1,39.75,1
19867,1,1,39.75,1
19868,1,1,39.75,1
19869,1,1,39.75,1
19870,1,1,39.75,1
19871,1,1,39.75,1
19872,1,1,39.75,1
19873,1,1,39.75,1
19874,1,1,39.75,1
19875,1,1,39.75,1
19876,1,1,39.75,1
19877,1,1,39.75,1
19878,1,1,39.75,1
19879,1,1,39.75,1
19880,1,1,39.75,1
19881,1,1,39.75,1
19882,1,1,39.75,1
19883,1,1,39.75,1
19884,1,1,39.75,1
19885,1,1,39.75,1
19886,1,1,39.75,1
19887,1,1,39.75,1
19888,1,1,39.75,1
19889,1,1,39.75,1
19890,1,1,39.75,1
19891,1,1,39.75,1
19892,1,1,39.75,1
19893,1,1,39.75,1
19894,1,1,39.75,1
19895,1,1,39.75,1
19896,1,1,39.75,1
19897,1,1,39.75,1
19898,1,1,39.75,1
19899,1,1,39.75,1
19900,1,1,39.75,1
19901,1,1,39.75,1
19902,1,1,39.75,1
19903,1,1,39.75,1
19904,1,1,39.75,1
19905,1,1,39.75,1
19906,1,1,39.75,1
19907,1,1,39.75,1
19908,1,1,39.75,1
19909,1,1,39.75,1
19910,1,1,39.75,1
19911,1,1,39.75,1
19912,1,1,39.75,1
19913,1,1,39.75,1
19914,1,1,39.75,1
19915,1,1,39.75,1
19916,1,1,39.75,1
19917,1,1,39.75,1
19918,1,1,39.75,1
19919,1,1,39.75,1
19920,1,1,39.75,1
19921,1,1,39.75,1
19922,1,1,39.75,1
19923,1,1,39.75,1
19924,1,1,39.75,1
19925,1,1,39.75,1
19926,1,1,39.75,1
19927,1,1,39.75,1
19928,1,1,39.75,1
19929,1,1,39.75,1
19930,1,1,39.75,1
19931,1,1,39.75,1
19932,1,1,39.75,1
19933,1,1,39.75,1
19934,1,1,39.75,1
19935,1,1,39.75,1
19936,1,1,39.75,1
19937,1,1,39.75,1
19938,1,1,39.75,1
19939,1,1,39.75,1
19940,1,1,39.75,1
19941,1,1,39.75,1
19942,1,1,39.75,1
19943,1,1,39.75,1
19944,1,1,39.75,1
19945,1,1,39.75,1
19946,1,1,39.75,1
19947,1,1,39.75,1
19948,1,1,39.75,1
19949,1,1,39.75,1
19950,1,1,39.75,1
19951,1,1,39.75,1
19952,1,1,39.75,1
19953,1,1,39.75,1
19954,1,1,39.75,1
19955,1,1,39.75,1
19956,1,1,39.75,1
19957,1,1,39.75,1
19958,1,1,39.75,1
19959,1,1,39.75,1
19960,1,1,39.75,1
19961,1,1,39.75,1
19962,1,1,39.75,1
19963,1,1,39.75,1
19964,1,1,39.75,1
19965,1,1,39.75,1
19966,1,1,39.75,1
19967,1,1,39.75,1
19968,1,1,39.75,1
19969,1,1,39.75,1
19970,1,1,39.75,1
19971,1,1,39.75,1
19972,1,1,39.75,1
19973,1,1,39.75,1
19974,1,1,39.75,1
19975,1,1,39.75,1
19976,1,1,39.75,1
19977,1,1,39.75,1
19978,1,1,39.75,1
19979,1,1,39.75,1
19980,1,1,39.75,1
19981,1,1,39.75,1
19982,1,1,39.75,1
19983,1,1,39.75,1
19984,1,1,39.75,1
19985,1,1,39.75,1
19986,1,1,39.75,1
19987,1,1,39.75,1
19988,1,1,39.75,1
19989,1,1,39.75,1
19990,1,1,39.75,1
19991,1,1,39.75,1
19992,1,1,39.75,1
19993,1,1,39.75,1
19994,1,1,39.75,1
19995,1,1,39.75,1
19996,1,1,39.75,1
19997,1,1,39.75,1
19998,1,1,39.75,1
19999,1,1,39.75,1
20000,1,1,39.75,1
20001,1,1,39.75,1
20002,1,1,39.75,1
20003,1,1,39.75,1
20004,1,1,39.75,1
20005,1,1,39.75,1
20006,1,1,39.75,1
20007,1,1,39.75,1
20008,1,1,39.75,1
20009,1,1,39.75,1
20010,1,1,39.75,1
20011,1,1,39.75,1
20012,1,1,39.75,1
20013,1,1,39.75,1
20014,1,1,39.75,1
20015,1,1,39.75,1
20016,1,1,39.75,1
20017,1,1,39.75,1
20018,1,1,39.75,1
20019,1,1,39.75,1
20020,1,1,39.75,1
20021,1,1,39.75,1
20022,1,1,39.75,1
20023,1,1,39.75,1
20024,1,1,39.75,1
20025,1,1,39.75,1
20026,1,1,39.75,1
20027,1,1,39.75,1
20028,1,1,39.75,1
20029,1,1,39.75,1
20030,1,1,39.75,1
20031,1,1,39.75,1
20032,1,1,39.75,1
20033,1,1,39.75,1
20034,1,1,39.75,1
20035,1,1,39.75,1
20036,1,1,39.75,1
20037,1,1,39.75,1
20038,1,1,39.75,1
20039,1,1,39.75,1
20040,1,1,39.75,1
20041,1,1,39.75,1
20042,1,1,39.75,1
20043,1,1,39.75,1
20044,1,1,39.75,1
20045,1,1,39.75,1
20046,1,1,39.75,1
20047,1,1,39.75,1
20048,1,1,39.75,1
20049,1,1,39.75,1
20050,1,1,39.75,1
20051,1,1,39.75,1
20052,1,1,39.75,1
20053,1,1,39.75,1
20054,1,1,39.75,1
20055,1,1,39.75,1
20056,1,1,39.75,1
20057,1,1,39.75,1
20058,1,1,39.75,1
20059,1,1,39.75,1
20060,1,1,39.75,1
20061,1,1,39.75,1
20062,1,1,39.75,1
20063,1,1,39.75,1
20064,1,1,39.75,1
20065,1,1,39.75,1
20066,1,1,39.75,1
20067,1,1,39.75,1
20068,1,1,39.75,1
20069,1,1,39.75,1
20070,1,1,39.75,1
20071,1,1,39.75,1
20072,1,1,39.75,1
20073,1,1,39.75,1
20074,1,1,39.75,1
20075,1,1,39.75,1
20076,1,1,39.75,1
20077,1,1,39.75,1
20078,1,1,39.75,1
20079,1,1,39.75,1
20080,1,1,39.75,1
20081,1,1,39.75,1
20082,1,1,39.75,1
20083,1,1,39.75,1
20084,1,1,39.75,1
20085,1,1,39.75,1
20086,1,1,39.75,1
20087,1,1,39.75,1
20088,1,1,39.75,1
20089,1,1,39.75,1
20090,1,1,39.75,1
20091,1,1,39.75,1
20092,1,1,39.75,1
20093,1,1,39.75,1
20094,1,1,39.75,1
20095,1,1,39.75,1
20096,1,1,39.75,1
20097,1,1,39.75,1
20098,1,1,39.75,1
20099,1,1,39.75,1
20100,1,1,39.75,1
20101,1,1,39.75,1
20102,1,1,39.75,1
20103,1,1,39.75,1
20104,1,1,39.75,1
20105,1,1,39.75,1
20106,1,1,39.75,1
20107,1,1,39.75,1
20108,1,1,39.75,1
20109,1,1,39.75,1
20110,1,1,39.75,1
20111,1,1,39.75,1
20112,1,1,39.75,1
20113,1,1,39.75,1
20114,1,1,39.75,1
20115,1,1,39.75,1
20116,1,1,39.75,1
20117,1,1,39.75,1
20118,1,1,39.75,1
20119,1,1,39.75,1
20120,1,1,39.75,1
20121,1,1,39.75,1
20122,1,1,39.75,1
20123,1,1,39.75,1
20124,1,1,39.75,1
20125,1,1,39.75,1
20126,1,1,39.75,1
20127,1,1,39.75,1
20128,1,1,39.75,1
20129,1,1,39.75,1
20130,1,1,39.75,1
20131,1,1,39.75,1
20132,1,1,39.75,1
20133,1,1,39.75,1
20134,1,1,39.75,1
20135,1,1,39.75,1
20136,1,1,39.75,1
20137,1,1,39.75,1
20138,1,1,39.75,1
20139,1,1,39.75,1
20140,1,1,39.75,1
20141,1,1,39.75,1
20142,1,1,39.75,1
20143,1,1,39.75,1
20144,1,1,39.75,1
20145,1,1,39.75,1
20146,1,1,39.75,1
20147,1,1,39.75,1
20148,1,1,39.75,1
20149,1,1,39.75,1
20150,1,1,39.75,1
20151,1,1,39.75,1
20152,1,1,39.75,1
20153,1,1,39.75,1
20154,1,1,39.75,1
20155,1,1,39.75,1
20156,1,1,39.75,1
20157,1,1,39.75,1
20158,1,1,39.75,1
20159,1,1,39.75,1
20160,1,1,39.75,1
20161,1,1,39.75,1
20162,1,1,39.75,1
20163,1,1,39.75,1
20164,1,1,39.75,1
20165,1,1,39.75,1
20166,1,1,39.75,1
20167,1,1,39.75,1
20168,1,1,39.75,1
20169,1,1,39.75,1
20170,1,1,39.75,1
20171,1,1,39.75,1
20172,1,1,39.75,1
20173,1,1,39.75,1
20174,1,1,39.75,1
20175,1,1,39.75,1
20176,1,1,39.75,1
20177,1,1,39.75,1
20178,1,1,39.75,1
20179,1,1,39.75,1
20180,1,1,39.75,1
20181,1,1,39.75,1
20182,1,1,39.75,1
20183,1,1,39.75,1
20184,1,1,39.75,1
20185,1,1,39.75,1
20186,1,1,39.75,1
20187,1,1,39.75,1
20188,1,1,39.75,1
20189,1,1,39.75,1
20190,1,1,39.75,1
20191,1,1,39.75,1
20192,1,1,39.75,1
20193,1,1,39.75,1
20194,1,1,39.75,1
20195,1,1,39.75,1
20196,1,1,39.75,1
20197,1,1,39.75,1
20198,1,1,39.75,1
20199,1,1,39.75,1
20200,1,1,39.75,1
20201,1,1,39.75,1
20202,1,1,39.75,1
20203,1,1,39.75,1
20204,1,1,39.75,1
20205,1,1,39.75,1
20206,1,1,39.75,1
20207,1,1,39.75,1
20208,1,1,39.75,1
20209,1,1,39.75,1
20210,1,1,39.75,1
20211,1,1,39.75,1
20212,1,1,39.75,1
20213,1,1,39.75,1
20214,1,1,39.75,1
20215,1,1,39.75,1
20216,1,1,39.75,1
20217,1,1,39.75,1
20218,1,1,39.75,1
20219,1,1,39.75,1
20220,1,1,39.75,1
20221,1,1,39.75,1
20222,1,1,39.75,1
20223,1,1,39.75,1
20224,1,1,39.75,1
20225,1,1,39.75,1
20226,1,1,39.75,1
20227,1,1,39.75,1
20228,1,1,39.75,1
20229,1,1,39.75,1
20230,1,1,39.75,1
20231,1,1,39.75,1
20232,1,1,39.75,1
20233,1,1,39.75,1
20234,1,1,39.75,1
20235,1,1,39.75,1
20236,1,1,39.75,1
20237,1,1,39.75,1
20238,1,1,39.75,1
20239,1,1,39.75,1
20240,1,1,39.75,1
20241,1,1,39.75,1
20242,1,1,39.75,1
20243,1,1,39.75,1
20244,1,1,39.75,1
20245,1,1,39.75,1
20246,1,1,39.75,1
20247,1,1,39.75,1
20248,1,1,39.75,1
20249,1,1,39.75,1
20250,1,1,39.75,1
20251,1,1,39.75,1
20252,1,1,39.75,1
20253,1,1,39.75,1
20254,1,1,39.75,1
20255,1,1,39.75,1
20256,1,1,39.75,1
20257,1,1,39.75,1
20258,1,1,39.75,1
20259,1,1,39.75,1
20260,1,1,39.75,1
20261,1,1,39.75,1
20262,1,1,39.75,1
20263,1,1,39.75,1
20264,1,1,39.75,1
20265,1,1,39.75,1
20266,1,1,39.75,1
20267,1,1,39.75,1
20268,1,1,39.75,1
20269,1,1,39.75,1
20270,1,1,39.75,1
20271,1,1,39.75,1
20272,1,1,39.75,1
20273,1,1,39.75,1
20274,1,1,39.75,1
20275,1,1,39.75,1
20276,1,1,39.75,1
20277,1,1,39.75,1
20278,1,1,39.75,1
20279,1,1,39.75,1
20280,1,1,39.75,1
20281,1,1,39.75,1
20282,1,1,39.75,1
20283,1,1,39.75,1
20284,1,1,39.75,1
20285,1,1,39.75,1
20286,1,1,39.75,1
20287,1,1,39.75,1
20288,1,1,39.75,1
20289,1,1,39.75,1
20290,1,1,39.75,1
20291,1,1,39.75,1
20292,1,1,39.75,1
20293,1,1,39.75,1
20294,1,1,39.75,1
20295,1,1,39.75,1
20296,1,1,39.75,1
20297,1,1,39.75,1
20298,1,1,39.75,1
20299,1,1,39.75,1
20300,1,1,39.75,1
20301,1,1,39.75,1
20302,1,1,39.75,1
20303,1,1,39.75,1
20304,1,1,39.75,1
20305,1,1,39.75,1
20306,1,1,39.75,1
20307,1,1,39.75,1
20308,1,1,39.75,1
20309,1,1,39.75,1
20310,1,1,39.75,1
20311,1,1,39.75,1
20312,1,1,39.75,1
20313,1,1,39.75,1
20314,1,1,39.75,1
20315,1,1,39.75,1
20316,1,1,39.75,1
20317,1,1,39.75,1
20318,1,1,39.75,1
20319,1,1,39.75,1
20320,1,1,39.75,1
20321,1,1,39.75,1
20322,1,1,39.75,1
20323,1,1,39.75,1
20324,1,1,39.75,1
20325,1,1,39.75,1
20326,1,1,39.75,1
20327,1,1,39.75,1
20328,1,1,39.75,1
20329,1,1,39.75,1
20330,1,1,39.75,1
20331,1,1,39.75,1
20332,1,1,39.75,1
20333,1,1,39.75,1
20334,1,1,39.75,1
20335,1,1,39.75,1
20336,1,1,39.75,1
20337,1,1,39.75,1
20338,1,1,39.75,1
20339,1,1,39.75,1
20340,1,1,39.75,1
20341,1,1,39.75,1
20342,1,1,39.75,1
20343,1,1,39.75,1
20344,1,1,39.75,1
20345,1,1,39.75,1
20346,1,1,39.75,1
20347,1,1,39.75,1
20348,1,1,39.75,1
20349,1,1,39.75,1
20350,1,1,39.75,1
20351,1,1,39.75,1
20352,1,1,39.75,1
20353,1,1,39.75,1
20354,1,1,39.75,1
20355,1,1,39.75,1
20356,1,1,39.75,1
20357,1,1,39.75,1
20358,1,1,39.75,1
20359,1,1,39.75,1
20360,1,1,39.75,1
20361,1,1,39.75,1
20362,1,1,39.75,1
20363,1,1,39.75,1
20364,1,1,39.75,1
20365,1,1,39.75,1
20366,1,1,39.75,1
20367,1,1,39.75,1
20368,1,1,39.75,1
20369,1,1,39.75,1
20370,1,1,39.75,1
20371,1,1,39.75,1
20372,1,1,39.75,1
20373,1,1,39.75,1
20374,1,1,39.75,1
20375,1,1,39.75,1
20376,1,1,39.75,1
20377,1,1,215.8200073,1
20378,1,1,215.8200073,1
20379,1,1,215.8200073,1
20380,1,1,215.8200073,1
20381,1,1,215.8200073,1
20382,1,1,215.8200073,1
20383,1,1,215.8200073,1
20384,1,1,215.8200073,1
20385,1,1,215.8200073,1
20386,1,1,215.8200073,1
20387,1,1,215.8200073,1
20388,1,1,215.8200073,1
20389,1,1,215.8200073,1
20390,1,1,215.8200073,1
20391,1,1,215.8200073,1
20392,1,1,215.8200073,1
20393,1,1,215.8200073,1
20394,1,1,215.8200073,1
20395,1,1,215.8200073,1
20396,1,1,215.8200073,1
20397,1,1,215.8200073,1
20398,1,1,215.8200073,1
20399,1,1,215.8200073,1
20400,1,1,215.8200073,1
20401,1,1,215.8200073,1
20402,1,1,215.8200073,1
20403,1,1,215.8200073,1
20404,1,1,215.8200073,1
20405,1,1,215.8200073,1
20406,1,1,215.8200073,1
20407,1,1,215.8200073,1
20408,1,1,215.8200073,1
20409,1,1,215.8200073,1
20410,1,1,215.8200073,1
20411,1,1,215.8200073,1
20412,1,1,215.8200073,1
20413,1,1,215.8200073,1
20414,1,1,215.8200073,1
20415,1,1,215.8200073,1
20416,1,1,215.8200073,1
20417,1,1,215.8200073,1
20418,1,1,215.8200073,1
20419,1,1,215.8200073,1
20420,1,1,215.8200073,1
20421,1,1,215.8200073,1
20422,1,1,215.8200073,1
20423,1,1,215.8200073,1
20424,1,1,215.8200073,1
20425,1,1,215.8200073,1
20426,1,1,215.8200073,1
20427,1,1,215.8200073,1
20428,1,1,215.8200073,1
20429,1,1,215.8200073,1
20430,1,1,215.8200073,1
20431,1,1,215.8200073,1
20432,1,1,215.8200073,1
20433,1,1,215.8200073,1
20434,1,1,215.8200073,1
20435,1,1,215.8200073,1
20436,1,1,215.8200073,1
20437,1,1,215.8200073,1
20438,1,1,215.8200073,1
20439,1,1,215.8200073,1
20440,1,1,215.8200073,1
20441,1,1,215.8200073,1
20442,1,1,215.8200073,1
20443,1,1,215.8200073,1
20444,1,1,215.8200073,1
20445,1,1,215.8200073,1
20446,1,1,215.8200073,1
20447,1,1,215.8200073,1
20448,1,1,215.8200073,1
20449,1,1,215.8200073,1
20450,1,1,215.8200073,1
20451,1,1,215.8200073,1
20452,1,1,215.8200073,1
20453,1,1,215.8200073,1
20454,1,1,215.8200073,1
20455,1,1,215.8200073,1
20456,1,1,215.8200073,1
20457,1,1,215.8200073,1
20458,1,1,215.8200073,1
20459,1,1,215.8200073,1
20460,1,1,215.8200073,1
20461,1,1,215.8200073,1
20462,1,1,215.8200073,1
20463,1,1,215.8200073,1
20464,1,1,215.8200073,1
20465,1,1,215.8200073,1
20466,1,1,215.8200073,1
20467,1,1,215.8200073,1
20468,1,1,215.8200073,1
20469,1,1,215.8200073,1
20470,1,1,215.8200073,1
20471,1,1,215.8200073,1
20472,1,1,215.8200073,1
20473,1,1,215.8200073,1
20474,1,1,215.8200073,1
20475,1,1,215.8200073,1
20476,1,1,215.8200073,1
20477,1,1,215.8200073,1
20478,1,1,215.8200073,1
20479,1,1,215.8200073,1
20480,1,1,215.8200073,1
20481,1,1,215.8200073,1
20482,1,1,215.8200073,1
20483,1,1,215.8200073,1
20484,1,1,215.8200073,1
20485,1,1,215.8200073,1
20486,1,1,215.8200073,1
20487,1,1,215.8200073,1
20488,1,1,215.8200073,1
20489,1,1,215.8200073,1
20490,1,1,215.8200073,1
20491,1,1,215.8200073,1
20492,1,1,215.8200073,1
20493,1,1,215.8200073,1
20494,1,1,215.8200073,1
20495,1,1,215.8200073,1
20496,1,1,215.8200073,1
20497,1,1,215.8200073,1
20498,1,1,215.8200073,1
20499,1,1,215.8200073,1
20500,1,1,215.8200073,1
20501,1,1,215.8200073,1
20502,1,1,215.8200073,1
20503,1,1,215.8200073,1
20504,1,1,215.8200073,1
20505,1,1,215.8200073,1
20506,1,1,215.8200073,1
20507,1,1,215.8200073,1
20508,1,1,215.8200073,1
20509,1,1,215.8200073,1
20510,1,1,215.8200073,1
20511,1,1,215.8200073,1
20512,1,1,215.8200073,1
20513,1,1,215.8200073,1
20514,1,1,215.8200073,1
20515,1,1,215.8200073,1
20516,1,1,215.8200073,1
20517,1,1,215.8200073,1
20518,1,1,215.8200073,1
20519,1,1,215.8200073,1
20520,1,1,215.8200073,1
20521,1,1,215.8200073,1
20522,1,1,215.8200073,1
20523,1,1,215.8200073,1
20524,1,1,215.8200073,1
20525,1,1,215.8200073,1
20526,1,1,215.8200073,1
20527,1,1,215.8200073,1
20528,1,1,215.8200073,1
20529,1,1,215.8200073,1
20530,1,1,215.8200073,1
20531,1,1,215.8200073,1
20532,1,1,215.8200073,1
20533,1,1,215.8200073,1
20534,1,1,215.8200073,1
20535,1,1,215.8200073,1
20536,1,1,215.8200073,1
20537,1,1,215.8200073,1
20538,1,1,215.8200073,1
20539,1,1,215.8200073,1
20540,1,1,215.8200073,1
20541,1,1,215.8200073,1
20542,1,1,215.8200073,1
20543,1,1,215.8200073,1
20544,1,1,215.8200073,1
20545,1,1,215.8200073,1
20546,1,1,215.8200073,1
20547,1,1,215.8200073,1
20548,1,1,215.8200073,1
20549,1,1,215.8200073,1
20550,1,1,215.8200073,1
20551,1,1,215.8200073,1
20552,1,1,215.8200073,1
20553,1,1,215.8200073,1
20554,1,1,215.8200073,1
20555,1,1,215.8200073,1
20556,1,1,215.8200073,1
20557,1,1,215.8200073,1
20558,1,1,215.8200073,1
20559,1,1,215.8200073,1
20560,1,1,215.8200073,1
20561,1,1,215.8200073,1
20562,1,1,215.8200073,1
20563,1,1,215.8200073,1
20564,1,1,215.8200073,1
20565,1,1,215.8200073,1
20566,1,1,215.8200073,1
20567,1,1,215.8200073,1
20568,1,1,215.8200073,1
20569,1,1,215.8200073,1
20570,1,1,215.8200073,1
20571,1,1,215.8200073,1
20572,1,1,215.8200073,1
20573,1,1,215.8200073,1
20574,1,1,215.8200073,1
20575,1,1,215.8200073,1
20576,1,1,215.8200073,1
20577,1,1,215.8200073,1
20578,1,1,215.8200073,1
20579,1,1,215.8200073,1
20580,1,1,215.8200073,1
20581,1,1,215.8200073,1
20582,1,1,215.8200073,1
20583,1,1,215.8200073,1
20584,1,1,215.8200073,1
20585,1,1,215.8200073,1
20586,1,1,215.8200073,1
20587,1,1,215.8200073,1
20588,1,1,215.8200073,1
20589,1,1,215.8200073,1
20590,1,1,215.8200073,1
20591,1,1,215.8200073,1
20592,1,1,215.8200073,1
20593,1,1,215.8200073,1
20594,1,1,215.8200073,1
20595,1,1,215.8200073,1
20596,1,1,215.8200073,1
20597,1,1,215.8200073,1
20598,1,1,215.8200073,1
20599,1,1,215.8200073,1
20600,1,1,215.8200073,1
20601,1,1,215.8200073,1
20602,1,1,215.8200073,1
20603,1,1,215.8200073,1
20604,1,1,215.8200073,1
20605,1,1,215.8200073,1
20606,1,1,215.8200073,1
20607,1,1,215.8200073,1
20608,1,1,215.8200073,1
20609,1,1,215.8200073,1
20610,1,1,215.8200073,1
20611,1,1,215.8200073,1
20612,1,1,215.8200073,1
20613,1,1,215.8200073,1
20614,1,1,215.8200073,1
20615,1,1,215.8200073,1
20616,1,1,215.8200073,1
20617,1,1,215.8200073,1
20618,1,1,215.8200073,1
20619,1,1,215.8200073,1
20620,1,1,215.8200073,1
20621,1,1,215.8200073,1
20622,1,1,215.8200073,1
20623,1,1,215.8200073,1
20624,1,1,215.8200073,1
20625,1,1,215.8200073,1
20626,1,1,215.8200073,1
20627,1,1,215.8200073,1
20628,1,1,215.8200073,1
20629,1,1,215.8200073,1
20630,1,1,215.8200073,1
20631,1,1,215.8200073,1
20632,1,1,215.8200073,1
20633,1,1,215.8200073,1
20634,1,1,215.8200073,1
20635,1,1,215.8200073,1
20636,1,1,215.8200073,1
20637,1,1,215.8200073,1
20638,1,1,215.8200073,1
20639,1,1,215.8200073,1
20640,1,1,215.8200073,1
20641,1,1,215.8200073,1
20642,1,1,215.8200073,1
20643,1,1,215.8200073,1
20644,1,1,215.8200073,1
20645,1,1,215.8200073,1
20646,1,1,215.8200073,1
20647,1,1,215.8200073,1
20648,1,1,215.8200073,1
20649,1,1,215.8200073,1
20650,1,1,215.8200073,1
20651,1,1,215.8200073,1
20652,1,1,215.8200073,1
20653,1,1,215.8200073,1
20654,1,1,215.8200073,1
20655,1,1,215.8200073,1
20656,1,1,215.8200073,1
20657,1,1,215.8200073,1
20658,1,1,215.8200073,1
20659,1,1,215.8200073,1
20660,1,1,215.8200073,1
20661,1,1,215.8200073,1
20662,1,1,215.8200073,1
20663,1,1,215.8200073,1
20664,1,1,215.8200073,1
20665,1,1,215.8200073,1
20666,1,1,215.8200073,1
20667,1,1,215.8200073,1
20668,1,1,215.8200073,1
20669,1,1,215.8200073,1
20670,1,1,215.8200073,1
20671,1,1,215.8200073,1
20672,1,1,215.8200073,1
20673,1,1,215.8200073,1
20674,1,1,215.8200073,1
20675,1,1,215.8200073,1
20676,1,1,215.8200073,1
20677,1,1,215.8200073,1
20678,1,1,215.8200073,1
20679,1,1,215.8200073,1
20680,1,1,215.8200073,1
20681,1,1,215.8200073,1
20682,1,1,215.8200073,1
20683,1,1,215.8200073,1
20684,1,1,215.8200073,1
20685,1,1,215.8200073,1
20686,1,1,215.8200073,1
20687,1,1,215.8200073,1
20688,1,1,215.8200073,1
20689,1,1,215.8200073,1
20690,1,1,215.8200073,1
20691,1,1,215.8200073,1
20692,1,1,215.8200073,1
20693,1,1,215.8200073,1
20694,1,1,215.8200073,1
20695,1,1,215.8200073,1
20696,1,1,215.8200073,1
20697,1,1,215.8200073,1
20698,1,1,215.8200073,1
20699,1,1,215.8200073,1
20700,1,1,215.8200073,1
20701,1,1,215.8200073,1
20702,1,1,215.8200073,1
20703,1,1,215.8200073,1
20704,1,1,215.8200073,1
20705,1,1,215.8200073,1
20706,1,1,215.8200073,1
20707,1,1,215.8200073,1
20708,1,1,215.8200073,1
20709,1,1,215.8200073,1
20710,1,1,215.8200073,1
20711,1,1,215.8200073,1
20712,1,1,215.8200073,1
20713,1,1,215.8200073,1
20714,1,1,215.8200073,1
20715,1,1,215.8200073,1
20716,1,1,215.8200073,1
20717,1,1,215.8200073,1
20718,1,1,215.8200073,1
20719,1,1,215.8200073,1
20720,1,1,215.8200073,1
20721,1,1,215.8200073,1
20722,1,1,215.8200073,1
20723,1,1,215.8200073,1
20724,1,1,215.8200073,1
20725,1,1,215.8200073,1
20726,1,1,215.8200073,1
20727,1,1,215.8200073,1
20728,1,1,215.8200073,1
20729,1,1,215.8200073,1
20730,1,1,215.8200073,1
20731,1,1,215.8200073,1
20732,1,1,215.8200073,1
20733,1,1,215.8200073,1
20734,1,1,215.8200073,1
20735,1,1,215.8200073,1
20736,1,1,215.8200073,1
20737,1,1,215.8200073,1
20738,1,1,215.8200073,1
20739,1,1,215.8200073,1
20740,1,1,215.8200073,1
20741,1,1,215.8200073,1
20742,1,1,215.8200073,1
20743,1,1,215.8200073,1
20744,1,1,215.8200073,1
20745,1,1,215.8200073,1
20746,1,1,215.8200073,1
20747,1,1,215.8200073,1
20748,1,1,215.8200073,1
20749,1,1,215.8200073,1
20750,1,1,215.8200073,1
20751,1,1,215.8200073,1
20752,1,1,215.8200073,1
20753,1,1,215.8200073,1
20754,1,1,215.8200073,1
20755,1,1,327.75,1
20756,1,1,11.53999996,1
20757,1,1,39.75,1
